timestart,valor
2006-01-01T04:00:00,0.7
2006-01-02T04:00:00,0.75
2006-01-03T04:00:00,0.8
2006-01-04T04:00:00,1.1
2006-01-05T04:00:00,0.5
2006-01-06T04:00:00,1.05
2006-01-07T04:00:00,1.3
2006-01-08T04:00:00,1.5
2006-01-09T04:00:00,1.75
2006-01-10T04:00:00,1.6
2006-01-11T04:00:00,2.2
2006-01-12T04:00:00,0.6
2006-01-13T04:00:00,1.2
2006-01-14T04:00:00,0.95
2006-01-15T04:00:00,0.55
2006-01-16T04:00:00,0.95
2006-01-17T04:00:00,2.3
2006-01-18T04:00:00,1.3
2006-01-19T04:00:00,1.2
2006-01-20T04:00:00,0.65
2006-01-21T04:00:00,1.4
2006-01-22T04:00:00,2
2006-01-23T04:00:00,1.35
2006-01-24T04:00:00,1.1
2006-01-25T04:00:00,1.35
2006-01-26T04:00:00,2.05
2006-01-27T04:00:00,1.1
2006-01-28T04:00:00,1.2
2006-01-29T04:00:00,1.15
2006-01-30T04:00:00,1.45
2006-01-31T04:00:00,1.35
2006-02-01T04:00:00,0.7
2006-02-02T04:00:00,1.4
2006-02-03T04:00:00,0.9
2006-02-04T04:00:00,1.5
2006-02-05T04:00:00,1
2006-02-06T04:00:00,1.75
2006-02-07T04:00:00,2.7
2006-02-08T04:00:00,1.3
2006-02-09T04:00:00,1.2
2006-02-10T04:00:00,1.1
2006-02-11T04:00:00,0.85
2006-02-12T04:00:00,1.05
2006-02-13T04:00:00,0.55
2006-02-14T04:00:00,0.95
2006-02-15T04:00:00,1.05
2006-02-16T04:00:00,1.2
2006-02-17T04:00:00,1
2006-02-18T04:00:00,1.7
2006-02-19T04:00:00,1
2006-02-20T04:00:00,1.25
2006-02-21T04:00:00,1.25
2006-02-22T04:00:00,1.45
2006-02-23T04:00:00,1.5
2006-02-24T04:00:00,1.7
2006-02-25T04:00:00,2.1
2006-02-26T04:00:00,0.9
2006-02-27T04:00:00,0.75
2006-02-28T04:00:00,1
2006-03-01T04:00:00,0.75
2006-03-02T04:00:00,0.9
2006-03-03T04:00:00,1.3
2006-03-04T04:00:00,1.6
2006-03-05T04:00:00,1.3
2006-03-06T04:00:00,1.15
2006-03-07T04:00:00,1.25
2006-03-08T04:00:00,1
2006-03-09T04:00:00,1.1
2006-03-10T04:00:00,2.4
2006-03-11T04:00:00,1.1
2006-03-12T04:00:00,0.8
2006-03-13T04:00:00,1
2006-03-14T04:00:00,0.6
2006-03-15T04:00:00,1.5
2006-03-16T04:00:00,1.1
2006-03-17T04:00:00,1.05
2006-03-18T04:00:00,0.8
2006-03-19T04:00:00,1
2006-03-20T04:00:00,0.9
2006-03-21T04:00:00,2.3
2006-03-22T04:00:00,0.9
2006-03-23T04:00:00,1.15
2006-03-24T04:00:00,0.9
2006-03-25T04:00:00,2.2
2006-03-26T04:00:00,1.7
2006-03-27T04:00:00,0.55
2006-03-28T04:00:00,0.9
2006-03-29T04:00:00,1.2
2006-03-30T04:00:00,0.8
2006-03-31T04:00:00,0.9
2006-04-01T04:00:00,1.05
2006-04-02T04:00:00,1.15
2006-04-03T04:00:00,1.1
2006-04-04T04:00:00,0.09
2006-04-05T04:00:00,0.9
2006-04-06T04:00:00,1
2006-04-07T04:00:00,1.05
2006-04-08T04:00:00,0.95
2006-04-09T04:00:00,1.45
2006-04-10T04:00:00,1
2006-04-11T04:00:00,1.1
2006-04-12T04:00:00,1.35
2006-04-13T04:00:00,1
2006-04-14T04:00:00,1.05
2006-04-15T04:00:00,2
2006-04-16T04:00:00,0.95
2006-04-17T04:00:00,1.15
2006-04-18T04:00:00,0.8
2006-04-19T04:00:00,0.55
2006-04-20T04:00:00,0.45
2006-04-21T04:00:00,0.9
2006-04-22T04:00:00,1.26
2006-04-23T04:00:00,0.7
2006-04-24T04:00:00,1.3
2006-04-25T04:00:00,1.1
2006-04-26T04:00:00,1.7
2006-04-27T04:00:00,0.7
2006-04-28T04:00:00,1.95
2006-04-29T04:00:00,0.5
2006-04-30T04:00:00,1.5
2006-05-01T04:00:00,2.2
2006-05-02T04:00:00,1.5
2006-05-03T04:00:00,1.15
2006-05-04T04:00:00,0.8
2006-05-05T04:00:00,0.9
2006-05-06T04:00:00,0.9
2006-05-07T04:00:00,1.05
2006-05-08T04:00:00,0.95
2006-05-09T04:00:00,0.9
2006-05-10T04:00:00,0.7
2006-05-11T04:00:00,0.95
2006-05-12T04:00:00,1.25
2006-05-13T04:00:00,0.8
2006-05-14T04:00:00,0.6
2006-05-15T04:00:00,0.8
2006-05-16T04:00:00,0.5
2006-05-17T04:00:00,0.5
2006-05-18T04:00:00,0.8
2006-05-19T04:00:00,1.3
2006-05-20T04:00:00,0.95
2006-05-21T04:00:00,0.95
2006-05-22T04:00:00,1.35
2006-05-23T04:00:00,1.25
2006-05-24T04:00:00,0.8
2006-05-25T04:00:00,0.45
2006-05-26T04:00:00,0.3
2006-05-27T04:00:00,0.5
2006-05-28T04:00:00,1.45
2006-05-29T04:00:00,1.4
2006-05-30T04:00:00,0.75
2006-05-31T04:00:00,0.85
2006-06-01T04:00:00,0.8
2006-06-02T04:00:00,0.6
2006-06-03T04:00:00,0.55
2006-06-04T04:00:00,0.65
2006-06-05T04:00:00,0.85
2006-06-06T04:00:00,1.75
2006-06-07T04:00:00,1.25
2006-06-08T04:00:00,0.75
2006-06-09T04:00:00,1
2006-06-10T04:00:00,1.9
2006-06-11T04:00:00,1.55
2006-06-12T04:00:00,0.95
2006-06-13T04:00:00,0.1
2006-06-14T04:00:00,0.9
2006-06-15T04:00:00,0.7
2006-06-16T04:00:00,1.2
2006-06-17T04:00:00,0.85
2006-06-18T04:00:00,0.5
2006-06-19T04:00:00,0.6
2006-06-20T04:00:00,0.9
2006-06-21T04:00:00,1.3
2006-06-22T04:00:00,1.25
2006-06-23T04:00:00,1.55
2006-06-24T04:00:00,1.25
2006-06-25T04:00:00,1.4
2006-06-26T04:00:00,1.4
2006-06-27T04:00:00,1.5
2006-06-28T04:00:00,0.65
2006-06-29T04:00:00,0.4
2006-07-01T04:00:00,0.25
2006-07-02T04:00:00,0.7
2006-07-03T04:00:00,0.4
2006-07-04T04:00:00,1
2006-07-05T04:00:00,0.75
2006-07-06T04:00:00,1
2006-07-07T04:00:00,1.15
2006-07-08T04:00:00,1
2006-07-09T04:00:00,1.65
2006-07-10T04:00:00,1.1
2006-07-11T04:00:00,1.3
2006-07-12T04:00:00,0.3
2006-07-13T04:00:00,1.4
2006-07-14T04:00:00,0.8
2006-07-15T04:00:00,1
2006-07-16T04:00:00,0.7
2006-07-17T04:00:00,0.2
2006-07-18T04:00:00,0.9
2006-07-19T04:00:00,0.5
2006-07-20T04:00:00,1.4
2006-07-21T04:00:00,1.15
2006-07-22T04:00:00,1.6
2006-07-23T04:00:00,1.35
2006-07-24T04:00:00,1.55
2006-07-25T04:00:00,1.05
2006-07-26T04:00:00,0.7
2006-07-27T04:00:00,1.25
2006-07-28T04:00:00,0.1
2006-07-29T04:00:00,0.7
2006-07-30T04:00:00,1.1
2006-07-31T04:00:00,1
2006-08-01T04:00:00,0.8
2006-08-02T04:00:00,0.8
2006-08-03T04:00:00,0.85
2006-08-04T04:00:00,0.95
2006-08-05T04:00:00,0.7
2006-08-06T04:00:00,1
2006-08-07T04:00:00,1.3
2006-08-08T04:00:00,0.95
2006-08-09T04:00:00,1.5
2006-08-10T04:00:00,1.1
2006-08-11T04:00:00,0.9
2006-08-12T04:00:00,0.2
2006-08-13T04:00:00,0.55
2006-08-14T04:00:00,1.2
2006-08-15T04:00:00,0.7
2006-08-16T04:00:00,1.2
2006-08-17T04:00:00,1.2
2006-08-18T04:00:00,1.1
2006-08-19T04:00:00,0.95
2006-08-20T04:00:00,1.35
2006-08-21T04:00:00,1.95
2006-08-22T04:00:00,0.5
2006-08-23T04:00:00,1.05
2006-08-24T04:00:00,1.3
2006-08-25T04:00:00,0.4
2006-08-26T04:00:00,0.7
2006-08-27T04:00:00,1.4
2006-08-28T04:00:00,0.7
2006-08-29T04:00:00,1
2006-08-30T04:00:00,0.7
2006-08-31T04:00:00,0.4
2006-09-01T04:00:00,0.95
2006-09-02T04:00:00,1.8
2006-09-03T04:00:00,1.9
2006-09-04T04:00:00,2
2006-09-05T04:00:00,1.5
2006-09-06T04:00:00,1.4
2006-09-07T04:00:00,0.8
2006-09-08T04:00:00,0.55
2006-09-09T04:00:00,0.6
2006-09-10T04:00:00,0.3
2006-09-11T04:00:00,0.1
2006-09-12T04:00:00,0.6
2006-09-13T04:00:00,1.35
2006-09-14T04:00:00,0.95
2006-09-15T04:00:00,1.2
2006-09-16T04:00:00,1.7
2006-09-17T04:00:00,1.45
2006-09-18T04:00:00,1.15
2006-09-19T04:00:00,1.1
2006-09-20T04:00:00,1.25
2006-09-21T04:00:00,1.45
2006-09-22T04:00:00,0.7
2006-09-23T04:00:00,0.9
2006-09-24T04:00:00,1.8
2006-09-25T04:00:00,0.45
2006-09-26T04:00:00,0.35
2006-09-27T04:00:00,0
2006-09-28T04:00:00,0.8
2006-09-29T04:00:00,1.1
2006-09-30T04:00:00,0.5
2006-10-01T04:00:00,1
2006-10-02T04:00:00,1
2006-10-03T04:00:00,1.35
2006-10-04T04:00:00,2.15
2006-10-05T04:00:00,0.8
2006-10-06T04:00:00,1.5
2006-10-07T04:00:00,0.75
2006-10-08T04:00:00,0.75
2006-10-09T04:00:00,0.3
2006-10-10T04:00:00,0.45
2006-10-11T04:00:00,0.85
2006-10-12T04:00:00,1.1
2006-10-13T04:00:00,0.9
2006-10-14T04:00:00,1.1
2006-10-15T04:00:00,0.95
2006-10-16T04:00:00,1.65
2006-10-17T04:00:00,1.3
2006-10-18T04:00:00,2
2006-10-19T04:00:00,1.55
2006-10-20T04:00:00,0.9
2006-10-21T04:00:00,0.2
2006-10-22T04:00:00,1.25
2006-10-23T04:00:00,0.15
2006-10-24T04:00:00,0.6
2006-10-25T04:00:00,0.65
2006-10-26T04:00:00,2.4
2006-10-27T04:00:00,1.2
2006-10-28T04:00:00,0.75
2006-10-29T04:00:00,1.45
2006-10-30T04:00:00,1.5
2006-10-31T04:00:00,1.3
2006-11-01T04:00:00,1.65
2006-11-02T04:00:00,1.4
2006-11-03T04:00:00,1.5
2006-11-04T04:00:00,2.1
2006-11-05T04:00:00,1.3
2006-11-06T04:00:00,0.6
2006-11-07T04:00:00,1.7
2006-11-08T04:00:00,1.1
2006-11-09T04:00:00,0.75
2006-11-10T04:00:00,0.9
2006-11-11T04:00:00,1.5
2006-11-12T04:00:00,1
2006-11-13T04:00:00,0.8
2006-11-14T04:00:00,1.2
2006-11-15T04:00:00,1.15
2006-11-16T04:00:00,1.35
2006-11-17T04:00:00,2.2
2006-11-18T04:00:00,1.9
2006-11-19T04:00:00,1.4
2006-11-20T04:00:00,0.7
2006-11-21T04:00:00,1
2006-11-22T04:00:00,0.85
2006-11-23T04:00:00,0.75
2006-11-24T04:00:00,0.7
2006-11-25T04:00:00,1.2
2006-11-26T04:00:00,1.7
2006-11-27T04:00:00,1.9
2006-11-28T04:00:00,1.2
2006-11-29T04:00:00,1.2
2006-11-30T04:00:00,1.3
2006-12-01T04:00:00,1.3
2006-12-02T04:00:00,1.2
2006-12-03T04:00:00,1.45
2006-12-04T04:00:00,1.7
2006-12-05T04:00:00,1.15
2006-12-06T04:00:00,0.9
2006-12-07T04:00:00,0.6
2006-12-08T04:00:00,1
2006-12-09T04:00:00,0.5
2006-12-10T04:00:00,1.2
2006-12-11T04:00:00,1.05
2006-12-12T04:00:00,1.4
2006-12-13T04:00:00,1.45
2006-12-14T04:00:00,1.3
2006-12-15T04:00:00,1.7
2006-12-16T04:00:00,1.65
2006-12-17T04:00:00,0.3
2006-12-18T04:00:00,1.1
2006-12-19T04:00:00,1.25
2006-12-20T04:00:00,0.8
2006-12-21T04:00:00,1.7
2006-12-22T04:00:00,0.3
2006-12-23T04:00:00,0.7
2006-12-24T04:00:00,0.85
2006-12-25T04:00:00,1.1
2006-12-26T04:00:00,1.46
2006-12-27T04:00:00,1.05
2006-12-28T04:00:00,1.8
2006-12-29T04:00:00,1.6
2006-12-30T04:00:00,1.4
2006-12-31T04:00:00,1.4
2007-01-01T04:00:00,1
2007-01-02T04:00:00,1.4
2007-01-03T04:00:00,1.5
2007-01-04T04:00:00,0.9
2007-01-05T04:00:00,1
2007-01-06T04:00:00,1.7
2007-01-07T04:00:00,1.25
2007-01-08T04:00:00,1.35
2007-01-09T04:00:00,1.1
2007-01-10T04:00:00,0.25
2007-01-11T04:00:00,1.6
2007-01-12T04:00:00,1.4
2007-01-13T04:00:00,1.3
2007-01-14T04:00:00,2.9
2007-01-15T04:00:00,1.15
2007-01-16T04:00:00,2.1
2007-01-17T04:00:00,0.07
2007-01-18T04:00:00,1
2007-01-19T04:00:00,2.2
2007-01-20T04:00:00,1.55
2007-01-21T04:00:00,1.05
2007-01-22T04:00:00,0.75
2007-01-23T04:00:00,0.3
2007-01-24T04:00:00,0.9
2007-01-25T04:00:00,1.15
2007-01-26T04:00:00,1.6
2007-01-27T04:00:00,1.1
2007-01-28T04:00:00,1.9
2007-01-29T04:00:00,1.55
2007-01-30T04:00:00,1.2
2007-01-31T04:00:00,1.3
2007-02-01T04:00:00,0.8
2007-02-02T04:00:00,1.2
2007-02-03T04:00:00,0.7
2007-02-04T04:00:00,1
2007-02-05T04:00:00,1.15
2007-02-06T04:00:00,0.95
2007-02-07T04:00:00,1.5
2007-02-08T04:00:00,0.85
2007-02-09T04:00:00,1.2
2007-02-10T04:00:00,1.8
2007-02-11T04:00:00,1.8
2007-02-12T04:00:00,1.5
2007-02-13T04:00:00,1.05
2007-02-14T04:00:00,1.1
2007-02-15T04:00:00,1.35
2007-02-16T04:00:00,0.5
2007-02-17T04:00:00,1.35
2007-02-18T04:00:00,1.3
2007-02-19T04:00:00,0.8
2007-02-20T04:00:00,1.2
2007-02-21T04:00:00,1.4
2007-02-22T04:00:00,1
2007-02-23T04:00:00,1.05
2007-02-24T04:00:00,1.65
2007-02-25T04:00:00,1.2
2007-02-26T04:00:00,1.25
2007-02-27T04:00:00,1.5
2007-02-28T04:00:00,1.45
2007-03-01T04:00:00,1.05
2007-03-02T04:00:00,1.65
2007-03-03T04:00:00,1.3
2007-03-04T04:00:00,1
2007-03-05T04:00:00,0.8
2007-03-06T04:00:00,0.9
2007-03-07T04:00:00,1.2
2007-03-08T04:00:00,1.1
2007-03-09T04:00:00,0.55
2007-03-10T04:00:00,0.75
2007-03-11T04:00:00,1.5
2007-03-12T04:00:00,0.45
2007-03-13T04:00:00,1.2
2007-03-14T04:00:00,1.1
2007-03-15T04:00:00,1.2
2007-03-16T04:00:00,1.8
2007-03-17T04:00:00,1.3
2007-03-18T04:00:00,0.7
2007-03-19T04:00:00,1.1
2007-03-20T04:00:00,0.75
2007-03-21T04:00:00,0.85
2007-03-22T04:00:00,1
2007-03-23T04:00:00,1.2
2007-03-24T04:00:00,1.5
2007-03-25T04:00:00,1.3
2007-03-26T04:00:00,1
2007-03-27T04:00:00,1.3
2007-03-28T04:00:00,1.2
2007-03-29T04:00:00,1.35
2007-03-30T04:00:00,0.8
2007-03-31T04:00:00,1.85
2007-04-01T04:00:00,1.6
2007-04-02T04:00:00,1
2007-04-03T04:00:00,0.9
2007-04-04T04:00:00,1.5
2007-04-05T04:00:00,1.2
2007-04-06T04:00:00,1.2
2007-04-07T04:00:00,1.1
2007-04-08T04:00:00,1.15
2007-04-09T04:00:00,1.8
2007-04-10T04:00:00,0.75
2007-04-11T04:00:00,1.3
2007-04-12T04:00:00,0.85
2007-04-13T04:00:00,1.4
2007-04-14T04:00:00,0.55
2007-04-15T04:00:00,1
2007-04-16T04:00:00,1.05
2007-04-17T04:00:00,0.8
2007-04-18T04:00:00,0.9
2007-04-19T04:00:00,0.9
2007-04-20T04:00:00,0.55
2007-04-21T04:00:00,1.35
2007-04-22T04:00:00,1.4
2007-04-23T04:00:00,0.8
2007-04-24T04:00:00,1.1
2007-04-25T04:00:00,1.5
2007-04-26T04:00:00,1.3
2007-04-27T04:00:00,2.1
2007-04-28T04:00:00,0.95
2007-04-29T04:00:00,0.75
2007-04-30T04:00:00,1.2
2007-05-01T04:00:00,0.8
2007-05-02T04:00:00,1.2
2007-05-06T04:00:00,1.4
2007-05-07T04:00:00,1.4
2007-05-08T04:00:00,1.2
2007-05-09T04:00:00,2.15
2007-05-10T04:00:00,0.6
2007-05-11T04:00:00,0.45
2007-05-12T04:00:00,1.4
2007-05-13T04:00:00,1.1
2007-05-14T04:00:00,1.1
2007-05-15T04:00:00,0.9
2007-05-16T04:00:00,1
2007-05-17T04:00:00,1.9
2007-05-18T04:00:00,0.65
2007-05-19T04:00:00,0.95
2007-05-20T04:00:00,0.65
2007-05-21T04:00:00,0.9
2007-05-22T04:00:00,0.95
2007-05-23T04:00:00,1
2007-05-24T04:00:00,1.3
2007-05-25T04:00:00,0.7
2007-05-26T04:00:00,0.7
2007-05-27T04:00:00,1.9
2007-05-28T04:00:00,1.45
2007-05-29T04:00:00,1.8
2007-05-30T04:00:00,1.05
2007-05-31T04:00:00,0.55
2007-06-01T04:00:00,0.45
2007-06-02T04:00:00,1.8
2007-06-03T04:00:00,0.6
2007-06-04T04:00:00,1.3
2007-06-05T04:00:00,0.75
2007-06-06T04:00:00,0.9
2007-06-07T04:00:00,0.9
2007-06-08T04:00:00,0.65
2007-06-09T04:00:00,0.7
2007-06-10T04:00:00,0.8
2007-06-11T04:00:00,1.2
2007-06-12T04:00:00,1.5
2007-06-13T04:00:00,1.55
2007-06-14T04:00:00,1.95
2007-06-15T04:00:00,1.75
2007-06-16T04:00:00,0.95
2007-06-17T04:00:00,0.7
2007-06-18T04:00:00,0.6
2007-06-19T04:00:00,0.65
2007-06-20T04:00:00,0.55
2007-06-21T04:00:00,0.7
2007-06-22T04:00:00,0.9
2007-06-23T04:00:00,0.7
2007-06-24T04:00:00,1
2007-06-25T04:00:00,1.3
2007-06-26T04:00:00,0.8
2007-06-27T04:00:00,1.25
2007-06-28T04:00:00,1.3
2007-06-29T04:00:00,0.55
2007-06-30T04:00:00,1.4
2007-07-01T04:00:00,1.2
2007-07-02T04:00:00,1.8
2007-07-03T04:00:00,1
2007-07-04T04:00:00,0
2007-07-05T04:00:00,0.85
2007-07-06T04:00:00,0.8
2007-07-07T04:00:00,0.7
2007-07-08T04:00:00,1.4
2007-07-09T04:00:00,1.35
2007-07-10T04:00:00,1.35
2007-07-11T04:00:00,1.25
2007-07-12T04:00:00,1.35
2007-07-13T04:00:00,1.1
2007-07-14T04:00:00,1.3
2007-07-15T04:00:00,1.2
2007-07-16T04:00:00,0.5
2007-07-17T04:00:00,0.8
2007-07-18T04:00:00,0.5
2007-07-19T04:00:00,-0.1
2007-07-20T04:00:00,0.55
2007-07-21T04:00:00,1
2007-07-22T04:00:00,0.9
2007-07-23T04:00:00,0.7
2007-07-24T04:00:00,1.3
2007-07-25T04:00:00,1.45
2007-07-26T04:00:00,1.05
2007-07-27T04:00:00,0.9
2007-07-28T04:00:00,2.3
2007-07-29T04:00:00,0.9
2007-07-30T04:00:00,0.9
2007-07-31T04:00:00,0.3
2007-08-01T04:00:00,0.9
2007-08-02T04:00:00,1.25
2007-08-03T04:00:00,0.85
2007-08-04T04:00:00,0.6
2007-08-05T04:00:00,0.7
2007-08-06T04:00:00,0.9
2007-08-07T04:00:00,0.85
2007-08-08T04:00:00,0.01
2007-08-09T04:00:00,1.4
2007-08-10T04:00:00,1.55
2007-08-11T04:00:00,1
2007-08-12T04:00:00,0.8
2007-08-13T04:00:00,0.65
2007-08-14T04:00:00,0.65
2007-08-15T04:00:00,0.45
2007-08-16T04:00:00,1.8
2007-08-17T04:00:00,1.4
2007-08-18T04:00:00,1
2007-08-19T04:00:00,0.8
2007-08-20T04:00:00,0.8
2007-08-21T04:00:00,0.5
2007-08-22T04:00:00,0.65
2007-08-23T04:00:00,1
2007-08-24T04:00:00,1.05
2007-08-25T04:00:00,2.1
2007-08-26T04:00:00,1.1
2007-08-27T04:00:00,1.7
2007-08-28T04:00:00,0.55
2007-08-29T04:00:00,0.5
2007-08-30T04:00:00,0.7
2007-08-31T04:00:00,0.2
2007-09-01T04:00:00,0.15
2007-09-02T04:00:00,0.45
2007-09-03T04:00:00,0.5
2007-09-04T04:00:00,0.55
2007-09-05T04:00:00,1.2
2007-09-06T04:00:00,1.35
2007-09-07T04:00:00,1.5
2007-09-08T04:00:00,1.2
2007-09-09T04:00:00,1
2007-09-10T04:00:00,0.85
2007-09-11T04:00:00,0.7
2007-09-12T04:00:00,0.9
2007-09-13T04:00:00,1.15
2007-09-14T04:00:00,0.35
2007-09-15T04:00:00,1
2007-09-16T04:00:00,1.2
2007-09-17T04:00:00,1.2
2007-09-18T04:00:00,1.3
2007-09-19T04:00:00,0.3
2007-09-20T04:00:00,1.3
2007-09-21T04:00:00,1.1
2007-09-22T04:00:00,1.15
2007-09-23T04:00:00,1.4
2007-09-24T04:00:00,1.7
2007-09-25T04:00:00,1.9
2007-09-26T04:00:00,1.2
2007-09-27T04:00:00,0.7
2007-09-28T04:00:00,0.55
2007-09-29T04:00:00,0.55
2007-09-30T04:00:00,0.6
2007-10-01T04:00:00,0.6
2007-10-02T04:00:00,0.8
2007-10-03T04:00:00,0.9
2007-10-04T04:00:00,1.35
2007-10-05T04:00:00,1.3
2007-10-06T04:00:00,1.7
2007-10-07T04:00:00,1.8
2007-10-08T04:00:00,1.8
2007-10-09T04:00:00,1.3
2007-10-10T04:00:00,0.25
2007-10-11T04:00:00,1.65
2007-10-12T04:00:00,1
2007-10-13T04:00:00,1
2007-10-14T04:00:00,0.7
2007-10-15T04:00:00,0.9
2007-10-16T04:00:00,0.4
2007-10-17T04:00:00,0.8
2007-10-18T04:00:00,1.05
2007-10-19T04:00:00,1
2007-10-20T04:00:00,1.2
2007-10-21T04:00:00,1.55
2007-10-22T04:00:00,1.5
2007-10-23T04:00:00,1.25
2007-10-24T04:00:00,1.2
2007-10-25T04:00:00,0.5
2007-10-26T04:00:00,1.5
2007-10-27T04:00:00,0.8
2007-10-28T04:00:00,0.3
2007-10-29T04:00:00,0.3
2007-10-30T04:00:00,0.9
2007-10-31T04:00:00,0.95
2007-11-01T04:00:00,1.6
2007-11-02T04:00:00,0.9
2007-11-03T04:00:00,1.6
2007-11-04T04:00:00,2.25
2007-11-05T04:00:00,1.8
2007-11-06T04:00:00,0.85
2007-11-07T04:00:00,0.9
2007-11-08T04:00:00,2.25
2007-11-09T04:00:00,0.8
2007-11-10T04:00:00,1.75
2007-11-11T04:00:00,0.55
2007-11-12T04:00:00,1
2007-11-13T04:00:00,0.6
2007-11-14T04:00:00,0.5
2007-11-15T04:00:00,1.7
2007-11-16T04:00:00,0.8
2007-11-17T04:00:00,0.45
2007-11-18T04:00:00,1.1
2007-11-19T04:00:00,1.2
2007-11-20T04:00:00,1.6
2007-11-21T04:00:00,1.5
2007-11-22T04:00:00,1.7
2007-11-23T04:00:00,0.5
2007-11-24T04:00:00,2.65
2007-11-25T04:00:00,1
2007-11-26T04:00:00,0.2
2007-11-27T04:00:00,1
2007-11-28T04:00:00,0.7
2007-11-29T04:00:00,1
2007-11-30T04:00:00,1
2007-12-01T04:00:00,1.4
2007-12-02T04:00:00,1.3
2007-12-03T04:00:00,1.6
2007-12-04T04:00:00,1.4
2007-12-05T04:00:00,2.2
2007-12-06T04:00:00,1.6
2007-12-07T04:00:00,1.1
2007-12-08T04:00:00,0.65
2007-12-09T04:00:00,2.25
2007-12-10T04:00:00,0.5
2007-12-11T04:00:00,2
2007-12-12T04:00:00,0.8
2007-12-13T04:00:00,0.9
2007-12-14T04:00:00,0.85
2007-12-15T04:00:00,1.9
2007-12-16T04:00:00,1.75
2007-12-17T04:00:00,1.3
2007-12-18T04:00:00,1.25
2007-12-19T04:00:00,2.2
2007-12-20T04:00:00,1.4
2007-12-21T04:00:00,1.45
2007-12-22T04:00:00,1.9
2007-12-23T04:00:00,1.9
2007-12-24T04:00:00,0.65
2007-12-25T04:00:00,1.15
2007-12-26T04:00:00,0.9
2007-12-27T04:00:00,1.3
2007-12-28T04:00:00,1.15
2007-12-29T04:00:00,1.2
2007-12-30T04:00:00,1.35
2007-12-31T04:00:00,1.45
2008-01-01T04:00:00,1.45
2008-01-02T04:00:00,1.1
2008-01-03T04:00:00,1.2
2008-01-04T04:00:00,1.9
2008-01-05T04:00:00,1.25
2008-01-06T04:00:00,1
2008-01-07T04:00:00,0.95
2008-01-08T04:00:00,0.9
2008-01-09T04:00:00,0.75
2008-01-10T04:00:00,0.7
2008-01-11T04:00:00,1.5
2008-01-12T04:00:00,1.35
2008-01-13T04:00:00,1.4
2008-01-14T04:00:00,1.3
2008-01-15T04:00:00,1.35
2008-01-16T04:00:00,1.4
2008-01-17T04:00:00,2.7
2008-01-18T04:00:00,1.65
2008-01-19T04:00:00,2.15
2008-01-20T04:00:00,1.6
2008-01-21T04:00:00,0.8
2008-01-22T04:00:00,0.45
2008-01-23T04:00:00,1.15
2008-01-24T04:00:00,1.1
2008-01-25T04:00:00,1.2
2008-01-26T04:00:00,1.45
2008-01-27T04:00:00,1.2
2008-01-28T04:00:00,1.2
2008-01-29T04:00:00,1.2
2008-01-30T04:00:00,1.7
2008-01-31T04:00:00,1.7
2008-02-01T04:00:00,1.35
2008-02-02T04:00:00,1.3
2008-02-03T04:00:00,1.45
2008-02-04T04:00:00,1.45
2008-02-05T04:00:00,0.4
2008-02-06T04:00:00,1.1
2008-02-07T04:00:00,0.75
2008-02-08T04:00:00,2.6
2008-02-09T04:00:00,0.8
2008-02-10T04:00:00,1.36
2008-02-11T04:00:00,1.8
2008-02-12T04:00:00,1.25
2008-02-13T04:00:00,0.75
2008-02-14T04:00:00,1.3
2008-02-15T04:00:00,1.25
2008-02-16T04:00:00,1.75
2008-02-17T04:00:00,1.25
2008-02-18T04:00:00,1.2
2008-02-19T04:00:00,1.45
2008-02-20T04:00:00,0.65
2008-02-21T04:00:00,0.75
2008-02-22T04:00:00,1.3
2008-02-23T04:00:00,0.9
2008-02-24T04:00:00,1.45
2008-02-25T04:00:00,1.45
2008-02-26T04:00:00,1.4
2008-02-27T04:00:00,1.1
2008-02-28T04:00:00,0.9
2008-02-29T04:00:00,1.25
2008-03-01T04:00:00,1
2008-03-02T04:00:00,1.1
2008-03-03T04:00:00,1.7
2008-03-04T04:00:00,1.3
2008-03-05T04:00:00,0.8
2008-03-06T04:00:00,0.6
2008-03-07T04:00:00,0.8
2008-03-08T04:00:00,0.7
2008-03-09T04:00:00,0.7
2008-03-10T04:00:00,1
2008-03-11T04:00:00,1.5
2008-03-12T04:00:00,1.05
2008-03-13T04:00:00,1.2
2008-03-14T04:00:00,1.5
2008-03-15T04:00:00,1.35
2008-03-16T04:00:00,0.75
2008-03-17T04:00:00,1.2
2008-03-18T04:00:00,1
2008-03-19T04:00:00,1.1
2008-03-20T04:00:00,0.45
2008-03-21T04:00:00,1.15
2008-03-22T04:00:00,0.75
2008-03-23T04:00:00,1.55
2008-03-24T04:00:00,0.7
2008-03-25T04:00:00,1.2
2008-03-26T04:00:00,0.45
2008-03-27T04:00:00,1.1
2008-03-28T04:00:00,1.6
2008-03-29T04:00:00,1.25
2008-03-30T04:00:00,1.3
2008-03-31T04:00:00,1
2008-04-01T04:00:00,1.2
2008-04-02T04:00:00,1.2
2008-04-03T04:00:00,1.05
2008-04-04T04:00:00,0.9
2008-04-05T04:00:00,1.1
2008-04-06T04:00:00,1.2
2008-04-07T04:00:00,1.5
2008-04-08T04:00:00,0.7
2008-04-09T04:00:00,0.9
2008-04-10T04:00:00,1.05
2008-04-11T04:00:00,1.09
2008-04-12T04:00:00,1.4
2008-04-13T04:00:00,1.25
2008-04-14T04:00:00,1.55
2008-04-15T04:00:00,0.9
2008-04-16T04:00:00,1
2008-04-17T04:00:00,0.5
2008-04-18T04:00:00,1.4
2008-04-19T04:00:00,0.45
2008-04-20T04:00:00,1.25
2008-04-21T04:00:00,0.4
2008-04-22T04:00:00,0.9
2008-04-23T04:00:00,0.9
2008-04-24T04:00:00,1.1
2008-04-25T04:00:00,1.1
2008-04-26T04:00:00,1.15
2008-04-27T04:00:00,1.2
2008-04-28T04:00:00,1.15
2008-04-29T04:00:00,1.55
2008-04-30T04:00:00,1.55
2008-05-01T04:00:00,1.25
2008-05-02T04:00:00,0.75
2008-05-03T04:00:00,1.4
2008-05-04T04:00:00,0.7
2008-05-05T04:00:00,1
2008-05-06T04:00:00,1.05
2008-05-07T04:00:00,0.8
2008-05-08T04:00:00,1.3
2008-05-09T04:00:00,0.95
2008-05-10T04:00:00,0.7
2008-05-11T04:00:00,0.8
2008-05-12T04:00:00,0.7
2008-05-13T04:00:00,1.3
2008-05-14T04:00:00,0.8
2008-05-15T04:00:00,0.9
2008-05-16T04:00:00,1.9
2008-05-17T04:00:00,1.25
2008-05-18T04:00:00,0.5
2008-05-19T04:00:00,1.5
2008-05-20T04:00:00,0.35
2008-05-21T04:00:00,1.8
2008-05-22T04:00:00,0.95
2008-05-23T04:00:00,1.3
2008-05-24T04:00:00,0.3
2008-05-25T04:00:00,1.45
2008-05-26T04:00:00,0.6
2008-05-27T04:00:00,1.4
2008-05-28T04:00:00,0.5
2008-05-29T04:00:00,1.7
2008-05-30T04:00:00,1
2008-05-31T04:00:00,1.4
2008-06-01T04:00:00,1
2008-06-02T04:00:00,1.45
2008-06-03T04:00:00,1.4
2008-06-04T04:00:00,0.85
2008-06-05T04:00:00,0.4
2008-06-06T04:00:00,0.55
2008-06-07T04:00:00,0.7
2008-06-08T04:00:00,0.7
2008-06-09T04:00:00,0.9
2008-06-10T04:00:00,1.3
2008-06-11T04:00:00,0.3
2008-06-12T04:00:00,1.05
2008-06-13T04:00:00,0.9
2008-06-14T04:00:00,1.3
2008-06-15T04:00:00,1.3
2008-06-16T04:00:00,2
2008-06-17T04:00:00,0.3
2008-06-18T04:00:00,1.45
2008-06-19T04:00:00,1.95
2008-06-20T04:00:00,2.1
2008-06-21T04:00:00,1.25
2008-06-22T04:00:00,0.75
2008-06-23T04:00:00,0.5
2008-06-24T04:00:00,0.5
2008-06-25T04:00:00,0.55
2008-06-26T04:00:00,0.5
2008-06-27T04:00:00,0.55
2008-06-28T04:00:00,0.6
2008-06-29T04:00:00,0.9
2008-06-30T04:00:00,1.25
2008-07-01T04:00:00,1
2008-07-02T04:00:00,2.25
2008-07-03T04:00:00,1.6
2008-07-04T04:00:00,0.75
2008-07-05T04:00:00,0.45
2008-07-06T04:00:00,0.4
2008-07-07T04:00:00,1.25
2008-07-08T04:00:00,0.1
2008-07-09T04:00:00,0.8
2008-07-10T04:00:00,1.5
2008-07-11T04:00:00,0.95
2008-07-12T04:00:00,0.85
2008-07-13T04:00:00,0.9
2008-07-14T04:00:00,1.3
2008-07-15T04:00:00,1
2008-07-16T04:00:00,0.9
2008-07-17T04:00:00,1.05
2008-07-18T04:00:00,1.1
2008-07-19T04:00:00,1.6
2008-07-20T04:00:00,1.35
2008-07-21T04:00:00,1.2
2008-07-22T04:00:00,1.7
2008-07-23T04:00:00,1
2008-07-24T04:00:00,0.6
2008-07-25T04:00:00,0.6
2008-07-26T04:00:00,0.6
2008-07-27T04:00:00,0.95
2008-07-28T04:00:00,1.1
2008-07-29T04:00:00,1.3
2008-07-30T04:00:00,1.6
2008-07-31T04:00:00,1.4
2008-08-01T04:00:00,2
2008-08-02T04:00:00,1.6
2008-08-03T04:00:00,2
2008-08-04T04:00:00,0.5
2008-08-05T04:00:00,0.7
2008-08-06T04:00:00,0.6
2008-08-07T04:00:00,0.55
2008-08-08T04:00:00,1.05
2008-08-09T04:00:00,1
2008-08-10T04:00:00,1.1
2008-08-11T04:00:00,0.7
2008-08-12T04:00:00,1.75
2008-08-13T04:00:00,1.7
2008-08-14T04:00:00,1
2008-08-15T04:00:00,1.05
2008-08-16T04:00:00,0.65
2008-08-17T04:00:00,1.4
2008-08-18T04:00:00,0.9
2008-08-19T04:00:00,1.1
2008-08-20T04:00:00,0.8
2008-08-21T04:00:00,0.3
2008-08-22T04:00:00,1
2008-08-23T04:00:00,0.45
2008-08-24T04:00:00,0.95
2008-08-25T04:00:00,0.9
2008-08-26T04:00:00,1.1
2008-08-27T04:00:00,1.15
2008-08-28T04:00:00,1.75
2008-08-29T04:00:00,1.95
2008-08-30T04:00:00,1.55
2008-08-31T04:00:00,0.35
2008-09-01T04:00:00,0.4
2008-09-02T04:00:00,0.5
2008-09-03T04:00:00,1.6
2008-09-04T04:00:00,1.5
2008-09-05T04:00:00,1.5
2008-09-06T04:00:00,1
2008-09-07T04:00:00,0.8
2008-09-08T04:00:00,1
2008-09-09T04:00:00,1.2
2008-09-10T04:00:00,1.2
2008-09-11T04:00:00,1.4
2008-09-12T04:00:00,1.95
2008-09-13T04:00:00,1.55
2008-09-14T04:00:00,1.6
2008-09-15T04:00:00,1.2
2008-09-16T04:00:00,0.4
2008-09-17T04:00:00,0.3
2008-09-18T04:00:00,0.25
2008-09-19T04:00:00,0.85
2008-09-20T04:00:00,0.75
2008-09-21T04:00:00,0.6
2008-09-22T04:00:00,1
2008-09-23T04:00:00,1.25
2008-09-24T04:00:00,1.1
2008-09-25T04:00:00,1.2
2008-09-26T04:00:00,1.45
2008-09-27T04:00:00,1
2008-09-28T04:00:00,0.95
2008-09-29T04:00:00,1.05
2008-09-30T04:00:00,1.2
2008-10-01T04:00:00,0.45
2008-10-02T04:00:00,0.4
2008-10-03T04:00:00,0.75
2008-10-04T04:00:00,0.8
2008-10-05T04:00:00,1
2008-10-06T04:00:00,0.65
2008-10-07T04:00:00,1.8
2008-10-08T04:00:00,1.6
2008-10-09T04:00:00,1
2008-10-10T04:00:00,1.1
2008-10-11T04:00:00,1.1
2008-10-12T04:00:00,1.2
2008-10-13T04:00:00,1.55
2008-10-14T04:00:00,1.85
2008-10-15T04:00:00,1.6
2008-10-16T04:00:00,0.9
2008-10-17T04:00:00,0.75
2008-10-18T04:00:00,0.55
2008-10-19T04:00:00,0.8
2008-10-20T04:00:00,0.7
2008-10-21T04:00:00,1.2
2008-10-22T04:00:00,1.2
2008-10-23T04:00:00,1.8
2008-10-24T04:00:00,1.3
2008-10-25T04:00:00,1.3
2008-10-26T04:00:00,1.2
2008-10-27T04:00:00,1.1
2008-10-28T04:00:00,1
2008-10-29T04:00:00,1.1
2008-10-30T04:00:00,1.3
2008-10-31T04:00:00,1
2008-11-01T04:00:00,0.5
2008-11-02T04:00:00,0.7
2008-11-03T04:00:00,1.25
2008-11-04T04:00:00,1.6
2008-11-05T04:00:00,1.2
2008-11-06T04:00:00,1.45
2008-11-07T04:00:00,2.25
2008-11-08T04:00:00,1.3
2008-11-09T04:00:00,1.35
2008-11-10T04:00:00,1.1
2008-11-11T04:00:00,1.5
2008-11-12T04:00:00,0.75
2008-11-13T04:00:00,1.1
2008-11-14T04:00:00,0.5
2008-11-15T04:00:00,0.8
2008-11-16T04:00:00,2.45
2008-11-17T04:00:00,1
2008-11-18T04:00:00,1.35
2008-11-19T04:00:00,1.8
2008-11-20T04:00:00,1.45
2008-11-21T04:00:00,1.6
2008-11-22T04:00:00,1.2
2008-11-23T04:00:00,0.85
2008-11-24T04:00:00,0.8
2008-11-25T04:00:00,0.9
2008-11-26T04:00:00,1.1
2008-11-27T04:00:00,0.5
2008-11-28T04:00:00,0.35
2008-11-29T04:00:00,0.5
2008-11-30T04:00:00,1.3
2008-12-01T04:00:00,1.6
2008-12-02T04:00:00,1.9
2008-12-03T04:00:00,1.8
2008-12-04T04:00:00,1.6
2008-12-05T04:00:00,1.2
2008-12-06T04:00:00,1.3
2008-12-07T04:00:00,1.7
2008-12-08T04:00:00,1.2
2008-12-09T04:00:00,1.8
2008-12-10T04:00:00,1.6
2008-12-11T04:00:00,2.2
2008-12-12T04:00:00,1.3
2008-12-13T04:00:00,0.7
2008-12-14T04:00:00,0.8
2008-12-15T04:00:00,0.9
2008-12-16T04:00:00,0.9
2008-12-17T04:00:00,1.2
2008-12-18T04:00:00,1.5
2008-12-19T04:00:00,1.6
2008-12-20T04:00:00,1.9
2008-12-21T04:00:00,1.3
2008-12-22T04:00:00,1.8
2008-12-23T04:00:00,1.8
2008-12-24T04:00:00,0.9
2008-12-25T04:00:00,0.9
2008-12-26T04:00:00,1.9
2008-12-27T04:00:00,0.9
2008-12-28T04:00:00,0.8
2008-12-29T04:00:00,1.7
2008-12-30T04:00:00,1.45
2009-01-01T04:00:00,2.2
2009-01-02T04:00:00,1.65
2009-01-03T04:00:00,1.35
2009-01-04T04:00:00,1.3
2009-01-05T04:00:00,1.05
2009-01-06T04:00:00,1.4
2009-01-07T04:00:00,1.25
2009-01-08T04:00:00,1.7
2009-01-09T04:00:00,1.5
2009-01-10T04:00:00,0.8
2009-01-11T04:00:00,0.7
2009-01-12T04:00:00,1
2009-01-13T04:00:00,0.8
2009-01-14T04:00:00,0.95
2009-01-15T04:00:00,1.1
2009-01-16T04:00:00,1.6
2009-01-17T04:00:00,0.9
2009-01-18T04:00:00,2.1
2009-01-19T04:00:00,2.1
2009-01-20T04:00:00,1.1
2009-01-21T04:00:00,1.35
2009-01-22T04:00:00,1.2
2009-01-23T04:00:00,1.2
2009-01-24T04:00:00,0.8
2009-01-25T04:00:00,0.6
2009-01-26T04:00:00,2.1
2009-01-27T04:00:00,1.25
2009-01-28T04:00:00,1.5
2009-01-29T04:00:00,1.5
2009-01-30T04:00:00,1.35
2009-01-31T04:00:00,1.55
2009-02-01T04:00:00,2.4
2009-02-02T04:00:00,1.6
2009-02-03T04:00:00,1.35
2009-02-04T04:00:00,1.65
2009-02-05T04:00:00,1.6
2009-02-06T04:00:00,0.75
2009-02-07T04:00:00,1.45
2009-02-08T04:00:00,1.4
2009-02-09T04:00:00,0.55
2009-02-10T04:00:00,0.9
2009-02-11T04:00:00,0.6
2009-02-12T04:00:00,1.7
2009-02-13T04:00:00,1.1
2009-02-14T04:00:00,1.1
2009-02-15T04:00:00,1.4
2009-02-16T04:00:00,1.6
2009-02-17T04:00:00,1.2
2009-02-18T04:00:00,1
2009-02-19T04:00:00,1.1
2009-02-20T04:00:00,1.3
2009-02-21T04:00:00,1.5
2009-02-22T04:00:00,1.35
2009-02-23T04:00:00,1.25
2009-02-24T04:00:00,1
2009-02-25T04:00:00,1.15
2009-02-26T04:00:00,0.9
2009-02-27T04:00:00,1.3
2009-02-28T04:00:00,1.4
2009-03-01T04:00:00,1
2009-03-02T04:00:00,1.1
2009-03-03T04:00:00,2.15
2009-03-04T04:00:00,1.25
2009-03-05T04:00:00,1.6
2009-03-06T04:00:00,1
2009-03-07T04:00:00,1.4
2009-03-08T04:00:00,1.2
2009-03-09T04:00:00,1.3
2009-03-10T04:00:00,0.95
2009-03-11T04:00:00,0.95
2009-03-12T04:00:00,0.65
2009-03-13T04:00:00,1.4
2009-03-14T04:00:00,1.1
2009-03-15T04:00:00,2.1
2009-03-16T04:00:00,1.68
2009-03-17T04:00:00,0.3
2009-03-18T04:00:00,1.5
2009-03-19T04:00:00,1.2
2009-03-20T04:00:00,1.2
2009-03-21T04:00:00,1.15
2009-03-22T04:00:00,0.95
2009-03-23T04:00:00,1.3
2009-03-24T04:00:00,1.35
2009-03-25T04:00:00,1.1
2009-03-26T04:00:00,1.15
2009-03-27T04:00:00,1.2
2009-03-28T04:00:00,1.1
2009-03-29T04:00:00,0.45
2009-03-30T04:00:00,1.35
2009-03-31T04:00:00,1.8
2009-04-01T04:00:00,1.5
2009-04-02T04:00:00,1.45
2009-04-03T04:00:00,0.35
2009-04-04T04:00:00,1.3
2009-04-05T04:00:00,1.45
2009-04-06T04:00:00,0.6
2009-04-07T04:00:00,1.8
2009-04-08T04:00:00,1.6
2009-04-09T04:00:00,0.9
2009-04-10T04:00:00,1.9
2009-04-11T04:00:00,0.5
2009-04-12T04:00:00,1.5
2009-04-13T04:00:00,0.45
2009-04-14T04:00:00,2.3
2009-04-15T04:00:00,1.3
2009-04-16T04:00:00,0.9
2009-04-17T04:00:00,0.9
2009-04-18T04:00:00,0.7
2009-04-19T04:00:00,1.35
2009-04-20T04:00:00,1.9
2009-04-21T04:00:00,0.7
2009-04-22T04:00:00,0.8
2009-04-23T04:00:00,0.6
2009-04-24T04:00:00,1.2
2009-04-25T04:00:00,1
2009-04-26T04:00:00,0
2009-04-27T04:00:00,1.25
2009-04-28T04:00:00,0.6
2009-04-29T04:00:00,1
2009-04-30T04:00:00,1.8
2009-05-01T04:00:00,1.1
2009-05-02T04:00:00,0.65
2009-05-03T04:00:00,1.15
2009-05-04T04:00:00,0.85
2009-05-05T04:00:00,1.5
2009-05-06T04:00:00,1.15
2009-05-07T04:00:00,1.55
2009-05-08T04:00:00,0.8
2009-05-09T04:00:00,1.45
2009-05-10T04:00:00,0.6
2009-05-11T04:00:00,0.8
2009-05-12T04:00:00,1.8
2009-05-13T04:00:00,1.1
2009-05-14T04:00:00,1.4
2009-05-15T04:00:00,1.2
2009-05-16T04:00:00,0.5
2009-05-17T04:00:00,0.4
2009-05-18T04:00:00,1.4
2009-05-19T04:00:00,0.65
2009-05-20T04:00:00,0.6
2009-05-21T04:00:00,1.3
2009-05-22T04:00:00,1.1
2009-05-23T04:00:00,1.5
2009-05-24T04:00:00,1.4
2009-05-25T04:00:00,1
2009-05-26T04:00:00,1.1
2009-05-27T04:00:00,1.4
2009-05-28T04:00:00,0.8
2009-05-29T04:00:00,1.4
2009-05-30T04:00:00,0.8
2009-05-31T04:00:00,1
2009-06-01T04:00:00,1
2009-06-02T04:00:00,1.45
2009-06-03T04:00:00,1.3
2009-06-04T04:00:00,0.2
2009-06-05T04:00:00,1
2009-06-06T04:00:00,1.9
2009-06-07T04:00:00,1.5
2009-06-08T04:00:00,0.5
2009-06-09T04:00:00,1.35
2009-06-10T04:00:00,0.35
2009-06-11T04:00:00,1.45
2009-06-12T04:00:00,0.55
2009-06-13T04:00:00,0.55
2009-06-14T04:00:00,0.5
2009-06-15T04:00:00,0.5
2009-06-16T04:00:00,0.8
2009-06-17T04:00:00,0.9
2009-06-18T04:00:00,0.55
2009-06-19T04:00:00,1.1
2009-06-20T04:00:00,1.1
2009-06-21T04:00:00,2
2009-06-22T04:00:00,1.6
2009-06-23T04:00:00,1.1
2009-06-24T04:00:00,2.35
2009-06-25T04:00:00,0.4
2009-06-26T04:00:00,1.4
2009-06-27T04:00:00,0.95
2009-06-28T04:00:00,0.6
2009-06-29T04:00:00,0.6
2009-06-30T04:00:00,-0.1
2009-07-01T04:00:00,1.4
2009-07-02T04:00:00,1.1
2009-07-03T04:00:00,1.1
2009-07-04T04:00:00,1.65
2009-07-05T04:00:00,0.45
2009-07-06T04:00:00,0.8
2009-07-07T04:00:00,0.7
2009-07-08T04:00:00,1.35
2009-07-09T04:00:00,1.2
2009-07-10T04:00:00,0.2
2009-07-11T04:00:00,1.6
2009-07-12T04:00:00,0.2
2009-07-13T04:00:00,0.6
2009-07-14T04:00:00,1.7
2009-07-15T04:00:00,0.65
2009-07-16T04:00:00,0.7
2009-07-17T04:00:00,0.9
2009-07-18T04:00:00,1.3
2009-07-19T04:00:00,1.5
2009-07-20T04:00:00,1.2
2009-07-21T04:00:00,0.9
2009-07-22T04:00:00,0.8
2009-07-23T04:00:00,-0.4
2009-07-24T04:00:00,0.85
2009-07-25T04:00:00,0.5
2009-07-26T04:00:00,0.1
2009-07-27T04:00:00,0.6
2009-07-28T04:00:00,1.4
2009-07-29T04:00:00,1.4
2009-07-30T04:00:00,2.1
2009-07-31T04:00:00,1.4
2009-08-01T04:00:00,1.3
2009-08-02T04:00:00,1
2009-08-03T04:00:00,0.9
2009-08-04T04:00:00,0.5
2009-08-05T04:00:00,0.8
2009-08-06T04:00:00,0.9
2009-08-07T04:00:00,1.2
2009-08-08T04:00:00,0.5
2009-08-09T04:00:00,0.45
2009-08-10T04:00:00,0.4
2009-08-11T04:00:00,0.65
2009-08-12T04:00:00,0.5
2009-08-13T04:00:00,0.45
2009-08-14T04:00:00,1.15
2009-08-15T04:00:00,0.7
2009-08-16T04:00:00,1.4
2009-08-17T04:00:00,1.55
2009-08-18T04:00:00,1.3
2009-08-19T04:00:00,1.8
2009-08-20T04:00:00,1.85
2009-08-21T04:00:00,1.2
2009-08-22T04:00:00,0.25
2009-08-23T04:00:00,-0.25
2009-08-24T04:00:00,0.4
2009-08-25T04:00:00,0.7
2009-08-26T04:00:00,0.5
2009-08-27T04:00:00,0.7
2009-08-28T04:00:00,0.7
2009-08-29T04:00:00,0.7
2009-08-30T04:00:00,0.7
2009-08-31T04:00:00,0.7
2009-09-01T04:00:00,1.65
2009-09-02T04:00:00,1.95
2009-09-03T04:00:00,1.85
2009-09-04T04:00:00,1.6
2009-09-05T04:00:00,0.65
2009-09-06T04:00:00,0.15
2009-09-07T04:00:00,0.8
2009-09-08T04:00:00,1.4
2009-09-09T04:00:00,1.1
2009-09-10T04:00:00,0.6
2009-09-11T04:00:00,1
2009-09-12T04:00:00,0.8
2009-09-13T04:00:00,0.9
2009-09-14T04:00:00,1.2
2009-09-15T04:00:00,1.1
2009-09-16T04:00:00,1.6
2009-09-17T04:00:00,1.7
2009-09-18T04:00:00,1.8
2009-09-19T04:00:00,2.1
2009-09-20T04:00:00,1.2
2009-09-21T04:00:00,0.3
2009-09-22T04:00:00,0.75
2009-09-23T04:00:00,1.9
2009-09-24T04:00:00,0.9
2009-09-25T04:00:00,0.85
2009-09-26T04:00:00,0.75
2009-09-27T04:00:00,1.6
2009-09-28T04:00:00,2.5
2009-09-29T04:00:00,1.7
2009-09-30T04:00:00,1.45
2009-10-01T04:00:00,1.2
2009-10-02T04:00:00,0.7
2009-10-03T04:00:00,1
2009-10-04T04:00:00,0.8
2009-10-05T04:00:00,0.4
2009-10-06T04:00:00,0.8
2009-10-07T04:00:00,1.3
2009-10-08T04:00:00,1.1
2009-10-09T04:00:00,0.8
2009-10-10T04:00:00,0.7
2009-10-11T04:00:00,0.55
2009-10-12T04:00:00,1.3
2009-10-13T04:00:00,1.7
2009-10-14T04:00:00,1.9
2009-10-15T04:00:00,2.15
2009-10-16T04:00:00,1.6
2009-10-17T04:00:00,1
2009-10-18T04:00:00,1.35
2009-10-19T04:00:00,0.5
2009-10-20T04:00:00,0.55
2009-10-21T04:00:00,0.8
2009-10-22T04:00:00,0.7
2009-10-23T04:00:00,0.7
2009-10-24T04:00:00,1.1
2009-10-25T04:00:00,1.8
2009-10-26T04:00:00,0.9
2009-10-27T04:00:00,1.6
2009-10-28T04:00:00,0.5
2009-10-29T04:00:00,1.4
2009-10-30T04:00:00,1.3
2009-10-31T04:00:00,2.2
2009-11-01T04:00:00,1
2009-11-02T04:00:00,1.5
2009-11-03T04:00:00,0.85
2009-11-04T04:00:00,0.85
2009-11-05T04:00:00,0.45
2009-11-06T04:00:00,1
2009-11-07T04:00:00,0.9
2009-11-08T04:00:00,1.4
2009-11-09T04:00:00,1.1
2009-11-10T04:00:00,1.3
2009-11-11T04:00:00,1.5
2009-11-12T04:00:00,1.4
2009-11-13T04:00:00,1.4
2009-11-14T04:00:00,1.5
2009-11-15T04:00:00,1.5
2009-11-16T04:00:00,0.5
2009-11-17T04:00:00,0.65
2009-11-18T04:00:00,1.3
2009-11-19T04:00:00,1.1
2009-11-20T04:00:00,0.8
2009-11-21T04:00:00,0.85
2009-11-22T04:00:00,0.75
2009-11-23T04:00:00,1.4
2009-11-24T04:00:00,1.5
2009-11-25T04:00:00,1.4
2009-11-26T04:00:00,1.9
2009-11-27T04:00:00,1.65
2009-11-28T04:00:00,1.2
2009-11-29T04:00:00,1.6
2009-11-30T04:00:00,1.3
2009-12-01T04:00:00,1.45
2009-12-02T04:00:00,1.15
2009-12-03T04:00:00,1.2
2009-12-04T04:00:00,1.2
2009-12-05T04:00:00,0.9
2009-12-06T04:00:00,1.1
2009-12-07T04:00:00,1.7
2009-12-08T04:00:00,1.7
2009-12-09T04:00:00,1.7
2009-12-10T04:00:00,1.65
2009-12-11T04:00:00,1.5
2009-12-12T04:00:00,2.4
2009-12-13T04:00:00,1.85
2009-12-14T04:00:00,0.6
2009-12-15T04:00:00,1.3
2009-12-16T04:00:00,1.1
2009-12-17T04:00:00,0.75
2009-12-18T04:00:00,0.9
2009-12-19T04:00:00,1
2009-12-20T04:00:00,0.7
2009-12-21T04:00:00,1.6
2009-12-22T04:00:00,0.7
2009-12-23T04:00:00,1.5
2009-12-24T04:00:00,1.2
2009-12-25T04:00:00,2.35
2009-12-26T04:00:00,1.3
2009-12-27T04:00:00,1.55
2009-12-28T04:00:00,1.65
2009-12-29T04:00:00,1.4
2009-12-30T04:00:00,2
2009-12-31T04:00:00,2.1
2010-01-01T04:00:00,1.2
2010-01-02T04:00:00,0.4
2010-01-03T04:00:00,0.95
2010-01-04T04:00:00,1
2010-01-05T04:00:00,1.1
2010-01-06T04:00:00,1.3
2010-01-07T04:00:00,2.3
2010-01-08T04:00:00,1.8
2010-01-09T04:00:00,1.55
2010-01-10T04:00:00,1.6
2010-01-11T04:00:00,2.2
2010-01-12T04:00:00,1.1
2010-01-13T04:00:00,2.2
2010-01-14T04:00:00,0.8
2010-01-15T04:00:00,1
2010-01-16T04:00:00,0.8
2010-01-17T04:00:00,1
2010-01-18T04:00:00,1
2010-01-19T04:00:00,0.9
2010-01-20T04:00:00,2.1
2010-01-21T04:00:00,1.3
2010-01-22T04:00:00,1.2
2010-01-23T04:00:00,1.3
2010-01-24T04:00:00,1.5
2010-01-25T04:00:00,1.25
2010-01-26T04:00:00,2.2
2010-01-27T04:00:00,1
2010-01-28T04:00:00,1.6
2010-01-29T04:00:00,1.2
2010-01-30T04:00:00,1.2
2010-01-31T04:00:00,1.9
2010-02-01T04:00:00,0.7
2010-02-02T04:00:00,0.8
2010-02-03T04:00:00,0.8
2010-02-04T04:00:00,1.2
2010-02-05T04:00:00,1.4
2010-02-06T04:00:00,1.35
2010-02-07T04:00:00,1.6
2010-02-08T04:00:00,1
2010-02-09T04:00:00,1.4
2010-02-10T04:00:00,1.1
2010-02-11T04:00:00,2.4
2010-02-12T04:00:00,0.9
2010-02-13T04:00:00,1.2
2010-02-14T04:00:00,0.95
2010-02-15T04:00:00,1.5
2010-02-16T04:00:00,1.9
2010-02-17T04:00:00,1.8
2010-02-18T04:00:00,1.4
2010-02-19T04:00:00,0.7
2010-02-20T04:00:00,1.1
2010-02-21T04:00:00,1.91
2010-02-22T04:00:00,2
2010-02-23T04:00:00,0.7
2010-02-24T04:00:00,2.3
2010-02-25T04:00:00,3.1
2010-02-26T04:00:00,1.1
2010-02-27T04:00:00,1.3
2010-02-28T04:00:00,1
2010-03-01T04:00:00,1.05
2010-03-02T04:00:00,1.3
2010-03-03T04:00:00,0.95
2010-03-04T04:00:00,0.95
2010-03-05T04:00:00,1
2010-03-06T04:00:00,1.3
2010-03-07T04:00:00,1.3
2010-03-08T04:00:00,1.35
2010-03-09T04:00:00,1.4
2010-03-10T04:00:00,1.3
2010-03-11T04:00:00,0.95
2010-03-12T04:00:00,2.3
2010-03-13T04:00:00,1.1
2010-03-14T04:00:00,0.2
2010-03-15T04:00:00,2.3
2010-03-16T04:00:00,1.3
2010-03-17T04:00:00,1
2010-03-18T04:00:00,1.2
2010-03-19T04:00:00,1.2
2010-03-20T04:00:00,1.15
2010-03-21T04:00:00,1
2010-03-22T04:00:00,1
2010-03-23T04:00:00,0.8
2010-03-24T04:00:00,0.65
2010-03-25T04:00:00,1.9
2010-03-26T04:00:00,0.1
2010-03-27T04:00:00,1.3
2010-03-28T04:00:00,1.3
2010-03-29T04:00:00,1
2010-03-30T04:00:00,1.1
2010-03-31T04:00:00,1.2
2010-04-01T04:00:00,0.7
2010-04-02T04:00:00,1.31
2010-04-03T04:00:00,1.05
2010-04-04T04:00:00,2
2010-04-05T04:00:00,1.25
2010-04-06T04:00:00,0.9
2010-04-07T04:00:00,1
2010-04-08T04:00:00,1.3
2010-04-09T04:00:00,0.9
2010-04-10T04:00:00,0.9
2010-04-11T04:00:00,1
2010-04-12T04:00:00,0.7
2010-04-13T04:00:00,1.4
2010-04-14T04:00:00,1.3
2010-04-15T04:00:00,0.9
2010-04-16T04:00:00,1
2010-04-17T04:00:00,0.9
2010-04-18T04:00:00,0.8
2010-04-19T04:00:00,1.05
2010-04-20T04:00:00,1
2010-04-21T04:00:00,1.4
2010-04-22T04:00:00,1
2010-04-23T04:00:00,1.5
2010-04-24T04:00:00,1.15
2010-04-25T04:00:00,1.1
2010-04-26T04:00:00,1.5
2010-04-27T04:00:00,1
2010-04-28T04:00:00,1.1
2010-04-29T04:00:00,1.1
2010-04-30T04:00:00,1
2010-05-01T04:00:00,0.3
2010-05-02T04:00:00,1
2010-05-03T04:00:00,0.9
2010-05-04T04:00:00,1
2010-05-05T04:00:00,0.8
2010-05-06T04:00:00,0.75
2010-05-07T04:00:00,1.8
2010-05-08T04:00:00,0.8
2010-05-09T04:00:00,0.85
2010-05-10T04:00:00,1.05
2010-05-11T04:00:00,0.8
2010-05-12T04:00:00,0.6
2010-05-13T04:00:00,0.4
2010-05-14T04:00:00,0.9
2010-05-15T04:00:00,1
2010-05-16T04:00:00,2.6
2010-05-17T04:00:00,0.85
2010-05-18T04:00:00,0.9
2010-05-19T04:00:00,0.7
2010-05-20T04:00:00,0.8
2010-05-21T04:00:00,0.8
2010-05-22T04:00:00,0.9
2010-05-23T04:00:00,0.9
2010-05-24T04:00:00,0.9
2010-05-25T04:00:00,1
2010-05-26T04:00:00,1.7
2010-05-27T04:00:00,1.75
2010-05-28T04:00:00,0.85
2010-05-29T04:00:00,0.1
2010-05-30T04:00:00,1.7
2010-05-31T04:00:00,1.5
2010-06-01T04:00:00,1
2010-06-02T04:00:00,0.65
2010-06-03T04:00:00,0.45
2010-06-04T04:00:00,1
2010-06-05T04:00:00,0.8
2010-06-06T04:00:00,0.6
2010-06-07T04:00:00,0.8
2010-06-08T04:00:00,2
2010-06-09T04:00:00,1.5
2010-06-10T04:00:00,1.4
2010-06-11T04:00:00,0.45
2010-06-12T04:00:00,0.6
2010-06-13T04:00:00,0
2010-06-14T04:00:00,0.8
2010-06-15T04:00:00,0.2
2010-06-16T04:00:00,1.1
2010-06-17T04:00:00,1
2010-06-18T04:00:00,1.1
2010-06-19T04:00:00,1.2
2010-06-20T04:00:00,1.8
2010-06-21T04:00:00,1.4
2010-06-22T04:00:00,1.2
2010-06-23T04:00:00,0.9
2010-06-24T04:00:00,0.5
2010-06-25T04:00:00,1.5
2010-06-26T04:00:00,1.6
2010-06-27T04:00:00,1.2
2010-06-28T04:00:00,1.1
2010-06-29T04:00:00,0.35
2010-06-30T04:00:00,0.4
2010-07-01T04:00:00,0.95
2010-07-02T04:00:00,0.6
2010-07-03T04:00:00,1.1
2010-07-04T04:00:00,0.5
2010-07-05T04:00:00,0.9
2010-07-06T04:00:00,1.8
2010-07-07T04:00:00,1.4
2010-07-08T04:00:00,0.6
2010-07-09T04:00:00,0.95
2010-07-10T04:00:00,1.9
2010-07-11T04:00:00,0.9
2010-07-12T04:00:00,0.95
2010-07-13T04:00:00,1.3
2010-07-14T04:00:00,1.75
2010-07-15T04:00:00,0.9
2010-07-16T04:00:00,0.9
2010-07-17T04:00:00,0.65
2010-07-18T04:00:00,0.7
2010-07-19T04:00:00,1.6
2010-07-20T04:00:00,0.1
2010-07-21T04:00:00,1.55
2010-07-22T04:00:00,1.7
2010-07-23T04:00:00,1
2010-07-24T04:00:00,1.2
2010-07-25T04:00:00,1.3
2010-07-26T04:00:00,1.15
2010-07-27T04:00:00,0.35
2010-07-28T04:00:00,0.3
2010-07-29T04:00:00,0.9
2010-07-30T04:00:00,0.65
2010-07-31T04:00:00,0.7
2010-08-01T04:00:00,1.15
2010-08-02T04:00:00,1.4
2010-08-03T04:00:00,1.2
2010-08-04T04:00:00,1.15
2010-08-05T04:00:00,1.1
2010-08-06T04:00:00,1
2010-08-07T04:00:00,0.55
2010-08-08T04:00:00,1.45
2010-08-09T04:00:00,1.2
2010-08-10T04:00:00,1.3
2010-08-11T04:00:00,0.9
2010-08-12T04:00:00,0.5
2010-08-13T04:00:00,2.1
2010-08-14T04:00:00,1.4
2010-08-15T04:00:00,1
2010-08-16T04:00:00,1.1
2010-08-17T04:00:00,0.5
2010-08-18T04:00:00,1
2010-08-19T04:00:00,1.2
2010-08-20T04:00:00,1.5
2010-08-21T04:00:00,1.3
2010-08-22T04:00:00,1
2010-08-23T04:00:00,1.1
2010-08-24T04:00:00,1.5
2010-08-25T04:00:00,0.75
2010-08-26T04:00:00,0.6
2010-08-27T04:00:00,0.5
2010-08-28T04:00:00,0.65
2010-08-29T04:00:00,0.35
2010-08-30T04:00:00,1.6
2010-08-31T04:00:00,0.6
2010-09-01T04:00:00,0.9
2010-09-02T04:00:00,2.8
2010-09-03T04:00:00,1.3
2010-09-04T04:00:00,0.7
2010-09-05T04:00:00,2
2010-09-06T04:00:00,1.85
2010-09-07T04:00:00,1.3
2010-09-08T04:00:00,1.6
2010-09-09T04:00:00,0.8
2010-09-10T04:00:00,0.4
2010-09-11T04:00:00,0.4
2010-09-12T04:00:00,0.9
2010-09-13T04:00:00,1.2
2010-09-14T04:00:00,1.4
2010-09-15T04:00:00,1.1
2010-09-16T04:00:00,1.3
2010-09-17T04:00:00,1.65
2010-09-18T04:00:00,1.7
2010-09-19T04:00:00,1
2010-09-20T04:00:00,1
2010-09-21T04:00:00,1.35
2010-09-22T04:00:00,0.8
2010-09-23T04:00:00,1.1
2010-09-24T04:00:00,1.1
2010-09-25T04:00:00,0.6
2010-09-26T04:00:00,0.8
2010-09-27T04:00:00,1
2010-09-28T04:00:00,1.1
2010-09-29T04:00:00,0.7
2010-09-30T04:00:00,0.3
2010-10-01T04:00:00,1.6
2010-10-02T04:00:00,1.35
2010-10-03T04:00:00,1.1
2010-10-04T04:00:00,1.2
2010-10-05T04:00:00,1.4
2010-10-06T04:00:00,1.6
2010-10-07T04:00:00,1
2010-10-08T04:00:00,1.4
2010-10-09T04:00:00,0.5
2010-10-10T04:00:00,0.7
2010-10-11T04:00:00,0.55
2010-10-12T04:00:00,0.9
2010-10-13T04:00:00,1.1
2010-10-14T04:00:00,0.75
2010-10-15T04:00:00,1.9
2010-10-16T04:00:00,1.65
2010-10-17T04:00:00,1.45
2010-10-18T04:00:00,1.5
2010-10-19T04:00:00,0.65
2010-10-20T04:00:00,0.8
2010-10-21T04:00:00,1
2010-10-22T04:00:00,1.2
2010-10-23T04:00:00,1.3
2010-10-24T04:00:00,1
2010-10-25T04:00:00,0.8
2010-10-26T04:00:00,1
2010-10-27T04:00:00,0.9
2010-10-28T04:00:00,0.9
2010-10-29T04:00:00,1.1
2010-10-30T04:00:00,0.5
2010-10-31T04:00:00,0.1
2010-11-01T04:00:00,1.8
2010-11-02T04:00:00,1.5
2010-11-03T04:00:00,1.5
2010-11-04T04:00:00,1.3
2010-11-05T04:00:00,1.5
2010-11-06T04:00:00,1.3
2010-11-07T04:00:00,0.4
2010-11-08T04:00:00,0.65
2010-11-09T04:00:00,1.9
2010-11-10T04:00:00,1.2
2010-11-11T04:00:00,1.4
2010-11-12T04:00:00,1.3
2010-11-13T04:00:00,0.9
2010-11-14T04:00:00,0.94
2010-11-15T04:00:00,1.6
2010-11-16T04:00:00,1.55
2010-11-17T04:00:00,1.3
2010-11-18T04:00:00,1.2
2010-11-19T04:00:00,1.5
2010-11-20T04:00:00,1
2010-11-21T04:00:00,1
2010-11-22T04:00:00,0.94
2010-11-23T04:00:00,1
2010-11-24T04:00:00,0.6
2010-11-25T04:00:00,0.9
2010-11-26T04:00:00,0.9
2010-11-27T04:00:00,1.2
2010-11-28T04:00:00,2.2
2010-11-29T04:00:00,1.5
2010-11-30T04:00:00,0.85
2010-12-01T04:00:00,2.4
2010-12-02T04:00:00,1
2010-12-03T04:00:00,1.7
2010-12-04T04:00:00,1.5
2010-12-05T04:00:00,0.9
2010-12-06T04:00:00,1.4
2010-12-07T04:00:00,0.6
2010-12-08T04:00:00,0.75
2010-12-09T04:00:00,1.7
2010-12-10T04:00:00,0.6
2010-12-11T04:00:00,1.1
2010-12-12T04:00:00,2.1
2010-12-13T04:00:00,1.65
2010-12-14T04:00:00,1.5
2010-12-15T04:00:00,2.05
2010-12-16T04:00:00,1.2
2010-12-17T04:00:00,1.1
2010-12-18T04:00:00,1.5
2010-12-19T04:00:00,1.7
2010-12-20T04:00:00,0.4
2010-12-21T04:00:00,1.2
2010-12-22T04:00:00,0.75
2010-12-23T04:00:00,0.9
2010-12-24T04:00:00,0.7
2010-12-25T04:00:00,1.1
2010-12-26T04:00:00,1
2010-12-27T04:00:00,1.2
2010-12-28T04:00:00,1.4
2010-12-29T04:00:00,1.8
2010-12-30T04:00:00,1.75
2010-12-31T04:00:00,1.8
2011-01-01T04:00:00,1.6
2011-01-02T04:00:00,1.75
2011-01-03T04:00:00,1.5
2011-01-04T04:00:00,1.1
2011-01-05T04:00:00,1
2011-01-06T04:00:00,0.8
2011-01-07T04:00:00,0.5
2011-01-08T04:00:00,1.1
2011-01-09T04:00:00,1.3
2011-01-10T04:00:00,1.4
2011-01-11T04:00:00,1.65
2011-01-12T04:00:00,1.5
2011-01-13T04:00:00,1.45
2011-01-14T04:00:00,1.3
2011-01-15T04:00:00,2.55
2011-01-16T04:00:00,1.3
2011-01-17T04:00:00,1.25
2011-01-18T04:00:00,1.2
2011-01-19T04:00:00,1.25
2011-01-20T04:00:00,0.7
2011-01-21T04:00:00,0.8
2011-01-22T04:00:00,1
2011-01-23T04:00:00,0.8
2011-01-24T04:00:00,1.15
2011-01-25T04:00:00,1.15
2011-01-26T04:00:00,1.5
2011-01-27T04:00:00,1.3
2011-01-28T04:00:00,1.55
2011-01-29T04:00:00,2.1
2011-01-30T04:00:00,1.55
2011-01-31T04:00:00,1.15
2011-02-01T04:00:00,1.1
2011-02-02T04:00:00,1.1
2011-02-03T04:00:00,0.3
2011-02-04T04:00:00,0.6
2011-02-05T04:00:00,1.1
2011-02-06T04:00:00,2.2
2011-02-07T04:00:00,1.4
2011-02-08T04:00:00,1.7
2011-02-09T04:00:00,1.8
2011-02-10T04:00:00,1.98
2011-02-11T04:00:00,1.3
2011-02-12T04:00:00,1.3
2011-02-13T04:00:00,1.3
2011-02-14T04:00:00,1.1
2011-02-15T04:00:00,0.85
2011-02-16T04:00:00,1.2
2011-02-17T04:00:00,1.15
2011-02-18T04:00:00,1.2
2011-02-19T04:00:00,1.15
2011-02-20T04:00:00,1.05
2011-02-21T04:00:00,1.3
2011-02-22T04:00:00,1
2011-02-23T04:00:00,1.5
2011-02-24T04:00:00,1.4
2011-02-25T04:00:00,2
2011-02-26T04:00:00,1.6
2011-02-27T04:00:00,1.25
2011-02-28T04:00:00,1.35
2011-03-01T04:00:00,1.2
2011-03-02T04:00:00,1.25
2011-03-03T04:00:00,0.7
2011-03-04T04:00:00,1.2
2011-03-05T04:00:00,1.05
2011-03-06T04:00:00,1.25
2011-03-07T04:00:00,1.1
2011-03-08T04:00:00,0.9
2011-03-09T04:00:00,1
2011-03-10T04:00:00,0.8
2011-03-11T04:00:00,1.15
2011-03-12T04:00:00,0.8
2011-03-13T04:00:00,1.05
2011-03-14T04:00:00,2.6
2011-03-15T04:00:00,1.5
2011-03-16T04:00:00,1.1
2011-03-17T04:00:00,1.1
2011-03-18T04:00:00,0.8
2011-03-19T04:00:00,1.8
2011-03-20T04:00:00,0.6
2011-03-21T04:00:00,0.9
2011-03-22T04:00:00,0.7
2011-03-23T04:00:00,0.85
2011-03-24T04:00:00,1.4
2011-03-25T04:00:00,1.3
2011-03-26T04:00:00,0.95
2011-03-27T04:00:00,1.45
2011-03-28T04:00:00,1
2011-03-29T04:00:00,1.4
2011-03-30T04:00:00,0.85
2011-03-31T04:00:00,1
2011-04-01T04:00:00,1
2011-04-02T04:00:00,1.4
2011-04-03T04:00:00,1.3
2011-04-04T04:00:00,0.7
2011-04-05T04:00:00,0.85
2011-04-06T04:00:00,0.7
2011-04-07T04:00:00,1.1
2011-04-08T04:00:00,0.7
2011-04-09T04:00:00,1.5
2011-04-10T04:00:00,1
2011-04-11T04:00:00,0.9
2011-04-12T04:00:00,1.05
2011-04-13T04:00:00,1.1
2011-04-14T04:00:00,0.75
2011-04-15T04:00:00,2.15
2011-04-16T04:00:00,1.4
2011-04-17T04:00:00,1.3
2011-04-18T04:00:00,-0.1
2011-04-19T04:00:00,0.9
2011-04-20T04:00:00,0.85
2011-04-21T04:00:00,0.9
2011-04-22T04:00:00,0.95
2011-04-23T04:00:00,0.4
2011-04-24T04:00:00,1.2
2011-04-25T04:00:00,0.6
2011-04-26T04:00:00,1.4
2011-04-27T04:00:00,0.95
2011-04-28T04:00:00,1
2011-04-29T04:00:00,1.4
2011-04-30T04:00:00,1.3
2011-05-01T04:00:00,1
2011-05-02T04:00:00,2.6
2011-05-03T04:00:00,1.1
2011-05-04T04:00:00,0.5
2011-05-05T04:00:00,0.3
2011-05-06T04:00:00,1.65
2011-05-07T04:00:00,1.4
2011-05-08T04:00:00,0.3
2011-05-09T04:00:00,1.75
2011-05-10T04:00:00,0.65
2011-05-11T04:00:00,0.65
2011-05-12T04:00:00,1.1
2011-05-13T04:00:00,1.1
2011-05-14T04:00:00,1.1
2011-05-15T04:00:00,1.25
2011-05-16T04:00:00,1.15
2011-05-17T04:00:00,0.8
2011-05-18T04:00:00,0.8
2011-05-19T04:00:00,0.5
2011-05-20T04:00:00,0.75
2011-05-21T04:00:00,0.7
2011-05-22T04:00:00,0.55
2011-05-23T04:00:00,1.35
2011-05-24T04:00:00,0.6
2011-05-25T04:00:00,1.2
2011-05-26T04:00:00,1.1
2011-05-27T04:00:00,1.2
2011-05-28T04:00:00,0.6
2011-05-29T04:00:00,0.8
2011-05-30T04:00:00,1.3
2011-05-31T04:00:00,1
2011-06-01T04:00:00,0.8
2011-06-02T04:00:00,0.8
2011-06-03T04:00:00,1.6
2011-06-04T04:00:00,2.35
2011-06-05T04:00:00,0.7
2011-06-06T04:00:00,0.5
2011-06-07T04:00:00,0.85
2011-06-08T04:00:00,0.7
2011-06-09T04:00:00,0.55
2011-06-10T04:00:00,0.95
2011-06-11T04:00:00,0.65
2011-06-12T04:00:00,1.15
2011-06-13T04:00:00,1.1
2011-06-14T04:00:00,1.95
2011-06-15T04:00:00,0.8
2011-06-16T04:00:00,1.2
2011-06-17T04:00:00,0.75
2011-06-18T04:00:00,1.15
2011-06-19T04:00:00,0.55
2011-06-20T04:00:00,0.4
2011-06-21T04:00:00,1.2
2011-06-22T04:00:00,0.8
2011-06-23T04:00:00,1.35
2011-06-24T04:00:00,1.25
2011-06-25T04:00:00,1.55
2011-06-26T04:00:00,1.9
2011-06-27T04:00:00,1.25
2011-06-28T04:00:00,0.8
2011-06-29T04:00:00,1.5
2011-06-30T04:00:00,0.45
2011-07-01T04:00:00,1.4
2011-07-02T04:00:00,1.65
2011-07-03T04:00:00,1.3
2011-07-04T04:00:00,1
2011-07-05T04:00:00,0.3
2011-07-06T04:00:00,1.15
2011-07-07T04:00:00,0.5
2011-07-08T04:00:00,0.7
2011-07-09T04:00:00,0.8
2011-07-10T04:00:00,0.8
2011-07-11T04:00:00,1.45
2011-07-12T04:00:00,1.1
2011-07-13T04:00:00,1.2
2011-07-14T04:00:00,1.25
2011-07-15T04:00:00,0.4
2011-07-16T04:00:00,1.35
2011-07-17T04:00:00,0.8
2011-07-18T04:00:00,1.15
2011-07-19T04:00:00,1.3
2011-07-20T04:00:00,-0.2
2011-07-21T04:00:00,0.75
2011-07-22T04:00:00,0.5
2011-07-23T04:00:00,0.9
2011-07-24T04:00:00,0.7
2011-07-25T04:00:00,0.8
2011-07-26T04:00:00,0.7
2011-07-27T04:00:00,1.3
2011-07-28T04:00:00,0.9
2011-07-29T04:00:00,1.3
2011-07-30T04:00:00,2.3
2011-07-31T04:00:00,1.5
2011-08-01T04:00:00,0.85
2011-08-02T04:00:00,0.5
2011-08-03T04:00:00,0.45
2011-08-04T04:00:00,1.05
2011-08-05T04:00:00,0.75
2011-08-06T04:00:00,0.3
2011-08-07T04:00:00,1.3
2011-08-08T04:00:00,1.5
2011-08-09T04:00:00,1.3
2011-08-10T04:00:00,0.65
2011-08-11T04:00:00,0.3
2011-08-12T04:00:00,1.1
2011-08-13T04:00:00,1.95
2011-08-14T04:00:00,1.2
2011-08-15T04:00:00,0.5
2011-08-16T04:00:00,0.45
2011-08-17T04:00:00,0.6
2011-08-18T04:00:00,0.7
2011-08-19T04:00:00,0.65
2011-08-20T04:00:00,1.8
2011-08-21T04:00:00,2.1
2011-08-22T04:00:00,0.9
2011-08-23T04:00:00,0.9
2011-08-24T04:00:00,0.7
2011-08-25T04:00:00,1
2011-08-26T04:00:00,1.4
2011-08-27T04:00:00,1.15
2011-08-28T04:00:00,0.35
2011-08-29T04:00:00,1.7
2011-08-30T04:00:00,0.7
2011-08-31T04:00:00,0.8
2011-09-01T04:00:00,0.95
2011-09-02T04:00:00,0.6
2011-09-03T04:00:00,-0.05
2011-09-04T04:00:00,0.8
2011-09-05T04:00:00,1.5
2011-09-06T04:00:00,1.5
2011-09-07T04:00:00,1.85
2011-09-08T04:00:00,1.35
2011-09-09T04:00:00,1.5
2011-09-10T04:00:00,0.95
2011-09-11T04:00:00,1.55
2011-09-12T04:00:00,0.45
2011-09-13T04:00:00,1.2
2011-09-14T04:00:00,1
2011-09-15T04:00:00,0.75
2011-09-16T04:00:00,0.25
2011-09-17T04:00:00,0.3
2011-09-18T04:00:00,1.6
2011-09-19T04:00:00,1.25
2011-09-20T04:00:00,0.9
2011-09-21T04:00:00,1.3
2011-09-22T04:00:00,1.05
2011-09-23T04:00:00,2.4
2011-09-24T04:00:00,1.2
2011-09-25T04:00:00,0.55
2011-09-26T04:00:00,1.1
2011-09-27T04:00:00,1.45
2011-09-28T04:00:00,1
2011-09-29T04:00:00,-0.25
2011-09-30T04:00:00,0.7
2011-10-01T04:00:00,0.95
2011-10-02T04:00:00,0.9
2011-10-03T04:00:00,1.15
2011-10-04T04:00:00,1.2
2011-10-05T04:00:00,0.95
2011-10-06T04:00:00,1.4
2011-10-07T04:00:00,1.8
2011-10-08T04:00:00,1.2
2011-10-09T04:00:00,0.6
2011-10-10T04:00:00,0.5
2011-10-11T04:00:00,0.55
2011-10-12T04:00:00,1.65
2011-10-13T04:00:00,0.8
2011-10-14T04:00:00,0.65
2011-10-15T04:00:00,0.8
2011-10-16T04:00:00,1.3
2011-10-17T04:00:00,1.55
2011-10-18T04:00:00,0.8
2011-10-19T04:00:00,0.8
2011-10-20T04:00:00,0.9
2011-10-21T04:00:00,1
2011-10-22T04:00:00,1
2011-10-23T04:00:00,2.4
2011-10-24T04:00:00,1.7
2011-10-25T04:00:00,1.6
2011-10-26T04:00:00,2.3
2011-10-27T04:00:00,1.55
2011-10-28T04:00:00,1.45
2011-10-29T04:00:00,0.7
2011-10-30T04:00:00,1.1
2011-10-31T04:00:00,1.45
2011-11-01T04:00:00,1.2
2011-11-02T04:00:00,1.1
2011-11-03T04:00:00,1.1
2011-11-04T04:00:00,1.25
2011-11-05T04:00:00,1.4
2011-11-06T04:00:00,1.8
2011-11-07T04:00:00,1.4
2011-11-08T04:00:00,1.1
2011-11-09T04:00:00,1.1
2011-11-10T04:00:00,0.9
2011-11-11T04:00:00,1.95
2011-11-12T04:00:00,0.7
2011-11-13T04:00:00,0.8
2011-11-14T04:00:00,1.05
2011-11-15T04:00:00,1.1
2011-11-16T04:00:00,1.05
2011-11-17T04:00:00,1.2
2011-11-18T04:00:00,1.45
2011-11-19T04:00:00,1.05
2011-11-20T04:00:00,1.4
2011-11-21T04:00:00,1.15
2011-11-22T04:00:00,1.6
2011-11-23T04:00:00,1.5
2011-11-24T04:00:00,0.75
2011-11-25T04:00:00,1
2011-11-26T04:00:00,0.8
2011-11-27T04:00:00,0.75
2011-11-28T04:00:00,0.6
2011-11-29T04:00:00,1.05
2011-11-30T04:00:00,0.9
2011-12-01T04:00:00,2.3
2011-12-02T04:00:00,1.7
2011-12-03T04:00:00,1.5
2011-12-04T04:00:00,1.4
2011-12-05T04:00:00,1.55
2011-12-06T04:00:00,1.2
2011-12-07T04:00:00,1.5
2011-12-08T04:00:00,0.5
2011-12-09T04:00:00,1.5
2011-12-10T04:00:00,1.2
2011-12-11T04:00:00,0.7
2011-12-12T04:00:00,0.8
2011-12-13T04:00:00,1.7
2011-12-14T04:00:00,1.35
2011-12-15T04:00:00,1.4
2011-12-16T04:00:00,1.7
2011-12-17T04:00:00,1.55
2011-12-18T04:00:00,1.35
2011-12-19T04:00:00,1.4
2011-12-20T04:00:00,1.6
2011-12-21T04:00:00,1.35
2011-12-22T04:00:00,1.5
2011-12-23T04:00:00,1.8
2011-12-24T04:00:00,1.85
2011-12-25T04:00:00,1.15
2011-12-26T04:00:00,0.8
2011-12-27T04:00:00,0.9
2011-12-28T04:00:00,1.1
2011-12-29T04:00:00,1
2011-12-30T04:00:00,1.3
2011-12-31T04:00:00,1.55
2012-01-01T04:00:00,1.7
2012-01-02T04:00:00,1.4
2012-01-03T04:00:00,2.2
2012-01-04T04:00:00,1.5
2012-01-05T04:00:00,1.3
2012-01-06T04:00:00,0.75
2012-01-07T04:00:00,2.75
2012-01-08T04:00:00,0.85
2012-01-09T04:00:00,1
2012-01-10T04:00:00,0.7
2012-01-11T04:00:00,0.8
2012-01-12T04:00:00,0.8
2012-01-13T04:00:00,1.2
2012-01-14T04:00:00,1.2
2012-01-15T04:00:00,1.35
2012-01-16T04:00:00,1.3
2012-01-17T04:00:00,1.75
2012-01-18T04:00:00,1.55
2012-01-19T04:00:00,1.35
2012-01-20T04:00:00,1.3
2012-01-21T04:00:00,1.65
2012-01-22T04:00:00,1
2012-01-23T04:00:00,1.1
2012-01-24T04:00:00,0.9
2012-01-25T04:00:00,1.4
2012-01-26T04:00:00,1.2
2012-01-27T04:00:00,1.1
2012-01-28T04:00:00,1.25
2012-01-29T04:00:00,0.9
2012-01-30T04:00:00,1.15
2012-01-31T04:00:00,1.2
2012-02-01T04:00:00,1.5
2012-02-02T04:00:00,1.1
2012-02-03T04:00:00,1.1
2012-02-04T04:00:00,1.15
2012-02-05T04:00:00,1
2012-02-06T04:00:00,0.75
2012-02-07T04:00:00,1.4
2012-02-08T04:00:00,0.6
2012-02-09T04:00:00,2.35
2012-02-10T04:00:00,1
2012-02-11T04:00:00,0.8
2012-02-12T04:00:00,1
2012-02-13T04:00:00,0.9
2012-02-14T04:00:00,1.6
2012-02-15T04:00:00,1.15
2012-02-16T04:00:00,1.4
2012-02-17T04:00:00,1.65
2012-02-18T04:00:00,1.4
2012-02-19T04:00:00,0.45
2012-02-20T04:00:00,1.1
2012-02-21T04:00:00,0.5
2012-02-22T04:00:00,1.7
2012-02-23T04:00:00,0.7
2012-02-24T04:00:00,1.4
2012-02-25T04:00:00,1.45
2012-02-26T04:00:00,0.65
2012-02-27T04:00:00,1.8
2012-02-28T04:00:00,0.6
2012-02-29T04:00:00,1.1
2012-03-01T04:00:00,1.2
2012-03-02T04:00:00,1.6
2012-03-03T04:00:00,0.85
2012-03-04T04:00:00,1
2012-03-05T04:00:00,1.1
2012-03-06T04:00:00,1.6
2012-03-07T04:00:00,1.15
2012-03-08T04:00:00,0.9
2012-03-09T04:00:00,1.4
2012-03-10T04:00:00,0.6
2012-03-11T04:00:00,1.45
2012-03-12T04:00:00,1.05
2012-03-13T04:00:00,0.8
2012-03-14T04:00:00,1
2012-03-15T04:00:00,1.8
2012-03-16T04:00:00,1
2012-03-17T04:00:00,1.3
2012-03-18T04:00:00,1.05
2012-03-19T04:00:00,1.5
2012-03-20T04:00:00,1.5
2012-03-21T04:00:00,1.1
2012-03-22T04:00:00,1
2012-03-23T04:00:00,1.75
2012-03-24T04:00:00,0.95
2012-03-25T04:00:00,0.9
2012-03-26T04:00:00,1.7
2012-03-27T04:00:00,1
2012-03-28T04:00:00,1.45
2012-03-29T04:00:00,0
2012-03-30T04:00:00,1.15
2012-03-31T04:00:00,1.2
2012-04-01T04:00:00,0.85
2012-04-02T04:00:00,1.1
2012-04-03T04:00:00,1.8
2012-04-04T04:00:00,0.6
2012-04-05T04:00:00,0.8
2012-04-06T04:00:00,1.75
2012-04-07T04:00:00,1.4
2012-04-08T04:00:00,0.8
2012-04-09T04:00:00,1.4
2012-04-10T04:00:00,0.9
2012-04-11T04:00:00,0.95
2012-04-12T04:00:00,0.9
2012-04-13T04:00:00,0.85
2012-04-14T04:00:00,0.9
2012-04-15T04:00:00,1.45
2012-04-16T04:00:00,1.1
2012-04-17T04:00:00,0.9
2012-04-18T04:00:00,1.2
2012-04-19T04:00:00,0.8
2012-04-20T04:00:00,1.35
2012-04-21T04:00:00,1
2012-04-22T04:00:00,1.9
2012-04-23T04:00:00,1.3
2012-04-24T04:00:00,1.2
2012-04-25T04:00:00,0.8
2012-04-26T04:00:00,0.9
2012-04-27T04:00:00,0.75
2012-04-28T04:00:00,0.9
2012-04-29T04:00:00,0.85
2012-04-30T04:00:00,0.75
2012-05-01T04:00:00,0
2012-05-02T04:00:00,0.3
2012-05-03T04:00:00,0.55
2012-05-04T04:00:00,1.05
2012-05-05T04:00:00,1
2012-05-06T04:00:00,1.5
2012-05-07T04:00:00,0.3
2012-05-08T04:00:00,0.3
2012-05-09T04:00:00,0.9
2012-05-10T04:00:00,0.6
2012-05-11T04:00:00,0.85
2012-05-12T04:00:00,0.7
2012-05-13T04:00:00,1.15
2012-05-14T04:00:00,0.75
2012-05-15T04:00:00,0.85
2012-05-16T04:00:00,1.15
2012-05-17T04:00:00,0.5
2012-05-18T04:00:00,0.75
2012-05-19T04:00:00,1.25
2012-05-20T04:00:00,0.4
2012-05-21T04:00:00,1.2
2012-05-22T04:00:00,0
2012-05-23T04:00:00,0.8
2012-05-24T04:00:00,1.1
2012-05-25T04:00:00,0.9
2012-05-26T04:00:00,0.65
2012-05-27T04:00:00,0.75
2012-05-28T04:00:00,0.25
2012-05-29T04:00:00,0.8
2012-05-30T04:00:00,1.3
2012-05-31T04:00:00,1.5
2012-06-01T04:00:00,1.55
2012-06-02T04:00:00,0
2012-06-03T04:00:00,0.65
2012-06-04T04:00:00,1.4
2012-06-05T04:00:00,1.5
2012-06-06T04:00:00,0.35
2012-06-07T04:00:00,1
2012-06-08T04:00:00,0.46
2012-06-09T04:00:00,1.35
2012-06-10T04:00:00,0.3
2012-06-11T04:00:00,1.31
2012-06-12T04:00:00,0.8
2012-06-13T04:00:00,0.85
2012-06-14T04:00:00,1.15
2012-06-15T04:00:00,1.45
2012-06-16T04:00:00,2
2012-06-17T04:00:00,1.3
2012-06-18T04:00:00,1
2012-06-19T04:00:00,0
2012-06-20T04:00:00,0.8
2012-06-21T04:00:00,0.65
2012-06-22T04:00:00,0.85
2012-06-23T04:00:00,0.2
2012-06-24T04:00:00,1.25
2012-06-25T04:00:00,1.2
2012-06-26T04:00:00,0.5
2012-06-27T04:00:00,0.5
2012-06-28T04:00:00,0.75
2012-06-29T04:00:00,1.3
2012-06-30T04:00:00,1.1
2012-07-01T04:00:00,1.5
2012-07-02T04:00:00,1.2
2012-07-03T04:00:00,2.25
2012-07-04T04:00:00,0.9
2012-07-05T04:00:00,0.8
2012-07-06T04:00:00,0.85
2012-07-07T04:00:00,0.85
2012-07-08T04:00:00,0.4
2012-07-09T04:00:00,0.15
2012-07-10T04:00:00,0.8
2012-07-11T04:00:00,1.5
2012-07-12T04:00:00,0.05
2012-07-13T04:00:00,1.2
2012-07-14T04:00:00,1.6
2012-07-15T04:00:00,2.25
2012-07-16T04:00:00,0.8
2012-07-17T04:00:00,0.9
2012-07-18T04:00:00,0.7
2012-07-19T04:00:00,0.15
2012-07-20T04:00:00,0.9
2012-07-21T04:00:00,1.15
2012-07-22T04:00:00,0.55
2012-07-23T04:00:00,0.65
2012-07-24T04:00:00,0.35
2012-07-25T04:00:00,1.3
2012-07-26T04:00:00,0.1
2012-07-27T04:00:00,1.8
2012-07-28T04:00:00,1
2012-07-29T04:00:00,1.15
2012-07-30T04:00:00,2
2012-07-31T04:00:00,1.6
2012-08-01T04:00:00,1
2012-08-02T04:00:00,0.85
2012-08-03T04:00:00,0.85
2012-08-04T04:00:00,0.65
2012-08-05T04:00:00,0.6
2012-08-06T04:00:00,0.6
2012-08-07T04:00:00,0.8
2012-08-08T04:00:00,0.95
2012-08-09T04:00:00,0.6
2012-08-10T04:00:00,0.8
2012-08-11T04:00:00,1.3
2012-08-12T04:00:00,1.05
2012-08-13T04:00:00,1
2012-08-14T04:00:00,1.45
2012-08-15T04:00:00,0.4
2012-08-16T04:00:00,1.5
2012-08-17T04:00:00,1
2012-08-18T04:00:00,0.5
2012-08-19T04:00:00,0.3
2012-08-20T04:00:00,0.45
2012-08-21T04:00:00,0.8
2012-08-22T04:00:00,0.7
2012-08-23T04:00:00,0.6
2012-08-24T04:00:00,1.05
2012-08-25T04:00:00,1.95
2012-08-26T04:00:00,1.55
2012-08-27T04:00:00,1.5
2012-08-28T04:00:00,1.2
2012-08-29T04:00:00,0.9
2012-08-30T04:00:00,0.7
2012-08-31T04:00:00,1
2012-09-01T04:00:00,0.3
2012-09-02T04:00:00,0.55
2012-09-03T04:00:00,1.95
2012-09-04T04:00:00,0.5
2012-09-05T04:00:00,0.45
2012-09-06T04:00:00,1.1
2012-09-07T04:00:00,1.2
2012-09-08T04:00:00,0.75
2012-09-09T04:00:00,1.5
2012-09-10T04:00:00,1.3
2012-09-11T04:00:00,1
2012-09-12T04:00:00,0.95
2012-09-13T04:00:00,1.2
2012-09-14T04:00:00,1.1
2012-09-15T04:00:00,1.05
2012-09-16T04:00:00,0.9
2012-09-17T04:00:00,1.3
2012-09-18T04:00:00,1.3
2012-09-19T04:00:00,1.9
2012-09-20T04:00:00,1.7
2012-09-21T04:00:00,0.3
2012-09-22T04:00:00,1.4
2012-09-23T04:00:00,1.6
2012-09-24T04:00:00,0.9
2012-09-25T04:00:00,2.4
2012-09-26T04:00:00,2.3
2012-09-27T04:00:00,1.3
2012-09-28T04:00:00,0.6
2012-09-29T04:00:00,0.35
2012-09-30T04:00:00,0.35
2012-10-01T04:00:00,0.4
2012-10-02T04:00:00,0.8
2012-10-03T04:00:00,0.7
2012-10-04T04:00:00,1.2
2012-10-05T04:00:00,0.9
2012-10-06T04:00:00,0.45
2012-10-07T04:00:00,1
2012-10-08T04:00:00,1.41
2012-10-09T04:00:00,1.3
2012-10-10T04:00:00,2.25
2012-10-11T04:00:00,1.7
2012-10-12T04:00:00,1.3
2012-10-13T04:00:00,0.9
2012-10-14T04:00:00,1.5
2012-10-15T04:00:00,1.1
2012-10-16T04:00:00,0.8
2012-10-17T04:00:00,0.3
2012-10-18T04:00:00,1.6
2012-10-19T04:00:00,1.2
2012-10-20T04:00:00,1
2012-10-21T04:00:00,1.4
2012-10-22T04:00:00,1.55
2012-10-23T04:00:00,1.95
2012-10-24T04:00:00,2.15
2012-10-25T04:00:00,1
2012-10-26T04:00:00,0.75
2012-10-27T04:00:00,0.8
2012-10-28T04:00:00,1.15
2012-10-29T04:00:00,1.3
2012-10-30T04:00:00,1.2
2012-10-31T04:00:00,1.05
2012-11-01T04:00:00,0.7
2012-11-02T04:00:00,1
2012-11-03T04:00:00,0.95
2012-11-04T04:00:00,1.4
2012-11-05T04:00:00,0.85
2012-11-06T04:00:00,1.35
2012-11-07T04:00:00,1.25
2012-11-08T04:00:00,1.3
2012-11-09T04:00:00,1.2
2012-11-10T04:00:00,2.7
2012-11-11T04:00:00,1.35
2012-11-12T04:00:00,1.55
2012-11-13T04:00:00,1.1
2012-11-14T04:00:00,0.9
2012-11-15T04:00:00,0.8
2012-11-16T04:00:00,0.7
2012-11-17T04:00:00,1
2012-11-18T04:00:00,1.05
2012-11-19T04:00:00,1.2
2012-11-20T04:00:00,1.6
2012-11-21T04:00:00,1.9
2012-11-22T04:00:00,0.95
2012-11-23T04:00:00,1.7
2012-11-24T04:00:00,0.9
2012-11-26T04:00:00,0.35
2012-11-27T04:00:00,1.35
2012-11-28T04:00:00,0.5
2012-11-29T04:00:00,2
2012-11-30T04:00:00,1.35
2012-12-01T04:00:00,0.1
2012-12-02T04:00:00,0.9
2012-12-03T04:00:00,0.8
2012-12-04T04:00:00,1.9
2012-12-05T04:00:00,1.2
2012-12-06T04:00:00,1.7
2012-12-07T04:00:00,1.5
2012-12-08T04:00:00,1.8
2012-12-09T04:00:00,1.6
2012-12-10T04:00:00,1.4
2012-12-11T04:00:00,1.9
2012-12-12T04:00:00,0.85
2012-12-13T04:00:00,0.7
2012-12-14T04:00:00,0.95
2012-12-15T04:00:00,0.4
2012-12-16T04:00:00,1
2012-12-17T04:00:00,0.8
2012-12-18T04:00:00,1.65
2012-12-19T04:00:00,1.8
2012-12-20T04:00:00,1.1
2012-12-21T04:00:00,2
2012-12-22T04:00:00,1.4
2012-12-23T04:00:00,1.3
2012-12-24T04:00:00,1.1
2012-12-25T04:00:00,1
2012-12-26T04:00:00,1.55
2012-12-27T04:00:00,1.45
2012-12-28T04:00:00,1.3
2012-12-29T04:00:00,0.4
2012-12-30T04:00:00,0.95
2012-12-31T04:00:00,1.45
2013-01-01T04:00:00,1.1
2013-01-02T04:00:00,2
2013-01-03T04:00:00,1.25
2013-01-04T04:00:00,0.8
2013-01-05T04:00:00,1.3
2013-01-06T04:00:00,1.05
2013-01-07T04:00:00,1.2
2013-01-08T04:00:00,1.4
2013-01-09T04:00:00,0.9
2013-01-10T04:00:00,1.2
2013-01-11T04:00:00,0.75
2013-01-12T04:00:00,0.9
2013-01-13T04:00:00,0.9
2013-01-14T04:00:00,1.15
2013-01-15T04:00:00,1.3
2013-01-16T04:00:00,1.35
2013-01-17T04:00:00,1.65
2013-01-18T04:00:00,2.1
2013-01-19T04:00:00,1.35
2013-01-20T04:00:00,2
2013-01-21T04:00:00,1.35
2013-01-22T04:00:00,1
2013-01-23T04:00:00,1
2013-01-24T04:00:00,1
2013-01-25T04:00:00,1.7
2013-01-26T04:00:00,2
2013-01-27T04:00:00,1.1
2013-01-28T04:00:00,0.8
2013-01-29T04:00:00,0.9
2013-01-30T04:00:00,1.45
2013-01-31T04:00:00,1.2
2013-02-01T04:00:00,1.3
2013-02-02T04:00:00,1.25
2013-02-03T04:00:00,2.45
2013-02-04T04:00:00,1.8
2013-02-05T04:00:00,1
2013-02-06T04:00:00,1.6
2013-02-07T04:00:00,1
2013-02-08T04:00:00,1.3
2013-02-10T04:00:00,0.8
2013-02-11T04:00:00,0.8
2013-02-12T04:00:00,0.86
2013-02-13T04:00:00,1.1
2013-02-14T04:00:00,1.35
2013-02-15T04:00:00,1.45
2013-02-16T04:00:00,1.4
2013-02-17T04:00:00,1.2
2013-02-18T04:00:00,0
2013-02-19T04:00:00,0
2013-02-20T04:00:00,1.05
2013-02-21T04:00:00,2.05
2013-02-22T04:00:00,1
2013-02-23T04:00:00,1
2013-02-24T04:00:00,0.5
2013-02-25T04:00:00,1.2
2013-02-26T04:00:00,1.85
2013-02-27T04:00:00,1.45
2013-02-28T04:00:00,1.1
2013-03-01T04:00:00,1.3
2013-03-03T04:00:00,0.1
2013-03-04T04:00:00,1.75
2013-03-05T04:00:00,1.5
2013-03-06T04:00:00,1.15
2013-03-07T04:00:00,0.8
2013-03-08T04:00:00,1.5
2013-03-09T04:00:00,1.05
2013-03-10T04:00:00,0.9
2013-03-11T04:00:00,2
2013-03-12T04:00:00,0.5
2013-03-13T04:00:00,1.55
2013-03-14T04:00:00,1.35
2013-03-15T04:00:00,1.3
2013-03-16T04:00:00,1.2
2013-03-17T04:00:00,1.25
2013-03-18T04:00:00,1.3
2013-03-19T04:00:00,1
2013-03-20T04:00:00,1.1
2013-03-21T04:00:00,0.6
2013-03-22T04:00:00,1.45
2013-03-23T04:00:00,0.8
2013-03-24T04:00:00,1.5
2013-03-25T04:00:00,0.6
2013-03-26T04:00:00,1.15
2013-03-27T04:00:00,0.95
2013-03-28T04:00:00,1.1
2013-03-29T04:00:00,0.7
2013-03-30T04:00:00,1.1
2013-03-31T04:00:00,1.3
2013-04-01T04:00:00,1.75
2013-04-02T04:00:00,1.15
2013-04-03T04:00:00,1
2013-04-04T04:00:00,1.1
2013-04-05T04:00:00,1
2013-04-06T04:00:00,1.1
2013-04-07T04:00:00,0.75
2013-04-08T04:00:00,0.7
2013-04-09T04:00:00,0.95
2013-04-10T04:00:00,0.9
2013-04-11T04:00:00,0.8
2013-04-12T04:00:00,1
2013-04-13T04:00:00,1.7
2013-04-14T04:00:00,0.9
2013-04-15T04:00:00,1.05
2013-04-16T04:00:00,2.1
2013-04-17T04:00:00,0.95
2013-04-18T04:00:00,0.9
2013-04-19T04:00:00,0.95
2013-04-20T04:00:00,0.9
2013-04-21T04:00:00,1
2013-04-22T04:00:00,1
2013-04-23T04:00:00,1
2013-04-24T04:00:00,0.95
2013-04-25T04:00:00,0.7
2013-04-26T04:00:00,0.75
2013-04-27T04:00:00,1.1
2013-04-28T04:00:00,1
2013-04-29T04:00:00,0.8
2013-04-30T04:00:00,1.2
2013-05-01T04:00:00,1.2
2013-05-02T04:00:00,1.1
2013-05-03T04:00:00,1.6
2013-05-04T04:00:00,1.95
2013-05-05T04:00:00,0.95
2013-05-06T04:00:00,1.45
2013-05-07T04:00:00,0.6
2013-05-08T04:00:00,1.05
2013-05-09T04:00:00,0.4
2013-05-10T04:00:00,1
2013-05-11T04:00:00,0.9
2013-05-12T04:00:00,1.1
2013-05-13T04:00:00,0.7
2013-05-14T04:00:00,1.1
2013-05-15T04:00:00,1.3
2013-05-16T04:00:00,0.9
2013-05-17T04:00:00,1.1
2013-05-18T04:00:00,1
2013-05-19T04:00:00,0.75
2013-05-20T04:00:00,1
2013-05-21T04:00:00,0.9
2013-05-22T04:00:00,1
2013-05-23T04:00:00,1.1
2013-05-24T04:00:00,0.5
2013-05-25T04:00:00,2
2013-05-26T04:00:00,0.8
2013-05-27T04:00:00,0.5
2013-05-28T04:00:00,1
2013-05-29T04:00:00,0.8
2013-05-30T04:00:00,0.9
2013-05-31T04:00:00,0.75
2013-06-01T04:00:00,0.8
2013-06-02T04:00:00,1
2013-06-03T04:00:00,1.4
2013-06-04T04:00:00,0.5
2013-06-05T04:00:00,1.25
2013-06-06T04:00:00,0.3
2013-06-07T04:00:00,1.2
2013-06-08T04:00:00,-0.05
2013-06-09T04:00:00,1.3
2013-06-10T04:00:00,0.6
2013-06-11T04:00:00,0.8
2013-06-12T04:00:00,1
2013-06-13T04:00:00,0.7
2013-06-14T04:00:00,0.8
2013-06-15T04:00:00,1.9
2013-06-16T04:00:00,0.25
2013-06-17T04:00:00,1.2
2013-06-18T04:00:00,0.7
2013-06-19T04:00:00,0.65
2013-06-20T04:00:00,1.45
2013-06-21T04:00:00,1
2013-06-22T04:00:00,0.75
2013-06-23T04:00:00,2
2013-06-24T04:00:00,0.75
2013-06-25T04:00:00,1
2013-06-26T04:00:00,0.8
2013-06-27T04:00:00,0.7
2013-06-28T04:00:00,0.95
2013-06-29T04:00:00,0.75
2013-06-30T04:00:00,1.4
2013-07-01T04:00:00,1.4
2013-07-02T04:00:00,1.1
2013-07-03T04:00:00,0.5
2013-07-04T04:00:00,1
2013-07-05T04:00:00,1.2
2013-07-06T04:00:00,1.4
2013-07-07T04:00:00,0.93
2013-07-08T04:00:00,1.1
2013-07-09T04:00:00,0.85
2013-07-10T04:00:00,0.5
2013-07-11T04:00:00,1.1
2013-07-12T04:00:00,1.05
2013-07-13T04:00:00,0.8
2013-07-14T04:00:00,0.4
2013-07-15T04:00:00,1.4
2013-07-16T04:00:00,0.95
2013-07-17T04:00:00,1
2013-07-18T04:00:00,1.8
2013-07-19T04:00:00,2.45
2013-07-20T04:00:00,1.5
2013-07-21T04:00:00,0.95
2013-07-22T04:00:00,1.2
2013-07-23T04:00:00,0.75
2013-07-24T04:00:00,0.3
2013-07-25T04:00:00,0.75
2013-07-26T04:00:00,0.35
2013-07-27T04:00:00,0.7
2013-07-28T04:00:00,1
2013-07-29T04:00:00,0.85
2013-07-30T04:00:00,1.05
2013-07-31T04:00:00,1.5
2013-08-01T04:00:00,1.3
2013-08-02T04:00:00,1.2
2013-08-03T04:00:00,1.3
2013-08-04T04:00:00,0.55
2013-08-05T04:00:00,0.4
2013-08-06T04:00:00,0.15
2013-08-07T04:00:00,0.9
2013-08-08T04:00:00,0.2
2013-08-09T04:00:00,1.35
2013-08-10T04:00:00,0.85
2013-08-11T04:00:00,0.02
2013-08-12T04:00:00,0.7
2013-08-13T04:00:00,1.7
2013-08-14T04:00:00,1.05
2013-08-15T04:00:00,1.2
2013-08-16T04:00:00,0
2013-08-17T04:00:00,1.75
2013-08-18T04:00:00,1.01
2013-08-19T04:00:00,1
2013-08-20T04:00:00,0.65
2013-08-21T04:00:00,0.6
2013-08-22T04:00:00,0.9
2013-08-23T04:00:00,1.8
2013-08-24T04:00:00,1.25
2013-08-25T04:00:00,1.1
2013-08-26T04:00:00,1.1
2013-08-27T04:00:00,1
2013-08-28T04:00:00,1
2013-08-29T04:00:00,1.1
2013-08-30T04:00:00,0.9
2013-08-31T04:00:00,1.6
2013-09-01T04:00:00,1
2013-09-02T04:00:00,0.95
2013-09-03T04:00:00,1.15
2013-09-04T04:00:00,1.55
2013-09-05T04:00:00,0.65
2013-09-06T04:00:00,0
2013-09-07T04:00:00,0.7
2013-09-08T04:00:00,0.65
2013-09-09T04:00:00,0.85
2013-09-10T04:00:00,0.6
2013-09-11T04:00:00,0.9
2013-09-12T04:00:00,1.65
2013-09-13T04:00:00,1.4
2013-09-14T04:00:00,2.75
2013-09-15T04:00:00,2.35
2013-09-16T04:00:00,2.35
2013-09-17T04:00:00,2.55
2013-09-18T04:00:00,1
2013-09-19T04:00:00,0.9
2013-09-20T04:00:00,0.3
2013-09-21T04:00:00,0.6
2013-09-22T04:00:00,0.95
2013-09-23T04:00:00,1.1
2013-09-24T04:00:00,1.15
2013-09-25T04:00:00,1.25
2013-09-26T04:00:00,1.1
2013-09-27T04:00:00,0.8
2013-09-28T04:00:00,1.9
2013-09-29T04:00:00,1.4
2013-09-30T04:00:00,0.65
2013-10-01T04:00:00,0.5
2013-10-02T04:00:00,0.6
2013-10-03T04:00:00,0.5
2013-10-04T04:00:00,0.7
2013-10-05T04:00:00,1
2013-10-06T04:00:00,0.4
2013-10-07T04:00:00,0.65
2013-10-08T04:00:00,0.5
2013-10-09T04:00:00,0.6
2013-10-10T04:00:00,0.8
2013-10-11T04:00:00,0.8
2013-10-12T04:00:00,1.8
2013-10-13T04:00:00,1.5
2013-10-14T04:00:00,1.4
2013-10-15T04:00:00,1.2
2013-10-16T04:00:00,1.15
2013-10-17T04:00:00,1
2013-10-18T04:00:00,0.55
2013-10-19T04:00:00,0.7
2013-10-20T04:00:00,0.6
2013-10-21T04:00:00,0.8
2013-10-22T04:00:00,1.7
2013-10-23T04:00:00,0.7
2013-10-24T04:00:00,1.65
2013-10-25T04:00:00,1.4
2013-10-26T04:00:00,1.3
2013-10-27T04:00:00,1
2013-10-28T04:00:00,1.75
2013-10-29T04:00:00,1.1
2013-10-30T04:00:00,1.75
2013-10-31T04:00:00,1.2
2013-11-01T04:00:00,0.4
2013-11-02T04:00:00,0.85
2013-11-03T04:00:00,1.7
2013-11-04T04:00:00,0.75
2013-11-05T04:00:00,0.9
2013-11-06T04:00:00,0.7
2013-11-07T04:00:00,0.7
2013-11-08T04:00:00,1.1
2013-11-09T04:00:00,1.35
2013-11-10T04:00:00,2.05
2013-11-11T04:00:00,1.3
2013-11-12T04:00:00,1.7
2013-11-13T04:00:00,1.4
2013-11-14T04:00:00,1
2013-11-15T04:00:00,0.92
2013-11-16T04:00:00,1.45
2013-11-17T04:00:00,0.8
2013-11-18T04:00:00,0.5
2013-11-19T04:00:00,0.85
2013-11-20T04:00:00,1.35
2013-11-21T04:00:00,1.2
2013-11-22T04:00:00,1.65
2013-11-23T04:00:00,0.7
2013-11-24T04:00:00,1.2
2013-11-25T04:00:00,1.1
2013-11-26T04:00:00,2
2013-11-27T04:00:00,2.1
2013-11-28T04:00:00,1.55
2013-11-29T04:00:00,1.2
2013-11-30T04:00:00,2.25
2013-12-01T04:00:00,0.8
2013-12-02T04:00:00,0.8
2013-12-03T04:00:00,0.65
2013-12-04T04:00:00,1.3
2013-12-05T04:00:00,1.7
2013-12-06T04:00:00,2
2013-12-07T04:00:00,0.6
2013-12-08T04:00:00,0.75
2013-12-09T04:00:00,1.5
2013-12-10T04:00:00,2.25
2013-12-11T04:00:00,1.45
2013-12-12T04:00:00,1.3
2013-12-13T04:00:00,1.15
2013-12-14T04:00:00,1.2
2013-12-15T04:00:00,0.8
2013-12-16T04:00:00,0.65
2013-12-17T04:00:00,1.2
2013-12-18T04:00:00,0.75
2013-12-19T04:00:00,2
2013-12-20T04:00:00,0.9
2013-12-21T04:00:00,1.5
2013-12-22T04:00:00,1.3
2013-12-23T04:00:00,1.35
2013-12-24T04:00:00,1.5
2013-12-25T04:00:00,1.3
2013-12-26T04:00:00,1.05
2013-12-27T04:00:00,1.6
2013-12-28T04:00:00,1.3
2013-12-29T04:00:00,1.18
2013-12-30T04:00:00,1
2013-12-31T04:00:00,1.2
2014-01-01T04:00:00,0.55
2014-01-02T04:00:00,0.6
2014-01-03T04:00:00,1.05
2014-01-04T04:00:00,1.55
2014-01-05T04:00:00,0.85
2014-01-06T04:00:00,1.6
2014-01-07T04:00:00,0.95
2014-01-08T04:00:00,1.3
2014-01-09T04:00:00,1.65
2014-01-10T04:00:00,1.15
2014-01-11T04:00:00,1.6
2014-01-12T04:00:00,1.95
2014-01-13T04:00:00,0.85
2014-01-14T04:00:00,0.7
2014-01-15T04:00:00,0.7
2014-01-16T04:00:00,0.8
2014-01-17T04:00:00,1.1
2014-01-18T04:00:00,1.1
2014-01-19T04:00:00,1
2014-01-20T04:00:00,1.75
2014-01-21T04:00:00,0.8
2014-01-22T04:00:00,1
2014-01-23T04:00:00,1.4
2014-01-24T04:00:00,1.2
2014-01-25T04:00:00,2.85
2014-01-26T04:00:00,1.35
2014-01-27T04:00:00,1.2
2014-01-28T04:00:00,1.15
2014-01-29T04:00:00,1
2014-01-30T04:00:00,1
2014-01-31T04:00:00,0.45
2014-02-01T04:00:00,0.85
2014-02-02T04:00:00,1.25
2014-02-03T04:00:00,1
2014-02-04T04:00:00,1.25
2014-02-05T04:00:00,1.6
2014-02-06T04:00:00,1.45
2014-02-07T04:00:00,1.5
2014-02-08T04:00:00,1
2014-02-09T04:00:00,1.9
2014-02-10T04:00:00,1.7
2014-02-11T04:00:00,0.9
2014-02-12T04:00:00,0.6
2014-02-13T04:00:00,1.5
2014-02-14T04:00:00,1.65
2014-02-15T04:00:00,1.6
2014-02-16T04:00:00,1.1
2014-02-17T04:00:00,1.2
2014-02-18T04:00:00,0.8
2014-02-19T04:00:00,0.95
2014-02-20T04:00:00,1.2
2014-02-21T04:00:00,1.2
2014-02-22T04:00:00,1.4
2014-02-23T04:00:00,1.6
2014-02-24T04:00:00,1.35
2014-02-25T04:00:00,2.2
2014-02-26T04:00:00,1.6
2014-02-27T04:00:00,1.1
2014-02-28T04:00:00,0.8
2014-03-01T04:00:00,0.7
2014-03-02T04:00:00,0.7
2014-03-03T04:00:00,1
2014-03-04T04:00:00,1.4
2014-03-05T04:00:00,1.05
2014-03-06T04:00:00,1.2
2014-03-07T04:00:00,1.7
2014-03-08T04:00:00,1.5
2014-03-09T04:00:00,1.2
2014-03-10T04:00:00,0.8
2014-03-11T04:00:00,1.15
2014-03-12T04:00:00,0.4
2014-03-13T04:00:00,1
2014-03-14T04:00:00,1.3
2014-03-15T04:00:00,0.8
2014-03-16T04:00:00,2.05
2014-03-17T04:00:00,0.4
2014-03-18T04:00:00,1.6
2014-03-19T04:00:00,1.2
2014-03-20T04:00:00,0.6
2014-03-21T04:00:00,0.6
2014-03-22T04:00:00,2.15
2014-03-23T04:00:00,1.5
2014-03-24T04:00:00,0.95
2014-03-25T04:00:00,1.75
2014-03-26T04:00:00,1.25
2014-03-27T04:00:00,1
2014-03-28T04:00:00,0.7
2014-03-29T04:00:00,0.7
2014-03-30T04:00:00,0.8
2014-03-31T04:00:00,0.85
2014-04-01T04:00:00,1.35
2014-04-02T04:00:00,1.6
2014-04-03T04:00:00,1.2
2014-04-04T04:00:00,1.05
2014-04-05T04:00:00,1.05
2014-04-06T04:00:00,1.05
2014-04-07T04:00:00,1.2
2014-04-08T04:00:00,1
2014-04-09T04:00:00,0.2
2014-04-10T04:00:00,1.3
2014-04-11T04:00:00,0.9
2014-04-12T04:00:00,1.2
2014-04-13T04:00:00,0.1
2014-04-14T04:00:00,1.35
2014-04-15T04:00:00,0.35
2014-04-16T04:00:00,0.9
2014-04-17T04:00:00,0.9
2014-04-18T04:00:00,1.2
2014-04-19T04:00:00,1.2
2014-04-20T04:00:00,2
2014-04-21T04:00:00,1.4
2014-04-22T04:00:00,2.1
2014-04-23T04:00:00,1
2014-04-24T04:00:00,1.35
2014-04-25T04:00:00,1.3
2014-04-26T04:00:00,0.9
2014-04-27T04:00:00,0.6
2014-04-28T04:00:00,0.3
2014-04-29T04:00:00,0.95
2014-04-30T04:00:00,1.1
2014-05-01T04:00:00,0.8
2014-05-02T04:00:00,0.9
2014-05-03T04:00:00,1.25
2014-05-04T04:00:00,0.9
2014-05-05T04:00:00,0.8
2014-05-06T04:00:00,1.4
2014-05-07T04:00:00,1.1
2014-05-08T04:00:00,1
2014-05-09T04:00:00,1.5
2014-05-10T04:00:00,0.95
2014-05-11T04:00:00,0.9
2014-05-12T04:00:00,1.2
2014-05-13T04:00:00,0.6
2014-05-14T04:00:00,1.2
2014-05-15T04:00:00,0.75
2014-05-16T04:00:00,1.8
2014-05-17T04:00:00,1
2014-05-18T04:00:00,1.2
2014-05-19T04:00:00,1.1
2014-05-20T04:00:00,1.2
2014-05-21T04:00:00,1.35
2014-05-22T04:00:00,1.7
2014-05-23T04:00:00,2.4
2014-05-24T04:00:00,0.8
2014-05-25T04:00:00,1.2
2014-05-26T04:00:00,0.5
2014-05-27T04:00:00,1.1
2014-05-28T04:00:00,0.75
2014-05-29T04:00:00,0.8
2014-05-30T04:00:00,0.35
2014-05-31T04:00:00,1.1
2014-06-01T04:00:00,1
2014-06-02T04:00:00,0.95
2014-06-03T04:00:00,1.1
2014-06-04T04:00:00,1.2
2014-06-05T04:00:00,0.7
2014-06-06T04:00:00,1.4
2014-06-07T04:00:00,1.3
2014-06-08T04:00:00,0.9
2014-06-09T04:00:00,1
2014-06-10T04:00:00,1.5
2014-06-11T04:00:00,0.7
2014-06-12T04:00:00,0.1
2014-06-13T04:00:00,0.4
2014-06-14T04:00:00,1.1
2014-06-15T04:00:00,0.7
2014-06-16T04:00:00,0.4
2014-06-17T04:00:00,0.8
2014-06-18T04:00:00,1.2
2014-06-19T04:00:00,1.4
2014-06-20T04:00:00,0.65
2014-06-21T04:00:00,1.1
2014-06-22T04:00:00,1.15
2014-06-23T04:00:00,1.15
2014-06-24T04:00:00,1.4
2014-06-25T04:00:00,1.1
2014-06-26T04:00:00,1.2
2014-06-28T04:00:00,1
2014-06-29T04:00:00,0.5
2014-06-30T04:00:00,0.7
2014-07-01T04:00:00,0.85
2014-07-02T04:00:00,0.65
2014-07-03T04:00:00,0.9
2014-07-04T04:00:00,0.95
2014-07-05T04:00:00,0.95
2014-07-06T04:00:00,1.1
2014-07-07T04:00:00,1.35
2014-07-08T04:00:00,1.75
2014-07-09T04:00:00,1.3
2014-07-10T04:00:00,2
2014-07-11T04:00:00,1.5
2014-07-12T04:00:00,1.2
2014-07-13T04:00:00,0.8
2014-07-14T04:00:00,0.7
2014-07-15T04:00:00,0.6
2014-07-16T04:00:00,0.65
2014-07-17T04:00:00,1
2014-07-18T04:00:00,1
2014-07-19T04:00:00,0.8
2014-07-20T04:00:00,1.2
2014-07-21T04:00:00,1.2
2014-07-22T04:00:00,1.4
2014-07-23T04:00:00,1.65
2014-07-24T04:00:00,1.8
2014-07-25T04:00:00,1.5
2014-07-26T04:00:00,1
2014-07-27T04:00:00,1.3
2014-07-28T04:00:00,1
2014-07-29T04:00:00,0.2
2014-07-30T04:00:00,0.5
2014-07-31T04:00:00,0.9
2014-08-01T04:00:00,0.3
2014-08-02T04:00:00,1
2014-08-03T04:00:00,0.8
2014-08-04T04:00:00,0.95
2014-08-05T04:00:00,1.4
2014-08-06T04:00:00,0.8
2014-08-07T04:00:00,1.35
2014-08-08T04:00:00,1.6
2014-08-09T04:00:00,1.4
2014-08-10T04:00:00,0.5
2014-08-11T04:00:00,1.65
2014-08-12T04:00:00,0.9
2014-08-13T04:00:00,1.25
2014-08-14T04:00:00,0.7
2014-08-15T04:00:00,0.8
2014-08-16T04:00:00,0.6
2014-08-17T04:00:00,0.8
2014-08-18T04:00:00,1
2014-08-19T04:00:00,1.1
2014-08-20T04:00:00,2
2014-08-21T04:00:00,0.85
2014-08-22T04:00:00,1.4
2014-08-23T04:00:00,1.3
2014-08-24T04:00:00,0.3
2014-08-25T04:00:00,0.7
2014-08-26T04:00:00,-0.95
2014-08-27T04:00:00,2
2014-08-28T04:00:00,0.7
2014-08-29T04:00:00,0.5
2014-08-30T04:00:00,0.8
2014-08-31T04:00:00,0.7
2014-09-01T04:00:00,0.85
2014-09-02T04:00:00,0.95
2014-09-03T04:00:00,0.9
2014-09-04T04:00:00,1.1
2014-09-05T04:00:00,1
2014-09-07T04:00:00,0.8
2014-09-08T04:00:00,1.6
2014-09-09T04:00:00,1.5
2014-09-10T04:00:00,1.8
2014-09-11T04:00:00,0.7
2014-09-12T04:00:00,0.9
2014-09-13T04:00:00,0.6
2014-09-14T04:00:00,1.25
2014-09-15T04:00:00,1.5
2014-09-16T04:00:00,1.55
2014-09-17T04:00:00,1.2
2014-09-18T04:00:00,1.5
2014-09-19T04:00:00,1.4
2014-09-20T04:00:00,1.55
2014-09-21T04:00:00,2.2
2014-09-22T04:00:00,0.7
2014-09-23T04:00:00,0.2
2014-09-24T04:00:00,1
2014-09-25T04:00:00,0.9
2014-09-26T04:00:00,0.7
2014-09-27T04:00:00,1
2014-09-28T04:00:00,0.6
2014-09-29T04:00:00,0.85
2014-09-30T04:00:00,1.1
2014-10-01T04:00:00,1.4
2014-10-02T04:00:00,1.6
2014-10-03T04:00:00,1.6
2014-10-04T04:00:00,1.2
2014-10-05T04:00:00,1.2
2014-10-06T04:00:00,0.9
2014-10-07T04:00:00,1
2014-10-08T04:00:00,1.2
2014-10-09T04:00:00,0.9
2014-10-10T04:00:00,1
2014-10-11T04:00:00,1.2
2014-10-12T04:00:00,0.9
2014-10-13T04:00:00,1.1
2014-10-14T04:00:00,1.1
2014-10-15T04:00:00,1.1
2014-10-16T04:00:00,1.3
2014-10-17T04:00:00,1.5
2014-10-18T04:00:00,1.6
2014-10-19T04:00:00,1.4
2014-10-20T04:00:00,1.1
2014-10-21T04:00:00,0.8
2014-10-22T04:00:00,0.6
2014-10-23T04:00:00,0.85
2014-10-24T04:00:00,1
2014-10-25T04:00:00,0.9
2014-10-26T04:00:00,0.8
2014-10-27T04:00:00,0.8
2014-10-28T04:00:00,0.8
2014-10-29T04:00:00,1.9
2014-10-30T04:00:00,1.7
2014-10-31T04:00:00,1.4
2014-11-01T04:00:00,2.45
2014-11-02T04:00:00,2.7
2014-11-03T04:00:00,2.8
2014-11-04T04:00:00,0.6
2014-11-05T04:00:00,2.3
2014-11-06T04:00:00,1.3
2014-11-07T04:00:00,0.7
2014-11-08T04:00:00,1
2014-11-09T04:00:00,1
2014-11-10T04:00:00,0.9
2014-11-11T04:00:00,1.1
2014-11-12T04:00:00,1.1
2014-11-13T04:00:00,2.1
2014-11-14T04:00:00,0.95
2014-11-15T04:00:00,1.2
2014-11-16T04:00:00,1.6
2014-11-17T04:00:00,1.6
2014-11-18T04:00:00,0.8
2014-11-19T04:00:00,1.3
2014-11-20T04:00:00,1.9
2014-11-21T04:00:00,1.7
2014-11-22T04:00:00,1.5
2014-11-23T04:00:00,0.7
2014-11-24T04:00:00,0.9
2014-11-25T04:00:00,0.7
2014-11-26T04:00:00,0.9
2014-11-27T04:00:00,1
2014-11-28T04:00:00,1.4
2014-11-29T04:00:00,0.95
2014-11-30T04:00:00,1.25
2014-12-01T04:00:00,2.65
2014-12-02T04:00:00,1.9
2014-12-03T04:00:00,1.6
2014-12-04T04:00:00,1.5
2014-12-05T04:00:00,1.1
2014-12-06T04:00:00,0.6
2014-12-07T04:00:00,0.9
2014-12-08T04:00:00,0.9
2014-12-09T04:00:00,1
2014-12-10T04:00:00,1
2014-12-11T04:00:00,2.5
2014-12-12T04:00:00,1.2
2014-12-12T12:00:00,0.7
2014-12-13T04:00:00,1.4
2014-12-14T04:00:00,2.3
2014-12-15T00:00:00,1.9
2014-12-15T04:00:00,1.8
2014-12-15T12:00:00,1
2014-12-16T00:00:00,1.35
2014-12-16T04:00:00,1.35
2014-12-16T12:00:00,0.4
2014-12-17T04:00:00,1.3
2014-12-17T12:00:00,1.2
2014-12-18T00:00:00,1.5
2014-12-18T04:00:00,1.5
2014-12-18T12:00:00,1.15
2014-12-19T04:00:00,1.2
2014-12-20T04:00:00,1.4
2014-12-21T04:00:00,1.9
2014-12-22T04:00:00,1.4
2014-12-23T00:00:00,1
2014-12-23T04:00:00,1.1
2014-12-24T00:00:00,0.7
2014-12-24T04:00:00,0.4
2014-12-24T12:00:00,0.5
2014-12-25T00:00:00,1
2014-12-25T04:00:00,0.8
2014-12-25T12:00:00,0.6
2014-12-26T00:00:00,1.2
2014-12-26T04:00:00,1
2014-12-26T12:00:00,0.7
2014-12-27T00:00:00,1.2
2014-12-27T04:00:00,1
2014-12-27T12:00:00,1.2
2014-12-28T00:00:00,1.7
2014-12-28T04:00:00,1.5
2014-12-28T12:00:00,1.2
2014-12-29T00:00:00,1.9
2014-12-29T04:00:00,1.7
2014-12-29T12:00:00,1.2
2014-12-30T00:00:00,1.5
2014-12-30T04:00:00,1.7
2014-12-30T12:00:00,1.4
2014-12-31T00:00:00,1.02
2014-12-31T04:00:00,1.7
2014-12-31T12:00:00,1.3
2015-01-01T00:00:00,1.4
2015-01-01T04:00:00,1.6
2015-01-01T12:00:00,0.8
2015-01-02T00:00:00,1
2015-01-02T04:00:00,1.7
2015-01-02T12:00:00,2.3
2015-01-03T00:00:00,1.5
2015-01-03T04:00:00,1.8
2015-01-03T12:00:00,1.2
2015-01-04T00:00:00,0.4
2015-01-04T04:00:00,0.5
2015-01-04T12:00:00,2
2015-01-05T00:00:00,1.1
2015-01-05T04:00:00,1
2015-01-05T12:00:00,0.5
2015-01-06T00:00:00,0.6
2015-01-06T04:00:00,0.8
2015-01-06T12:00:00,0.7
2015-01-07T00:00:00,1.1
2015-01-07T04:00:00,0.8
2015-01-08T04:00:00,1.1
2015-01-08T12:00:00,1
2015-01-09T00:00:00,1.5
2015-01-09T12:00:00,0.5
2015-01-10T00:00:00,1.5
2015-01-11T12:00:00,0.9
2015-01-12T00:00:00,1.5
2015-01-13T12:00:00,2.2
2015-01-14T00:00:00,1.6
2015-01-14T12:00:00,1.3
2015-01-15T00:00:00,1.9
2015-01-15T12:00:00,2
2015-01-16T12:00:00,0.3
2015-01-17T00:00:00,0.9
2015-01-17T12:00:00,2.35
2015-01-18T00:00:00,1.6
2015-01-19T00:00:00,0.7
2015-01-19T12:00:00,0.6
2015-01-20T12:00:00,1.7
2015-01-21T04:00:00,1.1
2015-01-22T04:00:00,1.3
2015-01-23T04:00:00,1
2015-01-24T04:00:00,0.8
2015-01-25T04:00:00,1.3
2015-01-26T04:00:00,1.5
2015-01-27T04:00:00,1.4
2015-01-28T04:00:00,1.6
2015-01-29T04:00:00,2.4
2015-01-30T04:00:00,1.9
2015-01-31T04:00:00,1.3
2015-02-01T04:00:00,1.1
2015-02-02T04:00:00,1.3
2015-02-03T04:00:00,1.4
2015-02-04T04:00:00,1.3
2015-02-05T04:00:00,1.1
2015-02-06T04:00:00,0.9
2015-02-07T04:00:00,1.1
2015-02-08T04:00:00,1.3
2015-02-09T04:00:00,0.9
2015-02-10T04:00:00,1.3
2015-02-11T04:00:00,1
2015-02-12T04:00:00,1.1
2015-02-13T04:00:00,2
2015-02-14T04:00:00,1.8
2015-02-15T04:00:00,1.7
2015-02-16T04:00:00,1.3
2015-02-17T04:00:00,1.1
2015-02-18T04:00:00,1.9
2015-02-19T04:00:00,1.9
2015-02-20T04:00:00,1.4
2015-02-21T04:00:00,1.2
2015-02-22T04:00:00,1.1
2015-02-23T04:00:00,1
2015-02-24T04:00:00,1.2
2015-02-25T04:00:00,1.2
2015-02-26T04:00:00,2.35
2015-02-27T04:00:00,1.2
2015-02-28T04:00:00,2.55
2015-03-01T04:00:00,1.2
2015-03-02T04:00:00,1.3
2015-03-03T04:00:00,0.8
2015-03-04T04:00:00,1.3
2015-03-05T04:00:00,1.6
2015-03-06T04:00:00,1
2015-03-07T04:00:00,0.8
2015-03-08T04:00:00,0.9
2015-03-09T04:00:00,1.1
2015-03-10T04:00:00,1.2
2015-03-11T04:00:00,1
2015-03-12T04:00:00,1.2
2015-03-13T04:00:00,1.35
2015-03-14T04:00:00,1
2015-03-15T04:00:00,1.8
2015-03-16T04:00:00,1.4
2015-03-17T04:00:00,1.2
2015-03-18T04:00:00,1.4
2015-03-19T04:00:00,1
2015-03-20T04:00:00,1.1
2015-03-21T04:00:00,1.1
2015-03-22T04:00:00,1.6
2015-03-23T04:00:00,1.15
2015-03-24T04:00:00,1.15
2015-03-25T04:00:00,1.3
2015-03-26T04:00:00,1.4
2015-03-27T04:00:00,1.6
2015-03-28T04:00:00,1.1
2015-03-29T04:00:00,1
2015-03-30T04:00:00,1.2
2015-03-31T04:00:00,1.4
2015-04-01T04:00:00,1.1
2015-04-02T04:00:00,0.6
2015-04-03T04:00:00,1.55
2015-04-04T04:00:00,0.9
2015-04-05T04:00:00,1.2
2015-04-06T04:00:00,2.7
2015-04-07T04:00:00,1.2
2015-04-08T04:00:00,1.1
2015-04-09T04:00:00,0.8
2015-04-10T04:00:00,0.75
2015-04-11T04:00:00,1.1
2015-04-12T04:00:00,1.3
2015-04-13T04:00:00,1.1
2015-04-14T04:00:00,1.1
2015-04-15T04:00:00,1.55
2015-04-16T04:00:00,2.1
2015-04-17T04:00:00,1
2015-04-18T04:00:00,0.25
2015-04-19T04:00:00,1.4
2015-04-20T04:00:00,0.8
2015-04-21T04:00:00,1.2
2015-04-22T04:00:00,1
2015-04-23T04:00:00,0.9
2015-04-24T04:00:00,1
2015-04-25T04:00:00,1.15
2015-04-26T04:00:00,0.9
2015-04-27T04:00:00,1.3
2015-04-28T04:00:00,1.5
2015-04-29T04:00:00,1.2
2015-04-30T04:00:00,0.2
2015-05-01T04:00:00,0.4
2015-05-02T04:00:00,0.8
2015-05-03T04:00:00,0.9
2015-05-04T04:00:00,1.3
2015-05-05T04:00:00,0.8
2015-05-06T04:00:00,1
2015-05-07T04:00:00,1.5
2015-05-08T04:00:00,0.8
2015-05-09T04:00:00,0.65
2015-05-10T04:00:00,0.9
2015-05-11T04:00:00,0.8
2015-05-12T04:00:00,0.8
2015-05-13T04:00:00,0.8
2015-05-14T04:00:00,0.6
2015-05-15T04:00:00,1.3
2015-05-16T04:00:00,1.1
2015-05-17T04:00:00,1.1
2015-05-18T04:00:00,1
2015-05-19T04:00:00,1.1
2015-05-20T04:00:00,0.6
2015-05-21T04:00:00,0.6
2015-05-22T04:00:00,0.7
2015-05-23T04:00:00,1
2015-05-24T04:00:00,1.4
2015-05-25T04:00:00,1
2015-05-26T04:00:00,1.3
2015-05-27T04:00:00,1.5
2015-05-28T04:00:00,0.8
2015-05-29T04:00:00,1.2
2015-05-30T04:00:00,0.7
2015-05-31T04:00:00,1.15
2015-06-01T04:00:00,1.1
2015-06-02T04:00:00,1
2015-06-03T04:00:00,0.8
2015-06-04T04:00:00,1.5
2015-06-05T04:00:00,0.8
2015-06-06T04:00:00,0.5
2015-06-07T04:00:00,0.9
2015-06-08T04:00:00,0.8
2015-06-09T04:00:00,1.1
2015-06-10T04:00:00,1
2015-06-11T04:00:00,1.3
2015-06-12T04:00:00,1.9
2015-06-13T04:00:00,0.8
2015-06-14T04:00:00,1.6
2015-06-15T04:00:00,0.8
2015-06-16T04:00:00,1.1
2015-06-17T04:00:00,0.7
2015-06-18T04:00:00,2.4
2015-06-19T04:00:00,0.8
2015-06-20T04:00:00,0.6
2015-06-21T04:00:00,0.5
2015-06-22T04:00:00,0.7
2015-06-23T04:00:00,1.8
2015-06-24T04:00:00,1.1
2015-06-25T04:00:00,0.5
2015-06-26T04:00:00,0.5
2015-06-27T04:00:00,1.1
2015-06-28T04:00:00,1.2
2015-06-29T04:00:00,0.7
2015-06-30T04:00:00,1.6
2015-07-01T04:00:00,2.1
2015-07-02T04:00:00,1.4
2015-07-03T04:00:00,0.8
2015-07-04T04:00:00,1.8
2015-07-05T04:00:00,0.6
2015-07-06T04:00:00,0.2
2015-07-07T04:00:00,0.7
2015-07-08T04:00:00,0.85
2015-07-09T04:00:00,0.7
2015-07-10T04:00:00,1.1
2015-07-11T04:00:00,1.6
2015-07-12T04:00:00,1.2
2015-07-13T04:00:00,1.3
2015-07-14T04:00:00,1.4
2015-07-15T04:00:00,1.3
2015-07-16T04:00:00,0.4
2015-07-17T04:00:00,1.4
2015-07-18T04:00:00,0.3
2015-07-19T04:00:00,1
2015-07-20T04:00:00,0.5
2015-07-21T04:00:00,1.45
2015-07-22T04:00:00,0.8
2015-07-23T04:00:00,0.9
2015-07-24T04:00:00,0.5
2015-07-25T04:00:00,1.3
2015-07-26T04:00:00,0.4
2015-07-27T04:00:00,0.8
2015-07-28T04:00:00,0.85
2015-07-29T04:00:00,1.4
2015-07-30T04:00:00,1.8
2015-07-31T04:00:00,1
2015-08-01T04:00:00,0.8
2015-08-02T04:00:00,0.8
2015-08-03T04:00:00,0.5
2015-08-04T04:00:00,0.7
2015-08-05T04:00:00,1.1
2015-08-06T04:00:00,0.8
2015-08-07T04:00:00,0.5
2015-08-08T04:00:00,2
2015-08-09T04:00:00,1.75
2015-08-10T04:00:00,1.5
2015-08-11T04:00:00,2.15
2015-08-12T04:00:00,1.7
2015-08-13T04:00:00,2.55
2015-08-14T04:00:00,1.2
2015-08-15T04:00:00,0.6
2015-08-16T04:00:00,0.5
2015-08-17T04:00:00,0.9
2015-08-18T04:00:00,0.45
2015-08-19T04:00:00,1.95
2015-08-20T04:00:00,1.5
2015-08-21T04:00:00,1.05
2015-08-22T04:00:00,0.7
2015-08-23T04:00:00,0.7
2015-08-24T04:00:00,2
2015-08-25T04:00:00,1
2015-08-26T04:00:00,0.75
2015-08-27T04:00:00,1.4
2015-08-28T04:00:00,1.7
2015-08-29T04:00:00,0.4
2015-08-30T04:00:00,1.2
2015-08-31T04:00:00,1.1
2015-09-01T04:00:00,2.3
2015-09-02T04:00:00,1.2
2015-09-03T04:00:00,0.8
2015-09-04T04:00:00,1.1
2015-09-05T04:00:00,1
2015-09-06T04:00:00,1.1
2015-09-07T04:00:00,1.3
2015-09-08T04:00:00,1.4
2015-09-09T04:00:00,1.3
2015-09-10T04:00:00,1.8
2015-09-11T04:00:00,1
2015-09-12T04:00:00,1.4
2015-09-13T04:00:00,1.45
2015-09-14T04:00:00,1
2015-09-15T04:00:00,0.5
2015-09-16T04:00:00,1.25
2015-09-17T04:00:00,1
2015-09-18T04:00:00,1.1
2015-09-19T04:00:00,1.2
2015-09-20T04:00:00,1.1
2015-09-21T04:00:00,1.9
2015-09-22T04:00:00,2.1
2015-09-23T04:00:00,1.96
2015-09-24T04:00:00,1.9
2015-09-25T04:00:00,2.15
2015-09-26T04:00:00,1.5
2015-09-27T04:00:00,1.2
2015-09-28T04:00:00,0.7
2015-09-29T04:00:00,0
2015-09-30T04:00:00,1.2
2015-10-01T04:00:00,0.7
2015-10-02T04:00:00,0.7
2015-10-03T04:00:00,1.9
2015-10-04T04:00:00,1.2
2015-10-05T04:00:00,1.1
2015-10-06T04:00:00,0.8
2015-10-07T04:00:00,1.9
2015-10-08T04:00:00,1.9
2015-10-09T04:00:00,2.3
2015-10-10T04:00:00,2
2015-10-11T04:00:00,1.8
2015-10-12T04:00:00,0.9
2015-10-13T04:00:00,0.55
2015-10-14T04:00:00,0.5
2015-10-15T04:00:00,0.9
2015-10-16T04:00:00,0.9
2015-10-17T04:00:00,1.4
2015-10-18T04:00:00,1.2
2015-10-19T04:00:00,0.8
2015-10-20T04:00:00,0.9
2015-10-21T04:00:00,1.4
2015-10-22T04:00:00,1.5
2015-10-23T04:00:00,2.2
2015-10-24T04:00:00,2.1
2015-10-25T04:00:00,1.85
2015-10-26T04:00:00,1.4
2015-10-27T04:00:00,0.9
2015-10-28T04:00:00,1
2015-10-29T04:00:00,0.5
2015-10-30T04:00:00,0.6
2015-10-31T04:00:00,1.5
2015-11-01T04:00:00,1.4
2015-11-02T04:00:00,1.4
2015-11-03T04:00:00,1.5
2015-11-04T04:00:00,2.2
2015-11-05T04:00:00,1.6
2015-11-06T04:00:00,1.65
2015-11-07T04:00:00,1.2
2015-11-08T04:00:00,1.2
2015-11-09T04:00:00,1.1
2015-11-10T04:00:00,1.3
2015-11-11T04:00:00,1.1
2015-11-12T04:00:00,0.85
2015-11-13T04:00:00,1.2
2015-11-14T04:00:00,2
2015-11-15T04:00:00,0.8
2015-11-16T04:00:00,0.9
2015-11-17T04:00:00,1.2
2015-11-18T04:00:00,0.9
2015-11-19T04:00:00,1.1
2015-11-20T04:00:00,2.3
2015-11-21T04:00:00,1.4
2015-11-22T04:00:00,1.1
2015-11-23T04:00:00,2.1
2015-11-24T04:00:00,1.6
2015-11-25T04:00:00,1.25
2015-11-26T04:00:00,1.1
2015-11-27T04:00:00,0.7
2015-11-28T04:00:00,0.6
2015-11-29T04:00:00,1.2
2015-11-30T04:00:00,1.2
2015-12-01T04:00:00,1.1
2015-12-02T04:00:00,1.5
2015-12-03T04:00:00,1.6
2015-12-04T04:00:00,1.2
2015-12-05T04:00:00,1.7
2015-12-06T04:00:00,2.5
2015-12-07T04:00:00,1.35
2015-12-08T04:00:00,0.9
2015-12-09T04:00:00,1.1
2015-12-10T04:00:00,1.1
2015-12-11T04:00:00,1.1
2015-12-12T04:00:00,0.65
2015-12-13T04:00:00,0.9
2015-12-14T04:00:00,0.8
2015-12-15T04:00:00,1.4
2015-12-16T04:00:00,1.5
2015-12-17T04:00:00,0.8
2015-12-18T04:00:00,1.2
2015-12-19T04:00:00,1.65
2015-12-20T04:00:00,1.4
2015-12-21T04:00:00,1.6
2015-12-22T04:00:00,1.35
2015-12-23T04:00:00,1.6
2015-12-24T04:00:00,1.1
2015-12-25T04:00:00,1.1
2015-12-26T04:00:00,1
2015-12-27T04:00:00,0.8
2015-12-28T04:00:00,1
2015-12-29T04:00:00,1.2
2015-12-30T04:00:00,1.2
2015-12-31T04:00:00,1.5
2016-01-01T04:00:00,1.5
2016-01-02T04:00:00,1.5
2016-01-03T04:00:00,1.1
2016-01-04T00:00:00,1.2
2016-01-04T12:00:00,0.75
2016-01-05T00:00:00,1.2
2016-01-05T12:00:00,1.3
2016-01-06T00:00:00,2.4
2016-01-06T06:00:00,2.5
2016-01-06T12:00:00,1.8
2016-01-07T00:00:00,1.1
2016-01-07T12:00:00,1.3
2016-01-08T00:00:00,1.8
2016-01-08T12:00:00,0.85
2016-01-09T00:00:00,0.8
2016-01-09T12:00:00,1.6
2016-01-09T15:00:00,2.4
2016-01-10T00:00:00,2
2016-01-10T12:00:00,0.7
2016-01-11T00:00:00,0.8
2016-01-11T12:00:00,0.85
2016-01-12T00:00:00,1.5
2016-01-12T12:00:00,0.6
2016-01-13T00:00:00,1.2
2016-01-13T12:00:00,2
2016-01-14T00:00:00,1.5
2016-01-14T12:00:00,0.6
2016-01-15T00:00:00,1.5
2016-01-16T04:00:00,2
2016-01-17T04:00:00,1
2016-01-18T04:00:00,1.5
2016-01-19T04:00:00,1.75
2016-01-20T04:00:00,1.75
2016-01-21T00:00:00,1
2016-01-21T12:00:00,0.9
2016-01-22T00:00:00,0.8
2016-01-22T12:00:00,0.3
2016-01-23T04:00:00,0.5
2016-01-24T04:00:00,1.6
2016-01-25T00:00:00,0.2
2016-01-25T12:00:00,0
2016-01-26T00:00:00,1.4
2016-01-26T12:00:00,1.5
2016-01-27T00:00:00,2
2016-01-27T12:00:00,1.8
2016-01-28T00:00:00,1.3
2016-01-28T12:00:00,0.6
2016-01-29T00:00:00,1.5
2016-01-29T12:00:00,0.9
2016-01-30T00:00:00,1.6
2016-01-30T12:00:00,1.1
2016-01-31T00:00:00,1.7
2016-01-31T12:00:00,1.75
2016-02-01T00:00:00,1.6
2016-02-01T12:00:00,1.3
2016-02-02T00:00:00,1.6
2016-02-02T12:00:00,1.1
2016-02-03T00:00:00,1.3
2016-02-03T12:00:00,1.1
2016-02-04T00:00:00,1
2016-02-04T12:00:00,0.4
2016-02-05T00:00:00,1.5
2016-02-05T12:00:00,1.05
2016-02-06T00:00:00,1.7
2016-02-06T12:00:00,0.9
2016-02-07T00:00:00,1.2
2016-02-07T12:00:00,0.4
2016-02-08T00:00:00,0.9
2016-02-08T12:00:00,0.4
2016-02-09T00:00:00,0.85
2016-02-09T12:00:00,0.5
2016-02-10T00:00:00,1.05
2016-02-10T12:00:00,1.1
2016-02-11T00:00:00,1.4
2016-02-11T12:00:00,0.9
2016-02-12T00:00:00,1.2
2016-02-12T12:00:00,0.5
2016-02-13T00:00:00,0.85
2016-02-14T04:00:00,1.4
2016-02-15T12:00:00,1.9
2016-02-16T00:00:00,2
2016-02-16T12:00:00,0.8
2016-02-17T00:00:00,1.25
2016-02-17T12:00:00,1.2
2016-02-18T00:00:00,1.4
2016-02-18T12:00:00,1.8
2016-02-19T00:00:00,1.1
2016-02-19T12:00:00,0.8
2016-02-20T00:00:00,1.95
2016-02-20T12:00:00,1.1
2016-02-21T00:00:00,0.7
2016-02-21T12:00:00,0.4
2016-02-22T00:00:00,1
2016-02-22T12:00:00,0.55
2016-02-23T00:00:00,1
2016-02-23T12:00:00,0.55
2016-02-24T00:00:00,1.4
2016-02-24T12:00:00,0.8
2016-02-25T00:00:00,1.4
2016-02-25T12:00:00,2.1
2016-02-26T00:00:00,1.5
2016-02-26T12:00:00,0.8
2016-02-27T00:00:00,1
2016-02-27T12:00:00,2
2016-02-28T00:00:00,2
2016-02-28T12:00:00,0.9
2016-02-29T00:00:00,1.5
2016-02-29T12:00:00,1.4
2016-03-01T00:00:00,1.8
2016-03-01T12:00:00,1.55
2016-03-02T00:00:00,2
2016-03-02T12:00:00,1.4
2016-03-03T00:00:00,1.5
2016-03-04T00:00:00,1.3
2016-03-04T12:00:00,1
2016-03-05T00:00:00,1.2
2016-03-05T12:00:00,1.7
2016-03-06T00:00:00,2.05
2016-03-06T12:00:00,1.7
2016-03-07T00:00:00,1.3
2016-03-07T12:00:00,1.37
2016-03-08T00:00:00,1.2
2016-03-08T12:00:00,0.7
2016-03-09T00:00:00,0.8
2016-03-09T12:00:00,0.8
2016-03-10T00:00:00,2.27
2016-03-10T06:00:00,2.7
2016-03-10T12:00:00,1.5
2016-03-11T00:00:00,1.7
2016-03-11T12:00:00,0.9
2016-03-12T00:00:00,1.26
2016-03-12T12:00:00,1.7
2016-03-13T00:00:00,1.7
2016-03-13T12:00:00,1.1
2016-03-14T00:00:00,1.4
2016-03-14T12:00:00,0.7
2016-03-15T00:00:00,1.6
2016-03-15T12:00:00,1.2
2016-03-16T00:00:00,1.5
2016-03-17T00:00:00,1.6
2016-03-17T12:00:00,1.2
2016-03-18T00:00:00,0.9
2016-03-18T12:00:00,1.2
2016-03-19T04:00:00,2.5
2016-03-20T04:00:00,1.5
2016-03-21T00:00:00,0.9
2016-03-21T12:00:00,1
2016-03-22T00:00:00,0.9
2016-03-22T12:00:00,0.5
2016-03-23T00:00:00,1.4
2016-03-23T12:00:00,0.9
2016-03-24T00:00:00,0.5
2016-03-24T12:00:00,0.7
2016-03-25T00:00:00,2.75
2016-03-25T01:00:00,2.8
2016-03-25T06:00:00,3.05
2016-03-25T12:00:00,2.2
2016-03-26T00:00:00,1.8
2016-03-26T12:00:00,1.2
2016-03-27T00:00:00,1.3
2016-03-27T12:00:00,1.2
2016-03-28T00:00:00,1.3
2016-03-28T12:00:00,1
2016-03-29T00:00:00,1.4
2016-03-29T12:00:00,1.2
2016-03-30T00:00:00,1.4
2016-03-30T12:00:00,1.1
2016-03-31T00:00:00,1.1
2016-03-31T12:00:00,0.9
2016-04-01T00:00:00,1.2
2016-04-01T12:00:00,1.45
2016-04-02T04:00:00,1.4
2016-04-03T04:00:00,1.2
2016-04-04T00:00:00,1.3
2016-04-04T12:00:00,2.2
2016-04-05T00:00:00,1.4
2016-04-05T12:00:00,0.65
2016-04-06T00:00:00,1.25
2016-04-06T12:00:00,1.1
2016-04-07T00:00:00,0.9
2016-04-07T12:00:00,0.4
2016-04-08T00:00:00,0.8
2016-04-08T12:00:00,0.9
2016-04-09T00:00:00,1.3
2016-04-09T12:00:00,1.2
2016-04-10T00:00:00,1.6
2016-04-10T06:00:00,2.5
2016-04-10T12:00:00,2
2016-04-11T00:00:00,2
2016-04-11T12:00:00,1.8
2016-04-12T00:00:00,1.7
2016-04-12T12:00:00,1.6
2016-04-13T00:00:00,1.9
2016-04-13T12:00:00,1.4
2016-04-14T00:00:00,0.9
2016-04-14T12:00:00,1.4
2016-04-15T00:00:00,1.5
2016-04-15T12:00:00,1.6
2016-04-16T00:00:00,1.1
2016-04-16T12:00:00,1.5
2016-04-17T00:00:00,1.6
2016-04-17T06:00:00,2.5
2016-04-17T12:00:00,2.7
2016-04-18T00:00:00,2
2016-04-18T12:00:00,2.3
2016-04-18T15:00:00,2.8
2016-04-18T18:00:00,3
2016-04-19T00:00:00,2.1
2016-04-19T12:00:00,1.1
2016-04-20T00:00:00,0.8
2016-04-20T12:00:00,0.8
2016-04-21T00:00:00,0.9
2016-04-21T12:00:00,0.77
2016-04-22T00:00:00,1.5
2016-04-22T12:00:00,1.8
2016-04-23T00:00:00,1.3
2016-04-23T12:00:00,0.7
2016-04-24T00:00:00,0.9
2016-04-24T12:00:00,1.6
2016-04-25T00:00:00,1.85
2016-04-25T06:00:00,2.7
2016-04-25T09:00:00,3
2016-04-25T12:00:00,2.3
2016-04-25T18:00:00,2
2016-04-26T00:00:00,1.6
2016-04-26T12:00:00,2
2016-04-26T18:00:00,2.6
2016-04-27T00:00:00,2.6
2016-04-27T03:00:00,2.3
2016-04-27T12:00:00,1.6
2016-04-28T00:00:00,1.6
2016-04-28T12:00:00,1.45
2016-04-29T00:00:00,1.1
2016-04-29T12:00:00,1.9
2016-04-30T00:00:00,2
2016-04-30T12:00:00,1.8
2016-05-01T00:00:00,1.3
2016-05-01T12:00:00,1.35
2016-05-02T00:00:00,0.8
2016-05-02T12:00:00,1.8
2016-05-03T00:00:00,1.9
2016-05-03T12:00:00,1.9
2016-05-04T00:00:00,1.17
2016-05-04T12:00:00,0.8
2016-05-05T00:00:00,1
2016-05-05T12:00:00,1.1
2016-05-06T00:00:00,1.3
2016-05-06T12:00:00,1
2016-05-07T00:00:00,1.1
2016-05-07T12:00:00,0.9
2016-05-08T00:00:00,1.1
2016-05-08T12:00:00,0.9
2016-05-09T00:00:00,1
2016-05-09T12:00:00,0.8
2016-05-10T00:00:00,1.2
2016-05-10T12:00:00,1.6
2016-05-11T00:00:00,1.8
2016-05-11T12:00:00,1.7
2016-05-12T00:00:00,1.5
2016-05-12T12:00:00,1.6
2016-05-13T00:00:00,1.25
2016-05-13T12:00:00,1.4
2016-05-14T00:00:00,0.77
2016-05-14T12:00:00,1.25
2016-05-15T00:00:00,1.2
2016-05-15T12:00:00,1.4
2016-05-16T00:00:00,1.9
2016-05-16T12:00:00,2
2016-05-17T00:00:00,1.4
2016-05-17T12:00:00,1.4
2016-05-18T00:00:00,1.13
2016-05-18T12:00:00,1.2
2016-05-19T00:00:00,0.9
2016-05-19T12:00:00,0.8
2016-05-20T00:00:00,0.8
2016-05-20T12:00:00,0.6
2016-05-21T00:00:00,0.9
2016-05-21T12:00:00,0.9
2016-05-22T00:00:00,0.8
2016-05-22T12:00:00,0.7
2016-05-23T00:00:00,1
2016-05-23T12:00:00,1.2
2016-05-24T00:00:00,1.1
2016-05-24T12:00:00,0.9
2016-05-25T00:00:00,0.7
2016-05-25T12:00:00,0.8
2016-05-26T00:00:00,1.2
2016-05-26T12:00:00,1.3
2016-05-27T00:00:00,1.3
2016-05-27T12:00:00,1.4
2016-05-28T00:00:00,1.2
2016-05-28T12:00:00,1.35
2016-05-29T00:00:00,1.17
2016-05-29T12:00:00,1.5
2016-05-30T00:00:00,1
2016-05-30T12:00:00,1
2016-05-31T00:00:00,0.1
2016-05-31T12:00:00,0.7
2016-06-01T00:00:00,0.3
2016-06-01T12:00:00,0.1
2016-06-02T00:00:00,1.2
2016-06-02T12:00:00,1
2016-06-03T00:00:00,1.3
2016-06-03T12:00:00,1.3
2016-06-04T00:00:00,1.1
2016-06-04T12:00:00,0.7
2016-06-05T00:00:00,1
2016-06-05T12:00:00,1
2016-06-06T00:00:00,0.9
2016-06-06T12:00:00,0.6
2016-06-07T00:00:00,0.2
2016-06-07T12:00:00,0.65
2016-06-08T00:00:00,1.2
2016-06-08T12:00:00,1.2
2016-06-09T00:00:00,1.4
2016-06-09T12:00:00,1.5
2016-06-10T00:00:00,1.42
2016-06-10T12:00:00,1.75
2016-06-11T00:00:00,1.3
2016-06-11T12:00:00,1.4
2016-06-12T00:00:00,1.1
2016-06-12T12:00:00,1.7
2016-06-13T00:00:00,1
2016-06-13T12:00:00,1.1
2016-06-14T00:00:00,0.75
2016-06-14T12:00:00,1.1
2016-06-15T00:00:00,1.3
2016-06-15T12:00:00,1.2
2016-06-16T00:00:00,1
2016-06-16T12:00:00,0.9
2016-06-17T00:00:00,0.6
2016-06-17T12:00:00,0.8
2016-06-18T00:00:00,0.8
2016-06-18T12:00:00,0.6
2016-06-19T00:00:00,0.85
2016-06-19T12:00:00,1.18
2016-06-20T00:00:00,1.3
2016-06-20T12:00:00,1
2016-06-21T00:00:00,0.7
2016-06-21T12:00:00,0.6
2016-06-22T00:00:00,0.6
2016-06-22T12:00:00,0.7
2016-06-23T00:00:00,0.7
2016-06-23T12:00:00,0.8
2016-06-24T00:00:00,0.77
2016-06-24T12:00:00,0.9
2016-06-25T00:00:00,0.8
2016-06-25T12:00:00,1.3
2016-06-26T00:00:00,1.3
2016-06-26T12:00:00,1.7
2016-06-27T00:00:00,1.3
2016-06-27T12:00:00,1.5
2016-06-28T00:00:00,1
2016-06-28T12:00:00,1
2016-06-29T00:00:00,0.75
2016-06-29T12:00:00,1.05
2016-06-30T00:00:00,1
2016-06-30T12:00:00,1.1
2016-07-01T00:00:00,1.6
2016-07-01T12:00:00,1.4
2016-07-02T00:00:00,1.4
2016-07-02T12:00:00,1
2016-07-03T00:00:00,1.6
2016-07-03T12:00:00,0.9
2016-07-04T00:00:00,0.6
2016-07-04T12:00:00,0.7
2016-07-05T00:00:00,1.2
2016-07-05T12:00:00,1.3
2016-07-06T00:00:00,1.2
2016-07-07T04:00:00,0.9
2016-07-08T04:00:00,0.75
2016-07-09T04:00:00,0.75
2016-07-10T04:00:00,0.6
2016-07-11T04:00:00,1
2016-07-12T04:00:00,0.95
2016-07-13T04:00:00,1
2016-07-14T04:00:00,1.4
2016-07-15T04:00:00,1.4
2016-07-16T04:00:00,0.8
2016-07-17T04:00:00,2
2016-07-18T04:00:00,1.1
2016-07-19T04:00:00,0.4
2016-07-20T04:00:00,0.9
2016-07-21T04:00:00,0.3
2016-07-21T12:00:00,0.3
2016-07-22T04:00:00,0.4
2016-07-23T04:00:00,0.7
2016-07-24T04:00:00,0.5
2016-07-25T04:00:00,1.2
2016-07-26T04:00:00,1.3
2016-07-27T04:00:00,2.3
2016-07-28T04:00:00,1.3
2016-07-29T04:00:00,1.1
2016-07-30T04:00:00,0.8
2016-07-31T04:00:00,1.2
2016-08-01T04:00:00,1.7
2016-08-02T04:00:00,1.65
2016-08-03T04:00:00,0.9
2016-08-04T04:00:00,0.5
2016-08-05T04:00:00,0.6
2016-08-06T04:00:00,0.7
2016-08-07T04:00:00,0.7
2016-08-08T04:00:00,0.6
2016-08-09T04:00:00,0.85
2016-08-10T00:00:00,0.9
2016-08-10T12:00:00,1
2016-08-11T00:00:00,1.2
2016-08-11T12:00:00,1.3
2016-08-12T00:00:00,0.94
2016-08-12T12:00:00,0.6
2016-08-13T00:00:00,1.45
2016-08-13T12:00:00,1.2
2016-08-14T00:00:00,1.5
2016-08-14T12:00:00,1.3
2016-08-15T00:00:00,1
2016-08-15T12:00:00,1.2
2016-08-16T00:00:00,0.85
2016-08-16T12:00:00,1.1
2016-08-17T00:00:00,0.7
2016-08-17T12:00:00,0.65
2016-08-18T00:00:00,1.3
2016-08-18T12:00:00,0.7
2016-08-19T00:00:00,0.4
2016-08-19T12:00:00,0.72
2016-08-20T00:00:00,0.65
2016-08-20T12:00:00,1.7
2016-08-21T00:00:00,1.4
2016-08-21T12:00:00,1.4
2016-08-22T00:00:00,0.5
2016-08-22T12:00:00,0.3
2016-08-23T00:00:00,0.7
2016-08-23T12:00:00,1.1
2016-08-24T00:00:00,0.85
2016-08-24T12:00:00,1.15
2016-08-25T00:00:00,1.3
2016-08-25T12:00:00,1.5
2016-08-26T00:00:00,1.33
2016-08-26T12:00:00,1.2
2016-08-27T00:00:00,1.4
2016-08-27T12:00:00,2.1
2016-08-28T00:00:00,2.35
2016-08-28T12:00:00,1.8
2016-08-29T00:00:00,1.5
2016-08-30T00:00:00,0.7
2016-08-30T12:00:00,0.3
2016-08-31T00:00:00,0.1
2016-08-31T12:00:00,0.4
2016-09-01T00:00:00,1.4
2016-09-01T12:00:00,1.2
2016-09-02T00:00:00,1.4
2016-09-02T12:00:00,1.3
2016-09-03T00:00:00,1.3
2016-09-03T12:00:00,1.5
2016-09-04T00:00:00,1.2
2016-09-04T12:00:00,1.5
2016-09-05T00:00:00,1.2
2016-09-05T12:00:00,1.5
2016-09-06T00:00:00,1.3
2016-09-06T12:00:00,1.6
2016-09-07T00:00:00,1.5
2016-09-07T12:00:00,1.4
2016-09-08T00:00:00,1
2016-09-08T12:00:00,1
2016-09-09T00:00:00,0.8
2016-09-09T12:00:00,0.9
2016-09-10T00:00:00,1.35
2016-09-10T12:00:00,1.4
2016-09-11T00:00:00,1.35
2016-09-11T12:00:00,1.32
2016-09-12T00:00:00,1.5
2016-09-12T12:00:00,0.9
2016-09-13T00:00:00,1.1
2016-09-13T12:00:00,1.05
2016-09-14T00:00:00,0.2
2016-09-14T12:00:00,2.02
2016-09-15T00:00:00,2.05
2016-09-15T12:00:00,0.7
2016-09-16T00:00:00,0.2
2016-09-16T12:00:00,0.4
2016-09-17T00:00:00,0.8
2016-09-17T12:00:00,0.77
2016-09-18T00:00:00,0.48
2016-09-18T12:00:00,1.1
2016-09-19T00:00:00,0.7
2016-09-19T12:00:00,1.1
2016-09-20T00:00:00,0.75
2016-09-20T12:00:00,0.9
2016-09-21T00:00:00,0.55
2016-09-21T12:00:00,0.5
2016-09-22T00:00:00,1
2016-09-22T12:00:00,1.2
2016-09-23T00:00:00,1
2016-09-23T12:00:00,2.3
2016-09-24T00:00:00,2.2
2016-09-24T12:00:00,1.6
2016-09-25T00:00:00,1.5
2016-09-25T12:00:00,1.2
2016-09-26T00:00:00,1.5
2016-09-26T12:00:00,0.8
2016-09-27T00:00:00,0.9
2016-09-27T12:00:00,0.4
2016-09-28T04:00:00,1.2
2016-09-29T04:00:00,2.2
2016-09-30T04:00:00,1.4
2016-10-01T04:00:00,0.7
2016-10-02T04:00:00,0.8
2016-10-03T04:00:00,0.6
2016-10-04T04:00:00,0.7
2016-10-05T00:00:00,0.7
2016-10-05T12:00:00,0.7
2016-10-06T00:00:00,0.8
2016-10-06T12:00:00,1.1
2016-10-07T00:00:00,1.1
2016-10-07T12:00:00,0.9
2016-10-08T00:00:00,1.1
2016-10-08T12:00:00,1.3
2016-10-09T00:00:00,1.6
2016-10-09T12:00:00,0.6
2016-10-10T00:00:00,0.9
2016-10-10T12:00:00,1.65
2016-10-11T00:00:00,1.1
2016-10-11T12:00:00,0.8
2016-10-12T00:00:00,1.1
2016-10-12T12:00:00,0.85
2016-10-13T00:00:00,1.2
2016-10-13T12:00:00,0.9
2016-10-14T00:00:00,1.5
2016-10-14T12:00:00,1.3
2016-10-15T00:00:00,0.8
2016-10-15T12:00:00,0.8
2016-10-16T00:00:00,0.8
2016-10-17T00:00:00,0.4
2016-10-17T12:00:00,0.9
2016-10-18T00:00:00,1.5
2016-10-18T12:00:00,1.7
2016-10-19T00:00:00,1.55
2016-10-19T12:00:00,2.05
2016-10-20T00:00:00,2.1
2016-10-20T12:00:00,1.7
2016-10-21T00:00:00,1.2
2016-10-21T12:00:00,1.3
2016-10-22T00:00:00,1.3
2016-10-22T12:00:00,1
2016-10-23T00:00:00,1.6
2016-10-23T12:00:00,1.2
2016-10-24T00:00:00,2
2016-10-24T12:00:00,1.6
2016-10-25T00:00:00,1.9
2016-10-25T12:00:00,1.3
2016-10-26T00:00:00,1.4
2016-10-26T12:00:00,0.6
2016-10-27T00:00:00,0.9
2016-10-27T12:00:00,2.3
2016-10-27T16:00:00,2.75
2016-10-28T00:00:00,2.8
2016-10-28T05:00:00,2.45
2016-10-28T12:00:00,1.3
2016-10-29T00:00:00,0.4
2016-10-29T12:00:00,0.2
2016-10-30T00:00:00,0.6
2016-10-30T12:00:00,0.7
2016-10-31T00:00:00,0.7
2016-10-31T12:00:00,0.75
2016-11-01T00:00:00,0.8
2016-11-01T12:00:00,0.85
2016-11-02T00:00:00,1.1
2016-11-02T12:00:00,0.9
2016-11-03T00:00:00,1.4
2016-11-03T12:00:00,0.6
2016-11-04T00:00:00,0.5
2016-11-04T12:00:00,0.6
2016-11-05T00:00:00,1.6
2016-11-05T12:00:00,1
2016-11-06T00:00:00,0.5
2016-11-06T12:00:00,1.05
2016-11-07T00:00:00,1.5
2016-11-07T12:00:00,1.7
2016-11-08T00:00:00,2.2
2016-11-08T12:00:00,1.4
2016-11-09T00:00:00,1.9
2016-11-09T12:00:00,1
2016-11-10T00:00:00,1.2
2016-11-10T12:00:00,1.2
2016-11-11T00:00:00,1.6
2016-11-11T12:00:00,2
2016-11-12T00:00:00,2
2016-11-13T00:00:00,1
2016-11-13T12:00:00,1.6
2016-11-14T00:00:00,0.4
2016-11-14T12:00:00,0.7
2016-11-15T00:00:00,0.4
2016-11-15T12:00:00,0.73
2016-11-16T00:00:00,0.8
2016-11-16T06:00:00,2.55
2016-11-16T12:00:00,1.7
2016-11-17T00:00:00,1
2016-11-17T12:00:00,1.5
2016-11-17T18:00:00,2.5
2016-11-18T00:00:00,1.8
2016-11-18T12:00:00,1
2016-11-19T00:00:00,1
2016-11-19T12:00:00,0.8
2016-11-20T00:00:00,1.5
2016-11-20T12:00:00,1
2016-11-21T12:00:00,2.1
2016-11-22T00:00:00,2
2016-11-22T12:00:00,0.95
2016-11-23T00:00:00,1.2
2016-11-24T00:00:00,1.4
2016-11-24T12:00:00,0.7
2016-11-25T00:00:00,0.9
2016-11-25T12:00:00,0.5
2016-11-26T00:00:00,1.1
2016-11-27T04:00:00,0.9
2016-11-28T04:00:00,1.6
2016-11-29T00:00:00,0.7
2016-11-29T12:00:00,0.9
2016-11-30T00:00:00,1.2
2016-11-30T12:00:00,0.6
2016-12-01T00:00:00,0.95
2016-12-01T12:00:00,0.3
2016-12-02T00:00:00,0.9
2016-12-02T12:00:00,0.4
2016-12-03T00:00:00,1.2
2016-12-03T12:00:00,1.25
2016-12-04T00:00:00,1.4
2016-12-04T12:00:00,0.75
2016-12-05T00:00:00,0.9
2016-12-06T00:00:00,1.7
2016-12-06T12:00:00,1.1
2016-12-07T00:00:00,2.3
2016-12-07T12:00:00,1.25
2016-12-08T00:00:00,1.8
2016-12-08T12:00:00,2
2016-12-09T00:00:00,2.35
2016-12-10T00:00:00,1.2
2016-12-10T12:00:00,0.6
2016-12-11T00:00:00,1.05
2016-12-12T00:00:00,1.65
2016-12-12T12:00:00,0.3
2016-12-13T00:00:00,0.51
2016-12-13T12:00:00,2.05
2016-12-14T00:00:00,1.7
2016-12-14T12:00:00,1.85
2016-12-14T19:00:00,2.5
2016-12-15T00:00:00,1.4
2016-12-15T12:00:00,0.5
2016-12-16T00:00:00,0.3
2016-12-17T00:00:00,1
2016-12-17T12:00:00,0.3
2016-12-18T00:00:00,1.3
2016-12-18T12:00:00,1.1
2016-12-19T00:00:00,1.1
2016-12-19T12:00:00,1.3
2016-12-20T00:00:00,1.8
2016-12-20T12:00:00,1.2
2016-12-21T00:00:00,1.6
2016-12-21T12:00:00,0.9
2016-12-22T00:00:00,1.6
2016-12-22T12:00:00,1.4
2016-12-23T00:00:00,1.5
2016-12-23T12:00:00,1.1
2016-12-24T00:00:00,1.4
2016-12-24T12:00:00,1.1
2016-12-25T00:00:00,0.8
2016-12-25T12:00:00,0.4
2016-12-26T00:00:00,0.8
2016-12-26T12:00:00,1.4
2016-12-27T00:00:00,1.8
2016-12-27T12:00:00,1
2016-12-28T00:00:00,0.8
2016-12-28T12:00:00,0.7
2016-12-29T00:00:00,1.2
2016-12-29T12:00:00,0.6
2016-12-30T00:00:00,1.2
2016-12-30T12:00:00,0.65
2016-12-31T00:00:00,1.3
2016-12-31T12:00:00,0.6
2017-01-01T00:00:00,1.1
2017-01-01T12:00:00,0.9
2017-01-02T00:00:00,1.3
2017-01-02T12:00:00,1.9
2017-01-03T00:00:00,1.3
2017-01-03T12:00:00,0.2
2017-01-04T00:00:00,1.1
2017-01-04T12:00:00,1.4
2017-01-05T00:00:00,1.3
2017-01-05T12:00:00,1.3
2017-01-06T00:00:00,2.75
2017-01-06T12:00:00,1.55
2017-01-07T00:00:00,1.4
2017-01-07T12:00:00,0.05
2017-01-08T00:00:00,1.2
2017-01-08T12:00:00,2.2
2017-01-09T00:00:00,1.6
2017-01-09T12:00:00,0.9
2017-01-10T00:00:00,1.4
2017-01-10T12:00:00,2.2
2017-01-11T00:00:00,1.05
2017-01-11T12:00:00,0.4
2017-01-12T00:00:00,0.6
2017-01-12T12:00:00,0.8
2017-01-13T00:00:00,0.9
2017-01-13T12:00:00,0
2017-01-14T00:00:00,2.2
2017-01-14T03:00:00,2.6
2017-01-14T06:00:00,2.4
2017-01-14T12:00:00,1.3
2017-01-15T00:00:00,1.2
2017-01-15T12:00:00,0.85
2017-01-16T00:00:00,1.8
2017-01-16T12:00:00,1.1
2017-01-17T00:00:00,1.6
2017-01-17T12:00:00,1.1
2017-01-18T00:00:00,1.75
2017-01-19T00:00:00,1.8
2017-01-19T12:00:00,0.8
2017-01-20T00:00:00,1.4
2017-01-20T12:00:00,1
2017-01-21T00:00:00,1.4
2017-01-21T12:00:00,0.7
2017-01-22T00:00:00,1.1
2017-01-22T12:00:00,1.1
2017-01-23T00:00:00,1.9
2017-01-23T12:00:00,1
2017-01-24T00:00:00,1.2
2017-01-24T12:00:00,0.4
2017-01-25T00:00:00,1.3
2017-01-25T12:00:00,2.4
2017-01-26T00:00:00,1.6
2017-01-26T12:00:00,1.5
2017-01-27T00:00:00,1.1
2017-01-27T12:00:00,0.7
2017-01-28T00:00:00,0.65
2017-01-29T12:00:00,0.6
2017-01-30T00:00:00,1
2017-01-30T12:00:00,0.5
2017-01-31T00:00:00,1.05
2017-01-31T12:00:00,0.75
2017-02-01T00:00:00,1.3
2017-02-01T12:00:00,0.8
2017-02-02T00:00:00,1.8
2017-02-02T12:00:00,1.2
2017-02-03T00:00:00,1.7
2017-02-03T12:00:00,1
2017-02-04T00:00:00,1.6
2017-02-04T12:00:00,1.3
2017-02-05T00:00:00,2.2
2017-02-05T12:00:00,1.25
2017-02-06T00:00:00,0.4
2017-02-06T12:00:00,2.45
2017-02-07T00:00:00,1.3
2017-02-07T12:00:00,1.45
2017-02-08T00:00:00,1.15
2017-02-08T12:00:00,1.1
2017-02-09T00:00:00,0.9
2017-02-09T12:00:00,0.4
2017-02-10T00:00:00,0.5
2017-02-10T12:00:00,0.7
2017-02-11T00:00:00,1
2017-02-11T12:00:00,1
2017-02-12T00:00:00,1.2
2017-02-12T12:00:00,0.8
2017-02-13T00:00:00,1.7
2017-02-13T12:00:00,1.9
2017-02-14T00:00:00,1.9
2017-02-14T12:00:00,0.9
2017-02-15T00:00:00,1.4
2017-02-15T12:00:00,1.3
2017-02-16T00:00:00,1.4
2017-02-16T12:00:00,1.2
2017-02-17T00:00:00,1.6
2017-02-18T00:00:00,1.5
2017-02-18T12:00:00,1.3
2017-02-19T00:00:00,1.3
2017-02-19T12:00:00,1.8
2017-02-20T00:00:00,1.3
2017-02-20T12:00:00,0.8
2017-02-21T00:00:00,1.3
2017-02-21T12:00:00,1.4
2017-02-22T00:00:00,0.9
2017-02-22T12:00:00,1.3
2017-02-23T00:00:00,1.2
2017-02-23T12:00:00,1.2
2017-02-24T00:00:00,1.2
2017-02-24T12:00:00,1
2017-02-25T00:00:00,0.9
2017-02-25T12:00:00,0.9
2017-02-26T00:00:00,1.3
2017-02-26T12:00:00,0.45
2017-02-27T00:00:00,0.75
2017-02-27T12:00:00,0.55
2017-02-28T00:00:00,0.95
2017-02-28T12:00:00,0.7
2017-03-01T00:00:00,1.2
2017-03-01T12:00:00,0.55
2017-03-02T00:00:00,1.55
2017-03-02T12:00:00,1.55
2017-03-03T00:00:00,1.1
2017-03-03T12:00:00,1.6
2017-03-04T00:00:00,2.2
2017-03-04T12:00:00,1.45
2017-03-05T00:00:00,1.85
2017-03-05T12:00:00,1.5
2017-03-06T00:00:00,1.65
2017-03-06T12:00:00,0.95
2017-03-07T00:00:00,1.1
2017-03-07T12:00:00,2.55
2017-03-08T00:00:00,1.3
2017-03-08T12:00:00,1
2017-03-09T00:00:00,0.65
2017-03-09T12:00:00,0.5
2017-03-10T00:00:00,1.4
2017-03-10T12:00:00,0.7
2017-03-11T00:00:00,1.3
2017-03-11T12:00:00,1.6
2017-03-12T00:00:00,0.9
2017-03-12T12:00:00,0.5
2017-03-13T00:00:00,1.7
2017-03-13T12:00:00,1.2
2017-03-14T00:00:00,0.3
2017-03-14T12:00:00,1.1
2017-03-15T00:00:00,1.7
2017-03-15T12:00:00,0.7
2017-03-16T00:00:00,1.5
2017-03-16T12:00:00,2.2
2017-03-16T18:00:00,2.6
2017-03-17T00:00:00,2.1
2017-03-17T12:00:00,1.4
2017-03-18T00:00:00,1.4
2017-03-18T12:00:00,0.9
2017-03-19T00:00:00,1.3
2017-03-19T12:00:00,1.15
2017-03-20T00:00:00,1.3
2017-03-20T12:00:00,1.15
2017-03-21T00:00:00,1.3
2017-03-21T12:00:00,1.2
2017-03-22T00:00:00,1.5
2017-03-22T12:00:00,1.2
2017-03-23T00:00:00,1.1
2017-03-23T12:00:00,1.2
2017-03-24T00:00:00,1.2
2017-03-24T12:00:00,1.1
2017-03-25T00:00:00,1.3
2017-03-25T12:00:00,1.2
2017-03-26T00:00:00,0.8
2017-03-26T12:00:00,0.6
2017-03-27T00:00:00,0.8
2017-03-27T12:00:00,0.5
2017-03-28T00:00:00,1
2017-03-28T12:00:00,0.6
2017-03-29T00:00:00,0.6
2017-03-29T12:00:00,0.6
2017-03-30T00:00:00,1
2017-03-30T12:00:00,0.45
2017-03-31T00:00:00,0.9
2017-03-31T12:00:00,0.5
2017-04-01T00:00:00,1.1
2017-04-01T12:00:00,0.9
2017-04-02T00:00:00,1.3
2017-04-02T12:00:00,0.7
2017-04-03T00:00:00,1
2017-04-03T12:00:00,1.1
2017-04-04T00:00:00,1.45
2017-04-04T12:00:00,1.5
2017-04-05T00:00:00,1.3
2017-04-05T12:00:00,1.4
2017-04-06T00:00:00,1.5
2017-04-06T12:00:00,2.1
2017-04-07T00:00:00,1.4
2017-04-07T12:00:00,1.1
2017-04-08T00:00:00,0.5
2017-04-08T12:00:00,0.4
2017-04-09T00:00:00,0.7
2017-04-09T12:00:00,0.3
2017-04-10T00:00:00,0.5
2017-04-10T12:00:00,0.6
2017-04-11T00:00:00,0
2017-04-11T12:00:00,0.4
2017-04-12T00:00:00,2.1
2017-04-12T12:00:00,1.7
2017-04-13T00:00:00,1.4
2017-04-13T12:00:00,1
2017-04-14T00:00:00,1.4
2017-04-14T12:00:00,1.15
2017-04-15T00:00:00,1.6
2017-04-15T12:00:00,1
2017-04-16T00:00:00,1.5
2017-04-16T12:00:00,1.7
2017-04-17T00:00:00,1.5
2017-04-17T12:00:00,1.35
2017-04-18T00:00:00,1.25
2017-04-18T12:00:00,1.3
2017-04-19T00:00:00,1.1
2017-04-19T12:00:00,0.9
2017-04-20T00:00:00,0.8
2017-04-20T12:00:00,1.3
2017-04-21T00:00:00,1.3
2017-04-21T12:00:00,1.2
2017-04-22T00:00:00,1.55
2017-04-22T12:00:00,2.3
2017-04-23T00:00:00,1.1
2017-04-23T12:00:00,1.3
2017-04-24T00:00:00,1.5
2017-04-24T12:00:00,1.1
2017-04-25T00:00:00,0.7
2017-04-25T12:00:00,0.25
2017-04-26T00:00:00,0.4
2017-04-26T12:00:00,0.5
2017-04-27T00:00:00,0.8
2017-04-27T12:00:00,1.1
2017-04-28T00:00:00,0.8
2017-04-28T12:00:00,0.3
2017-04-29T00:00:00,0.9
2017-04-29T12:00:00,1
2017-04-30T00:00:00,1.1
2017-04-30T12:00:00,0.9
2017-05-01T00:00:00,1
2017-05-01T12:00:00,1.2
2017-05-02T00:00:00,1.3
2017-05-02T12:00:00,1.1
2017-05-03T00:00:00,1
2017-05-03T12:00:00,1.4
2017-05-04T00:00:00,1.8
2017-05-04T12:00:00,1.9
2017-05-05T00:00:00,0.7
2017-05-05T12:00:00,0.8
2017-05-06T00:00:00,1.7
2017-05-06T12:00:00,1.5
2017-05-07T00:00:00,0.6
2017-05-07T12:00:00,0.1
2017-05-08T00:00:00,1
2017-05-08T12:00:00,1
2017-05-09T00:00:00,1.3
2017-05-09T12:00:00,1.4
2017-05-10T00:00:00,1.1
2017-05-10T12:00:00,1.4
2017-05-11T00:00:00,1.2
2017-05-11T12:00:00,1
2017-05-12T00:00:00,1.2
2017-05-12T12:00:00,0.75
2017-05-13T00:00:00,1.2
2017-05-13T12:00:00,1.15
2017-05-14T00:00:00,1.2
2017-05-14T12:00:00,1.3
2017-05-15T00:00:00,1
2017-05-15T12:00:00,0.8
2017-05-16T00:00:00,0.8
2017-05-16T12:00:00,1.2
2017-05-17T00:00:00,0.9
2017-05-17T12:00:00,1.2
2017-05-18T00:00:00,1.1
2017-05-19T00:00:00,1.3
2017-05-19T12:00:00,1.5
2017-05-20T00:00:00,0.3
2017-05-20T12:00:00,1
2017-05-21T00:00:00,0.6
2017-05-22T00:00:00,0.7
2017-05-22T12:00:00,1.4
2017-05-23T00:00:00,1.7
2017-05-23T12:00:00,1.5
2017-05-24T00:00:00,1.4
2017-05-24T12:00:00,0.8
2017-05-25T00:00:00,0.8
2017-05-25T12:00:00,0.8
2017-05-26T00:00:00,1.4
2017-05-26T12:00:00,0.95
2017-05-27T00:00:00,1.5
2017-05-27T03:00:00,2.5
2017-05-27T04:00:00,2.8
2017-05-27T06:00:00,2.92
2017-05-27T08:00:00,2.3
2017-05-28T00:00:00,1.3
2017-05-28T12:00:00,1.2
2017-05-29T00:00:00,1.1
2017-05-29T12:00:00,1.3
2017-05-30T00:00:00,1.4
2017-05-30T12:00:00,1.5
2017-05-31T00:00:00,1.5
2017-05-31T12:00:00,1.35
2017-06-01T00:00:00,1.1
2017-06-01T12:00:00,1.7
2017-06-02T00:00:00,1.3
2017-06-02T12:00:00,1.6
2017-06-03T00:00:00,1.3
2017-06-03T12:00:00,1.2
2017-06-04T00:00:00,0.6
2017-06-04T12:00:00,1.4
2017-06-05T00:00:00,1.1
2017-06-05T12:00:00,2.1
2017-06-06T00:00:00,1.4
2017-06-06T12:00:00,1
2017-06-07T00:00:00,0.7
2017-06-07T12:00:00,0.6
2017-06-08T00:00:00,0.9
2017-06-08T12:00:00,0.9
2017-06-09T00:00:00,1.2
2017-06-09T12:00:00,1.4
2017-06-10T00:00:00,0.4
2017-06-10T12:00:00,0.6
2017-06-11T00:00:00,1.5
2017-06-11T12:00:00,1.4
2017-06-12T00:00:00,1.4
2017-06-12T12:00:00,1.7
2017-06-13T00:00:00,0.9
2017-06-13T12:00:00,0.85
2017-06-14T00:00:00,1.6
2017-06-14T12:00:00,1.7
2017-06-15T00:00:00,1.1
2017-06-15T12:00:00,0.55
2017-06-16T00:00:00,0.7
2017-06-17T00:00:00,1.3
2017-06-17T12:00:00,1.6
2017-06-18T00:00:00,0.8
2017-06-18T12:00:00,0.5
2017-06-19T00:00:00,1.05
2017-06-19T12:00:00,2
2017-06-20T04:00:00,1.2
2017-06-21T04:00:00,1.4
2017-06-22T04:00:00,1
2017-06-23T04:00:00,0.9
2017-06-24T04:00:00,1.6
2017-06-25T04:00:00,1.3
2017-06-26T04:00:00,0.8
2017-06-27T04:00:00,0.8
2017-06-28T04:00:00,0.9
2017-06-29T04:00:00,0.6
2017-06-30T04:00:00,0.6
2017-07-01T04:00:00,1.8
2017-07-02T04:00:00,1
2017-07-03T04:00:00,0.8
2017-07-04T04:00:00,0.8
2017-07-05T04:00:00,1
2017-07-06T04:00:00,0.55
2017-07-07T04:00:00,1.2
2017-07-08T04:00:00,1.3
2017-07-09T04:00:00,0.4
2017-07-10T04:00:00,0.7
2017-07-11T04:00:00,1.4
2017-07-12T04:00:00,0.8
2017-07-13T04:00:00,0.45
2017-07-14T04:00:00,0.6
2017-07-15T04:00:00,1.4
2017-07-16T04:00:00,1
2017-07-17T04:00:00,1.7
2017-07-18T04:00:00,1.4
2017-07-18T12:00:00,1.4
2017-07-19T00:00:00,1.1
2017-07-19T04:00:00,0.85
2017-07-19T12:00:00,0.6
2017-07-20T00:00:00,0.7
2017-07-20T04:00:00,0.8
2017-07-20T12:00:00,0.7
2017-07-21T00:00:00,1.3
2017-07-21T04:00:00,1.5
2017-07-21T12:00:00,1.2
2017-07-22T00:00:00,1.1
2017-07-22T04:00:00,1.5
2017-07-22T12:00:00,0.5
2017-07-23T04:00:00,0.4
2017-07-24T00:00:00,0.7
2017-07-24T04:00:00,1.15
2017-07-24T12:00:00,1.1
2017-07-25T00:00:00,0.8
2017-07-25T04:00:00,0.8
2017-07-25T12:00:00,1
2017-07-26T00:00:00,1.2
2017-07-26T04:00:00,0.9
2017-07-26T12:00:00,1.2
2017-07-27T00:00:00,0.6
2017-07-27T04:00:00,0.4
2017-07-27T12:00:00,1.1
2017-07-28T00:00:00,0.6
2017-07-28T04:00:00,0.4
2017-07-28T12:00:00,1
2017-07-29T00:00:00,0.9
2017-07-29T04:00:00,0.9
2017-07-29T12:00:00,1.5
2017-07-30T00:00:00,1.6
2017-07-30T04:00:00,1.4
2017-07-30T12:00:00,2.3
2017-07-31T00:00:00,1.8
2017-07-31T04:00:00,1.6
2017-07-31T12:00:00,2
2017-08-01T00:00:00,1.3
2017-08-01T04:00:00,1.2
2017-08-01T12:00:00,1.4
2017-08-02T00:00:00,1.4
2017-08-02T04:00:00,1.4
2017-08-02T12:00:00,1.5
2017-08-03T00:00:00,1.1
2017-08-03T04:00:00,1.15
2017-08-03T12:00:00,1.1
2017-08-04T00:00:00,1.1
2017-08-04T04:00:00,1.25
2017-08-04T12:00:00,0.9
2017-08-05T00:00:00,1.1
2017-08-05T04:00:00,1.3
2017-08-05T12:00:00,0.7
2017-08-06T00:00:00,0.4
2017-08-06T04:00:00,0.6
2017-08-06T12:00:00,0.15
2017-08-07T00:00:00,1.1
2017-08-07T04:00:00,1.4
2017-08-07T12:00:00,1.1
2017-08-08T00:00:00,0.6
2017-08-08T04:00:00,0.7
2017-08-08T12:00:00,0.5
2017-08-09T00:00:00,0.9
2017-08-09T04:00:00,1.4
2017-08-10T00:00:00,0.6
2017-08-10T04:00:00,0.4
2017-08-10T12:00:00,0.4
2017-08-11T00:00:00,0.3
2017-08-11T04:00:00,0.4
2017-08-11T12:00:00,0.65
2017-08-12T00:00:00,0.3
2017-08-12T04:00:00,0.1
2017-08-12T12:00:00,0.5
2017-08-13T00:00:00,1.2
2017-08-13T04:00:00,1
2017-08-13T12:00:00,1.8
2017-08-14T00:00:00,1.1
2017-08-14T04:00:00,0.9
2017-08-14T12:00:00,1
2017-08-15T00:00:00,1.1
2017-08-15T04:00:00,1.2
2017-08-15T12:00:00,1.9
2017-08-16T00:00:00,1.4
2017-08-16T04:00:00,1.2
2017-08-16T12:00:00,1.8
2017-08-17T00:00:00,2
2017-08-17T04:00:00,1.6
2017-08-17T12:00:00,1.1
2017-08-18T00:00:00,1
2017-08-18T04:00:00,1.2
2017-08-18T12:00:00,1.4
2017-08-19T00:00:00,1.3
2017-08-19T04:00:00,1.4
2017-08-19T12:00:00,1
2017-08-20T00:00:00,1.2
2017-08-20T04:00:00,1.6
2017-08-20T12:00:00,1.6
2017-08-21T00:00:00,1.3
2017-08-21T04:00:00,1.8
2017-08-21T12:00:00,0.9
2017-08-22T00:00:00,0.25
2017-08-22T04:00:00,0.2
2017-08-22T12:00:00,0.1
2017-08-23T00:00:00,-0.1
2017-08-23T04:00:00,-0.1
2017-08-23T12:00:00,0.1
2017-08-24T00:00:00,0.9
2017-08-24T04:00:00,0.8
2017-08-24T12:00:00,1.3
2017-08-25T00:00:00,0.7
2017-08-25T04:00:00,0.5
2017-08-25T12:00:00,1.15
2017-08-26T00:00:00,1.3
2017-08-26T04:00:00,1
2017-08-26T12:00:00,1.9
2017-08-27T00:00:00,1.4
2017-08-27T04:00:00,1.1
2017-08-27T12:00:00,1.6
2017-08-28T00:00:00,1.1
2017-08-28T04:00:00,0.9
2017-08-28T12:00:00,1.4
2017-08-29T00:00:00,1.3
2017-08-29T04:00:00,1
2017-08-29T12:00:00,1.3
2017-08-30T00:00:00,1
2017-08-30T04:00:00,1
2017-08-30T12:00:00,1.4
2017-08-31T00:00:00,1.9
2017-08-31T04:00:00,1.6
2017-08-31T12:00:00,1.1
2017-09-01T00:00:00,1
2017-09-01T04:00:00,1
2017-09-01T12:00:00,0.3
2017-09-02T00:00:00,0.8
2017-09-02T04:00:00,1
2017-09-02T12:00:00,1.2
2017-09-03T00:00:00,1.3
2017-09-03T04:00:00,1.6
2017-09-03T12:00:00,1.4
2017-09-04T00:00:00,1.5
2017-09-04T04:00:00,1.9
2017-09-04T12:00:00,2.3
2017-09-05T00:00:00,1.5
2017-09-05T04:00:00,1.9
2017-09-05T12:00:00,1.3
2017-09-06T00:00:00,0.9
2017-09-06T04:00:00,1.1
2017-09-06T12:00:00,0.8
2017-09-07T00:00:00,0.3
2017-09-07T04:00:00,0.6
2017-09-07T12:00:00,0.9
2017-09-08T00:00:00,0.9
2017-09-08T04:00:00,1
2017-09-08T12:00:00,1.1
2017-09-09T04:00:00,0.7
2017-09-10T04:00:00,0.9
2017-09-11T00:00:00,1.2
2017-09-11T04:00:00,1
2017-09-11T12:00:00,-0.5
2017-09-12T00:00:00,1.2
2017-09-12T04:00:00,1.4
2017-09-12T12:00:00,1.75
2017-09-13T00:00:00,1.3
2017-09-13T04:00:00,1.1
2017-09-13T12:00:00,1.2
2017-09-14T00:00:00,1.2
2017-09-14T04:00:00,1
2017-09-14T12:00:00,1.5
2017-09-15T00:00:00,1.9
2017-09-15T04:00:00,2
2017-09-15T12:00:00,2.1
2017-09-16T00:00:00,1.8
2017-09-16T04:00:00,1.7
2017-09-16T12:00:00,1.3
2017-09-17T00:00:00,1.09
2017-09-17T04:00:00,1.2
2017-09-17T12:00:00,0.8
2017-09-18T00:00:00,1.4
2017-09-18T04:00:00,1.6
2017-09-18T12:00:00,0.7
2017-09-19T00:00:00,0.6
2017-09-19T04:00:00,1.1
2017-09-19T12:00:00,0.6
2017-09-20T00:00:00,0.7
2017-09-20T04:00:00,1
2017-09-20T12:00:00,0.7
2017-09-21T04:00:00,1.2
2017-09-22T04:00:00,0.9
2017-09-23T04:00:00,0.6
2017-09-24T04:00:00,1.2
2017-09-25T04:00:00,0.4
2017-09-26T04:00:00,1.2
2017-09-27T04:00:00,2
2017-09-28T04:00:00,1.5
2017-09-29T04:00:00,1.7
2017-09-30T04:00:00,1
2017-10-01T04:00:00,1.45
2017-10-02T04:00:00,1.8
2017-10-03T04:00:00,1.6
2017-10-20T04:00:00,1.3
2017-10-21T04:00:00,0.9
2017-10-22T04:00:00,1.7
2017-10-23T04:00:00,1.1
2017-10-24T04:00:00,0.3
2017-10-25T04:00:00,1
2017-10-26T04:00:00,1
2017-10-27T04:00:00,1.7
2017-10-28T04:00:00,1.9
2017-10-29T04:00:00,1.5
2017-10-30T04:00:00,1
2017-10-31T04:00:00,1.3
2017-11-01T04:00:00,2.3
2017-11-02T04:00:00,1.4
2017-11-03T04:00:00,0.9
2017-11-04T04:00:00,1.1
2017-11-05T04:00:00,1.3
2017-11-06T04:00:00,0.8
2017-11-07T04:00:00,0.7
2017-11-08T04:00:00,0.8
2017-11-09T04:00:00,0.7
2017-11-10T04:00:00,1.2
2017-11-11T04:00:00,1.5
2017-11-12T04:00:00,2.3
2017-11-13T04:00:00,1.4
2017-11-14T04:00:00,2.3
2017-11-15T04:00:00,1
2017-11-16T04:00:00,1.7
2017-11-17T04:00:00,1
2017-11-18T04:00:00,1
2017-11-19T04:00:00,1.6
2017-11-20T04:00:00,2.1
2017-11-21T04:00:00,0.7
2017-11-22T04:00:00,1.4
2017-11-23T04:00:00,0.7
2017-11-24T04:00:00,1.7
2017-11-25T04:00:00,1.6
2017-11-26T04:00:00,1.15
2017-11-27T04:00:00,1.2
2017-11-28T04:00:00,2.6
2017-11-29T04:00:00,1.2
2017-11-30T04:00:00,1.8
2017-12-01T04:00:00,1.7
2017-12-02T04:00:00,1.7
2017-12-03T04:00:00,1.4
2017-12-04T04:00:00,2
2017-12-05T04:00:00,0.7
2017-12-06T04:00:00,0.6
2017-12-07T04:00:00,0.5
2017-12-08T04:00:00,1.6
2017-12-09T04:00:00,1.2
2017-12-10T04:00:00,1.1
2017-12-11T04:00:00,2.1
2017-12-12T04:00:00,1.8
2017-12-13T04:00:00,1.5
2017-12-14T04:00:00,1.5
2017-12-15T04:00:00,1.1
2017-12-16T04:00:00,1.1
2017-12-17T04:00:00,0.5
2017-12-18T04:00:00,2.5
2017-12-19T04:00:00,1.2
2017-12-20T04:00:00,0.9
2017-12-21T04:00:00,0.8
2017-12-22T04:00:00,1
2017-12-23T04:00:00,0.5
2017-12-24T04:00:00,1
2017-12-25T04:00:00,1
2017-12-26T04:00:00,1.2
2017-12-27T04:00:00,1.6
2017-12-30T04:00:00,1.4
2017-12-31T04:00:00,1.9
2018-01-01T04:00:00,1.9
2018-01-02T04:00:00,1.3
2018-01-03T04:00:00,0.9
2018-01-04T04:00:00,0.7
2018-01-05T04:00:00,0.9
2018-01-06T04:00:00,0.8
2018-01-07T04:00:00,1.5
2018-01-08T04:00:00,1.3
2018-01-09T04:00:00,1.5
2018-01-10T04:00:00,1.7
2018-01-11T04:00:00,1.7
2018-01-12T04:00:00,1.3
2018-01-13T04:00:00,1.2
2018-01-14T04:00:00,2.3
2018-01-15T04:00:00,2
2018-01-16T04:00:00,1.1
2018-01-17T04:00:00,1.1
2018-01-18T04:00:00,1
2018-01-19T04:00:00,0.9
2018-01-20T04:00:00,1.2
2018-01-21T04:00:00,1
2018-01-22T04:00:00,1.4
2018-01-23T04:00:00,1.2
2018-01-24T04:00:00,1.3
2018-01-25T04:00:00,2.7
2018-01-26T04:00:00,1.8
2018-01-27T04:00:00,1.4
2018-01-28T04:00:00,1.1
2018-01-29T04:00:00,2
2018-01-30T04:00:00,1.6
2018-01-31T04:00:00,0.7
2018-02-01T04:00:00,1.6
2018-02-02T04:00:00,0.7
2018-02-03T04:00:00,1.3
2018-02-04T04:00:00,1.2
2018-02-05T04:00:00,1.4
2018-02-06T04:00:00,1.3
2018-02-07T04:00:00,1.6
2018-02-08T04:00:00,1.5
2018-02-09T04:00:00,1.4
2018-02-10T04:00:00,1.9
2018-02-11T04:00:00,1.6
2018-02-12T04:00:00,2
2018-02-13T04:00:00,0.8
2018-02-14T04:00:00,1.4
2018-02-15T04:00:00,1
2018-02-16T04:00:00,1.3
2018-02-17T04:00:00,0.8
2018-02-18T04:00:00,1.1
2018-02-19T04:00:00,0.8
2018-02-20T04:00:00,1.3
2018-02-21T04:00:00,1.8
2018-02-22T04:00:00,1.8
2018-02-23T04:00:00,1.1
2018-02-24T04:00:00,1.6
2018-02-25T04:00:00,1.6
2018-02-26T04:00:00,1.3
2018-02-27T04:00:00,1.6
2018-02-28T04:00:00,1.7
2018-03-01T04:00:00,1.2
2018-03-02T04:00:00,1
2018-03-03T04:00:00,1
2018-03-04T04:00:00,0.9
2018-03-05T04:00:00,1.1
2018-03-06T04:00:00,2.1
2018-03-07T04:00:00,1.7
2018-03-08T04:00:00,1.3
2018-03-09T04:00:00,1.5
2018-03-10T04:00:00,1.4
2018-03-11T04:00:00,1.8
2018-03-12T04:00:00,2
2018-03-13T04:00:00,1.2
2018-03-14T04:00:00,2
2018-03-15T04:00:00,0.8
2018-03-16T04:00:00,2
2018-03-17T04:00:00,0.6
2018-03-18T04:00:00,1
2018-03-19T04:00:00,1.1
2018-03-20T04:00:00,1
2018-03-21T04:00:00,2.4
2018-03-22T04:00:00,1.1
2018-03-23T04:00:00,0.4
2018-03-24T04:00:00,1.1
2018-03-25T04:00:00,2.2
2018-03-26T04:00:00,1.5
2018-03-27T04:00:00,1.3
2018-03-28T04:00:00,1.1
2018-03-29T04:00:00,1.1
2018-03-30T04:00:00,1.4
2018-03-31T04:00:00,0.8
2018-04-01T04:00:00,1.5
2018-04-02T04:00:00,1.2
2018-04-03T04:00:00,1.1
2018-04-04T04:00:00,1
2018-04-05T04:00:00,1.1
2018-04-06T04:00:00,1.3
2018-04-07T04:00:00,2
2018-04-08T04:00:00,1
2018-04-09T04:00:00,1
2018-04-10T04:00:00,1
2018-04-11T04:00:00,1
2018-04-12T04:00:00,1.7
2018-04-13T04:00:00,1.8
2018-04-14T04:00:00,1.3
2018-04-15T04:00:00,0.6
2018-04-16T04:00:00,1
2018-04-17T04:00:00,0.4
2018-04-18T04:00:00,1
2018-04-19T04:00:00,0.9
2018-04-20T04:00:00,0.8
2018-04-21T04:00:00,1
2018-04-22T04:00:00,1.1
2018-04-23T04:00:00,0.9
2018-04-24T04:00:00,2.1
2018-04-25T04:00:00,1.2
2018-04-26T04:00:00,1.2
2018-04-27T04:00:00,1
2018-04-28T04:00:00,1.9
2018-04-29T04:00:00,1.3
2018-04-30T04:00:00,0.9
2018-05-01T04:00:00,2.2
2018-05-02T04:00:00,1
2018-05-03T04:00:00,0.7
2018-05-04T04:00:00,1
2018-05-05T04:00:00,1.9
2018-05-06T04:00:00,1.4
2018-05-07T04:00:00,1.2
2018-05-08T04:00:00,0.9
2018-05-09T04:00:00,0.9
2018-05-10T04:00:00,1.3
2018-05-11T04:00:00,1.8
2018-05-12T04:00:00,1.6
2018-05-13T04:00:00,1.6
2018-05-14T04:00:00,1
2018-05-15T04:00:00,0.6
2018-05-16T04:00:00,1.4
2018-05-17T04:00:00,1.2
2018-05-18T04:00:00,0.8
2018-05-19T04:00:00,0.8
2018-05-20T04:00:00,1.3
2018-05-21T04:00:00,0.6
2018-05-22T04:00:00,1.4
2018-05-23T04:00:00,1.1
2018-05-24T04:00:00,1.2
2018-05-25T04:00:00,1.2
2018-05-26T04:00:00,0.8
2018-05-27T04:00:00,0.8
2018-05-28T04:00:00,1.3
2018-05-29T04:00:00,0.6
2018-05-30T04:00:00,0.9
2018-05-31T04:00:00,1.7
2018-06-01T04:00:00,1.8
2018-06-02T04:00:00,1.5
2018-06-03T04:00:00,1.4
2018-06-04T04:00:00,0.8
2018-06-05T04:00:00,0.8
2018-06-06T04:00:00,0.8
2018-06-07T04:00:00,0.3
2018-06-08T04:00:00,1.3
2018-06-09T04:00:00,0.3
2018-06-10T04:00:00,1.6
2018-06-11T04:00:00,1.3
2018-06-12T04:00:00,1.9
2018-06-13T04:00:00,0.8
2018-06-14T04:00:00,1.5
2018-06-15T04:00:00,1
2018-06-16T04:00:00,0.6
2018-06-17T04:00:00,0.1
2018-06-18T04:00:00,0.4
2018-06-19T04:00:00,0.7
2018-06-20T04:00:00,0.8
2018-06-21T04:00:00,1.1
2018-06-22T04:00:00,1.8
2018-06-23T04:00:00,1
2018-06-24T04:00:00,2.3
2018-06-25T04:00:00,1.2
2018-06-26T04:00:00,0.7
2018-06-27T04:00:00,0.6
2018-06-28T04:00:00,0.7
2018-06-29T04:00:00,0.9
2018-06-30T04:00:00,0.7
2018-07-01T04:00:00,0.6
2018-07-02T04:00:00,0.8
2018-07-03T04:00:00,1.6
2018-07-04T04:00:00,1.2
2018-07-05T04:00:00,0.8
2018-07-06T04:00:00,1.1
2018-07-07T04:00:00,1
2018-07-08T04:00:00,1.2
2018-07-09T04:00:00,1.2
2018-07-10T04:00:00,1.1
2018-07-11T04:00:00,0.7
2018-07-12T04:00:00,0.9
2018-07-13T04:00:00,0.6
2018-07-17T04:00:00,1.2
2018-07-18T04:00:00,0.7
2018-07-19T04:00:00,0.9
2018-07-20T04:00:00,0.8
2018-07-21T04:00:00,0.1
2018-07-22T04:00:00,1.2
2018-07-23T04:00:00,1.1
2018-07-24T04:00:00,1.8
2018-07-25T04:00:00,1.2
2018-07-26T04:00:00,1.6
2018-07-27T04:00:00,1.1
2018-07-28T04:00:00,1
2018-07-29T04:00:00,0.4
2018-07-30T04:00:00,0.7
2018-07-31T04:00:00,1.3
2018-08-01T04:00:00,1.2
2018-08-02T04:00:00,0.5
2018-08-03T04:00:00,1
2018-08-04T04:00:00,0.4
2018-08-05T04:00:00,0.8
2018-08-06T04:00:00,0.8
2018-08-07T04:00:00,1
2018-08-08T04:00:00,1.1
2018-08-09T04:00:00,2.1
2018-08-10T04:00:00,1.6
2018-08-11T04:00:00,0.6
2018-08-12T04:00:00,1
2018-08-13T04:00:00,0.4
2018-08-14T04:00:00,0.6
2018-08-15T04:00:00,0.6
2018-08-16T04:00:00,0.5
2018-08-17T04:00:00,0.5
2018-08-18T04:00:00,1
2018-08-19T04:00:00,1.8
2018-08-20T04:00:00,1.8
2018-08-21T04:00:00,1.5
2018-08-22T04:00:00,1.2
2018-08-23T04:00:00,1.1
2018-08-24T04:00:00,1
2018-08-25T04:00:00,2.2
2018-08-26T04:00:00,0.9
2018-08-27T04:00:00,0.3
2018-08-28T04:00:00,0.4
2018-08-29T04:00:00,0.5
2018-08-30T04:00:00,0.7
2018-08-31T04:00:00,2.3
2018-09-01T04:00:00,1.8
2018-09-02T04:00:00,1
2018-09-03T04:00:00,0.3
2018-09-04T04:00:00,1.1
2018-09-05T04:00:00,0.6
2018-09-06T04:00:00,1.6
2018-09-07T04:00:00,1.3
2018-09-08T04:00:00,1.4
2018-09-09T04:00:00,1.7
2018-09-10T04:00:00,1.5
2018-09-11T04:00:00,0.7
2018-09-12T04:00:00,0.3
2018-09-13T04:00:00,0.5
2018-09-14T04:00:00,0.7
2018-09-15T04:00:00,1
2018-09-16T04:00:00,1
2018-09-17T04:00:00,1
2018-09-18T04:00:00,1
2018-09-19T04:00:00,1.1
2018-09-20T04:00:00,1.4
2018-09-21T04:00:00,1.5
2018-09-22T04:00:00,1.1
2018-09-23T04:00:00,1
2018-09-24T04:00:00,1.1
2018-09-25T04:00:00,1.2
2018-09-26T04:00:00,0.7
2018-09-27T04:00:00,1.6
2018-09-28T04:00:00,0.8
2018-09-29T04:00:00,0.2
2018-09-30T04:00:00,0.6
2018-10-01T04:00:00,1.9
2018-10-02T04:00:00,1.4
2018-10-03T04:00:00,0.9
2018-10-04T04:00:00,1.2
2018-10-05T04:00:00,1.4
2018-10-06T04:00:00,1.5
2018-10-07T04:00:00,1.1
2018-10-08T04:00:00,1.2
2018-10-09T04:00:00,0.8
2018-10-10T04:00:00,0.7
2018-10-11T04:00:00,1.9
2018-10-12T04:00:00,0.9
2018-10-13T04:00:00,0.7
2018-10-14T04:00:00,0.8
2018-10-15T04:00:00,0.8
2018-10-16T04:00:00,1.2
2018-10-17T04:00:00,1.2
2018-10-18T04:00:00,1.4
2018-10-19T04:00:00,2.4
2018-10-20T04:00:00,1.6
2018-10-21T04:00:00,1.3
2018-10-22T04:00:00,0.8
2018-10-23T04:00:00,1.8
2018-10-24T04:00:00,1.4
2018-10-25T04:00:00,0.7
2018-10-26T04:00:00,0.8
2018-10-27T04:00:00,0.7
2018-10-28T04:00:00,0.5
2018-10-29T04:00:00,0.8
2018-10-30T04:00:00,0.7
2018-10-31T04:00:00,1.1
2018-11-01T04:00:00,2.4
2018-11-02T04:00:00,1.6
2018-11-03T04:00:00,1.5
2018-11-04T04:00:00,1.4
2018-11-05T04:00:00,0.8
2018-11-06T04:00:00,1.1
2018-11-07T04:00:00,1.7
2018-11-08T04:00:00,0.7
2018-11-09T04:00:00,0.2
2018-11-10T04:00:00,1
2018-11-11T04:00:00,1
2018-11-12T04:00:00,1.1
2018-11-13T04:00:00,1.1
2018-11-14T04:00:00,1
2018-11-15T04:00:00,1.6
2018-11-16T04:00:00,2.3
2018-11-17T04:00:00,1.5
2018-11-18T04:00:00,1.2
2018-11-19T04:00:00,1.8
2018-11-20T04:00:00,1.4
2018-11-21T04:00:00,1.3
2018-11-22T04:00:00,1.1
2018-11-23T04:00:00,2.8
2018-11-24T04:00:00,1.4
2018-11-25T04:00:00,1
2018-11-26T04:00:00,0.7
2018-11-27T04:00:00,1.1
2018-11-28T04:00:00,1.2
2018-11-29T04:00:00,1.4
2018-11-30T04:00:00,1.7
2018-12-01T04:00:00,1.4
2018-12-02T04:00:00,3
2018-12-03T04:00:00,1.7
2018-12-04T04:00:00,1.7
2018-12-05T04:00:00,1.86
2018-12-06T04:00:00,0.2
2018-12-07T04:00:00,1.2
2018-12-08T04:00:00,0.6
2018-12-09T04:00:00,0.8
2018-12-10T04:00:00,1
2018-12-11T04:00:00,0.9
2018-12-12T04:00:00,0.8
2018-12-13T04:00:00,1.6
2018-12-14T04:00:00,1.8
2018-12-15T04:00:00,1.1
2018-12-16T04:00:00,1.3
2018-12-17T04:00:00,1.3
2018-12-18T04:00:00,2.8
2018-12-19T04:00:00,1.8
2018-12-20T04:00:00,1.5
2018-12-21T04:00:00,1.65
2018-12-23T04:00:00,1.2
2018-12-24T04:00:00,0.6
2018-12-25T04:00:00,0.8
2018-12-26T04:00:00,1.1
2018-12-27T04:00:00,1.3
2019-01-01T04:00:00,1.4
2019-01-02T04:00:00,1.4
2019-01-03T04:00:00,1.1
2019-01-04T04:00:00,1.2
2019-01-05T04:00:00,1.8
2019-01-06T04:00:00,0.9
2019-01-07T04:00:00,0.7
2019-01-08T04:00:00,1.2
2019-01-09T04:00:00,1.4
2019-01-10T04:00:00,1.6
2019-01-11T04:00:00,1.7
2019-01-12T04:00:00,1.2
2019-01-13T04:00:00,1.4
2019-01-14T04:00:00,1.6
2019-01-15T04:00:00,1.6
2019-01-16T04:00:00,1.6
2019-01-17T04:00:00,1.5
2019-01-18T04:00:00,2.2
2019-01-19T04:00:00,1.7
2019-01-20T04:00:00,1.5
2019-01-21T04:00:00,1
2019-01-22T04:00:00,0.7
2019-01-23T04:00:00,0.8
2019-01-24T04:00:00,1.5
2019-01-25T04:00:00,1.2
2019-01-26T04:00:00,0.9
2019-01-27T04:00:00,1.9
2019-01-28T04:00:00,1.5
2019-01-29T04:00:00,1.7
2019-01-30T04:00:00,1.5
2019-01-31T04:00:00,1.3
2019-02-01T04:00:00,1.3
2019-02-02T04:00:00,1.8
2019-02-03T04:00:00,2.2
2019-02-04T04:00:00,0.9
2019-02-05T04:00:00,1
2019-02-06T04:00:00,1
2019-02-07T04:00:00,0.8
2019-02-08T04:00:00,1.2
2019-02-09T04:00:00,1.6
2019-02-10T04:00:00,1.1
2019-02-11T04:00:00,1.2
2019-02-12T04:00:00,3
2019-02-13T04:00:00,1.6
2019-02-14T04:00:00,1.3
2019-02-15T04:00:00,1.4
2019-02-16T04:00:00,1.5
2019-02-17T04:00:00,1.3
2019-02-18T04:00:00,1.5
2019-02-19T04:00:00,1
2019-02-20T04:00:00,1.1
2019-02-21T04:00:00,0.6
2019-02-22T04:00:00,1.1
2019-02-23T04:00:00,1.5
2019-02-24T04:00:00,1.3
2019-02-25T04:00:00,2.2
2019-02-26T04:00:00,2
2019-02-27T04:00:00,1.7
2019-02-28T04:00:00,1.6
2019-03-01T04:00:00,1.5
2019-03-02T04:00:00,0.25
2019-03-03T04:00:00,1.6
2019-03-04T04:00:00,1
2019-03-05T04:00:00,0.6
2019-03-06T04:00:00,0.9
2019-03-07T04:00:00,0.7
2019-03-08T04:00:00,1.7
2019-03-09T04:00:00,2.1
2019-03-10T04:00:00,1.2
2019-03-11T04:00:00,1.4
2019-03-12T04:00:00,1.1
2019-03-13T04:00:00,1.9
2019-03-14T04:00:00,1.7
2019-03-15T04:00:00,1.2
2019-03-16T04:00:00,1.5
2019-03-17T04:00:00,1.1
2019-03-18T04:00:00,0.8
2019-03-19T04:00:00,1.4
2019-03-20T04:00:00,1.9
2019-03-21T04:00:00,1.4
2019-03-22T04:00:00,0.9
2019-03-23T04:00:00,0.8
2019-03-24T04:00:00,1
2019-03-25T04:00:00,2.1
2019-03-26T04:00:00,1.5
2019-03-27T04:00:00,1.5
2019-03-28T04:00:00,1.4
2019-03-29T04:00:00,1.1
2019-03-31T04:00:00,1.1
2019-04-01T04:00:00,1
2019-04-02T04:00:00,1.1
2019-04-03T04:00:00,0.85
2019-04-04T00:00:00,1.2
2019-04-04T04:00:00,1.2
2019-04-05T00:00:00,1.5
2019-04-05T04:00:00,1.5
2019-04-06T00:00:00,1.4
2019-04-07T00:00:00,0.7
2019-04-08T00:00:00,1.1
2019-04-09T00:00:00,1.4
2019-04-10T00:00:00,0.8
2019-04-11T00:00:00,1.1
2019-04-12T00:00:00,1.5
2019-04-13T00:00:00,0.9
2019-04-14T00:00:00,0.8
2019-04-15T00:00:00,1.2
2019-04-16T00:00:00,1.3
2019-04-18T00:00:00,1.1
2019-04-19T00:00:00,1.3
2019-04-20T00:00:00,1.2
2019-04-21T00:00:00,1.4
2019-04-22T00:00:00,1.1
2019-04-23T00:00:00,1.2
2019-04-24T00:00:00,0.9
2019-04-25T00:00:00,1.5
2019-04-26T00:00:00,1.3
2019-04-27T00:00:00,1.1
2019-04-28T00:00:00,1
2019-04-29T00:00:00,0.8
2019-04-30T00:00:00,1.3
2019-05-01T00:00:00,1.4
2019-05-02T00:00:00,0.7
2019-05-03T00:00:00,1
2019-05-04T00:00:00,1
2019-05-05T00:00:00,1.2
2019-05-06T00:00:00,1.3
2019-05-07T00:00:00,1.4
2019-05-08T00:00:00,1
2019-05-09T00:00:00,1
2019-05-10T00:00:00,0.9
2019-05-11T00:00:00,0.9
2019-05-12T00:00:00,0.8
2019-05-13T00:00:00,1.1
2019-05-14T00:00:00,2.3
2019-05-15T00:00:00,1
2019-05-16T00:00:00,1.1
2019-05-17T00:00:00,1.1
2019-05-18T00:00:00,0.5
2019-05-19T00:00:00,0.9
2019-05-20T00:00:00,1
2019-05-21T00:00:00,1.7
2019-05-22T00:00:00,1.6
2019-05-23T00:00:00,1
2019-05-24T00:00:00,1
2019-05-25T00:00:00,0.8
2019-05-26T00:00:00,0.9
2019-05-27T00:00:00,1.1
2019-05-28T00:00:00,1.1
2019-05-29T00:00:00,1.3
2019-05-30T00:00:00,1.3
2019-05-31T00:00:00,1.4
2019-06-01T00:00:00,1
2019-06-02T00:00:00,0.9
2019-06-03T00:00:00,0.7
2019-06-04T00:00:00,1.2
2019-06-05T00:00:00,0.3
2019-06-06T00:00:00,0.2
2019-06-07T00:00:00,0.7
2019-06-08T00:00:00,0.9
2019-06-09T00:00:00,0.9
2019-06-10T00:00:00,0.9
2019-06-11T00:00:00,1.2
2019-06-12T00:00:00,1.2
2019-06-13T00:00:00,1.3
2019-06-14T00:00:00,1.3
2019-06-15T00:00:00,1.5
2019-06-16T00:00:00,2.1
2019-06-17T00:00:00,1.1
2019-06-18T00:00:00,0.7
2019-06-19T00:00:00,-0.2
2019-06-20T00:00:00,1.8
2019-06-21T00:00:00,0.7
2019-06-22T00:00:00,0.8
2019-06-23T00:00:00,0.9
2019-06-24T00:00:00,1.1
2019-06-25T00:00:00,0.8
2019-06-26T00:00:00,1.3
2019-06-27T00:00:00,0.5
2019-06-28T00:00:00,1.1
2019-06-29T00:00:00,1.8
2019-06-30T00:00:00,1.4
2019-07-01T00:00:00,1.1
2019-07-02T00:00:00,0.8
2019-07-03T00:00:00,1.1
2019-07-04T00:00:00,1.4
2019-07-05T00:00:00,1.5
2019-07-06T00:00:00,0.9
2019-07-07T00:00:00,0.4
2019-07-08T00:00:00,0.6
2019-07-09T00:00:00,0.8
2019-07-10T00:00:00,0.8
2019-07-11T00:00:00,1.1
2019-07-12T00:00:00,1.3
2019-07-13T00:00:00,1.4
2019-07-14T00:00:00,1.3
2019-07-15T00:00:00,0.8
2019-07-16T00:00:00,1
2019-07-17T00:00:00,0.5
2019-07-18T00:00:00,0.45
2019-07-19T00:00:00,0.6
2019-07-20T00:00:00,0.55
2019-07-21T00:00:00,1
2019-07-22T00:00:00,1.1
2019-07-23T00:00:00,1
2019-07-24T00:00:00,0.9
2019-07-25T00:00:00,1.3
2019-07-26T00:00:00,1
2019-07-27T00:00:00,1.1
2019-07-28T00:00:00,1.4
2019-07-29T00:00:00,1
2019-07-30T00:00:00,1.1
2019-07-31T00:00:00,1.4
2019-08-01T00:00:00,1.1
2019-08-02T00:00:00,0.6
2019-08-03T00:00:00,1.5
2019-08-04T00:00:00,0.9
2019-08-05T00:00:00,0.1
2019-08-06T00:00:00,0.5
2019-08-06T12:00:00,0.85
2019-08-07T00:00:00,0.7
2019-08-07T12:00:00,1.9
2019-08-08T00:00:00,1.5
2019-08-08T12:00:00,1.9
2019-08-09T00:00:00,1.8
2019-08-09T12:00:00,2
2019-08-10T00:00:00,1.4
2019-08-10T12:00:00,1
2019-08-11T00:00:00,1.1
2019-08-12T00:00:00,1.8
2019-08-12T12:00:00,1
2019-08-13T00:00:00,2.2
2019-08-13T12:00:00,1.3
2019-08-14T00:00:00,1.5
2019-08-14T12:00:00,0.9
2019-08-15T00:00:00,0.4
2019-08-15T12:00:00,0.3
2019-08-16T00:00:00,1
2019-08-16T12:00:00,1.1
2019-08-17T00:00:00,0.4
2019-08-17T12:00:00,1.1
2019-08-18T00:00:00,1
2019-08-18T12:00:00,1.7
2019-08-19T00:00:00,1.9
2019-08-19T12:00:00,1.5
2019-08-20T00:00:00,0.7
2019-08-20T12:00:00,1.3
2019-08-21T00:00:00,0.8
2019-08-21T12:00:00,1.2
2019-08-22T00:00:00,0.7
2019-08-23T00:00:00,0.3
2019-08-24T00:00:00,0.9
2019-08-25T00:00:00,0.5
2019-08-26T00:00:00,0.9
2019-08-27T00:00:00,1
2019-08-28T00:00:00,1.2
2019-08-29T00:00:00,0.5
2019-08-30T00:00:00,1.7
2019-08-31T00:00:00,1.2
2019-09-01T00:00:00,0.8
2019-09-02T00:00:00,1.2
2019-09-03T00:00:00,1.2
2019-09-04T00:00:00,0.6
2019-09-05T00:00:00,1.7
2019-09-06T00:00:00,1.4
2019-09-07T00:00:00,1.3
2019-09-08T00:00:00,1.1
2019-09-09T00:00:00,1.2
2019-09-10T00:00:00,1.6
2019-09-11T00:00:00,1.6
2019-09-12T00:00:00,0.9
2019-09-13T00:00:00,0.7
2019-09-14T00:00:00,1
2019-09-15T00:00:00,0.4
2019-09-16T00:00:00,0.7
2019-09-17T00:00:00,1
2019-09-18T00:00:00,0.4
2019-09-19T00:00:00,1.1
2019-09-20T00:00:00,1.5
2019-09-21T00:00:00,0.9
2019-09-22T00:00:00,1.2
2019-09-23T00:00:00,1.4
2019-09-24T00:00:00,0.7
2019-09-25T00:00:00,1.3
2019-09-26T00:00:00,1.5
2019-09-27T00:00:00,1.7
2019-09-28T00:00:00,1.2
2019-09-29T00:00:00,0.6
2019-09-30T00:00:00,0.6
2019-10-01T00:00:00,0.6
2019-10-02T00:00:00,1.3
2019-10-03T00:00:00,1.8
2019-10-04T00:00:00,1.5
2019-10-05T00:00:00,1.1
2019-10-06T00:00:00,1.4
2019-10-07T00:00:00,1
2019-10-08T00:00:00,1.4
2019-10-09T00:00:00,1.3
2019-10-10T00:00:00,1.3
2019-10-11T00:00:00,1
2019-10-12T00:00:00,1.5
2019-10-13T00:00:00,0.6
2019-10-14T00:00:00,2.8
2019-10-15T00:00:00,1.9
2019-10-16T00:00:00,1
2019-10-17T00:00:00,0.9
2019-10-18T00:00:00,0.3
2019-10-19T00:00:00,1
2019-10-20T00:00:00,0.9
2019-10-21T00:00:00,0.8
2019-10-22T00:00:00,1
2019-10-23T00:00:00,1.3
2019-10-24T00:00:00,1.7
2019-10-25T00:00:00,1.6
2019-10-26T00:00:00,1.1
2019-10-27T00:00:00,1.1
2019-10-28T00:00:00,1.2
2019-10-29T00:00:00,0.8
2019-10-30T00:00:00,0.8
2019-10-31T00:00:00,1
2019-11-01T00:00:00,1.1
2019-11-02T00:00:00,0.5
2019-11-03T00:00:00,1.2
2019-11-04T00:00:00,1.1
2019-11-05T00:00:00,1.5
2019-11-06T00:00:00,1.5
2019-11-07T00:00:00,1.5
2019-11-08T00:00:00,1.5
2019-11-09T00:00:00,1.5
2019-11-10T00:00:00,1.5
2019-11-11T00:00:00,1.5
2019-11-12T00:00:00,1.5
2019-11-13T00:00:00,1.5
2019-11-14T00:00:00,1.5
2019-11-15T00:00:00,1.5
2019-11-16T00:00:00,1.5
2019-11-17T00:00:00,1.5
2019-11-18T00:00:00,1.5
2019-11-19T00:00:00,1.5
2019-11-20T00:00:00,1.5
2019-11-21T00:00:00,1.5
2019-11-22T00:00:00,1.5
2019-11-23T00:00:00,1.5
2019-11-24T00:00:00,1.5
2019-11-25T00:00:00,1.5
2019-11-26T00:00:00,1.5
2019-11-27T00:00:00,1.5
2019-11-28T00:00:00,1.5
2019-11-29T00:00:00,1.5
2019-11-30T00:00:00,1.5
2019-12-01T00:00:00,1.5
2019-12-02T00:00:00,1.5
2019-12-03T00:00:00,1.5
2019-12-04T00:00:00,1.5
2019-12-05T00:00:00,1.5
2019-12-06T00:00:00,1.5
2019-12-07T00:00:00,1.5
2019-12-08T00:00:00,1.5
2019-12-09T00:00:00,1.5
2019-12-10T00:00:00,1.5
2019-12-11T00:00:00,1.5
2019-12-12T00:00:00,1.5
2019-12-13T00:00:00,1.5
2019-12-14T00:00:00,1.5
2019-12-15T00:00:00,1.5
2019-12-16T00:00:00,1.5
2019-12-17T00:00:00,1.5
2019-12-18T00:00:00,1.5
2019-12-19T00:00:00,0.8
2019-12-20T00:00:00,1.5
2019-12-21T00:00:00,2
2019-12-22T00:00:00,2.3
2019-12-23T00:00:00,1.7
2019-12-24T00:00:00,0.8
2019-12-25T00:00:00,1.2
2019-12-26T00:00:00,1.3
2019-12-27T00:00:00,0.8
2019-12-28T00:00:00,0.7
2019-12-29T00:00:00,0.9
2019-12-30T00:00:00,1
2019-12-31T00:00:00,1.3
2020-01-01T00:00:00,1.8
2020-01-02T00:00:00,1.9
2020-01-03T00:00:00,1.6
2020-01-04T00:00:00,1.5
2020-01-05T00:00:00,1.4
2020-01-06T00:00:00,1.2
2020-01-07T00:00:00,1.4
2020-01-08T00:00:00,1
2020-01-09T00:00:00,1
2020-01-10T00:00:00,1.5
2020-01-11T00:00:00,1.2
2020-01-12T00:00:00,0.6
2020-01-13T00:00:00,1.3
2020-01-14T00:00:00,1.1
2020-01-15T00:00:00,0.6
2020-01-16T00:00:00,2.4
2020-01-17T00:00:00,1.8
2020-01-18T00:00:00,1.5
2020-01-19T00:00:00,1.5
2020-01-20T00:00:00,1.4
2020-01-21T00:00:00,1.8
2020-01-22T00:00:00,1.7
2020-01-23T00:00:00,1.5
2020-01-24T00:00:00,0.8
2020-01-25T00:00:00,1.5
2020-01-26T00:00:00,1
2020-01-27T00:00:00,0.9
2020-01-28T00:00:00,1.5
2020-01-29T00:00:00,0.6
2020-01-30T00:00:00,2.4
2020-01-31T00:00:00,1.5
2020-02-01T00:00:00,1.6
2020-02-02T00:00:00,1.4
2020-02-03T00:00:00,1.6
2020-02-04T00:00:00,1.2
2020-02-05T00:00:00,1.3
2020-02-06T00:00:00,1.7
2020-02-07T00:00:00,1.6
2020-02-08T00:00:00,1.6
2020-02-09T00:00:00,1.9
2020-02-10T00:00:00,1.3
2020-02-11T00:00:00,0.8
2020-02-12T00:00:00,1.1
2020-02-13T00:00:00,0.9
2020-02-14T00:00:00,1.1
2020-02-15T00:00:00,0.4
2020-02-16T00:00:00,1.4
2020-02-17T00:00:00,1.5
2020-02-18T00:00:00,1
2020-02-19T00:00:00,1.9
2020-02-20T00:00:00,1.1
2020-02-21T00:00:00,2.2
2020-02-22T00:00:00,2.2
2020-02-23T00:00:00,0.8
2020-02-24T00:00:00,0.7
2020-02-25T00:00:00,0.8
2020-02-26T00:00:00,1.7
2020-02-27T00:00:00,1.3
2020-02-28T00:00:00,1.1
2020-02-29T00:00:00,1.6
2020-03-01T00:00:00,1.3
2020-03-02T00:00:00,1
2020-03-03T00:00:00,1.4
2020-03-04T00:00:00,1.3
2020-03-05T00:00:00,1.5
2020-03-06T00:00:00,1.1
2020-03-07T00:00:00,1.3
2020-03-08T00:00:00,0.6
2020-03-09T00:00:00,1.2
2020-03-10T00:00:00,1.7
2020-03-11T00:00:00,1.1
2020-03-12T00:00:00,0.3
2020-03-13T00:00:00,1
2020-03-14T00:00:00,1
2020-03-15T00:00:00,1.7
2020-03-16T00:00:00,1.4
2020-03-17T00:00:00,1.5
2020-03-18T00:00:00,1.6
2020-03-19T00:00:00,1
2020-03-30T00:00:00,1.5
2020-03-31T00:00:00,1.5
2020-04-01T00:00:00,1.5
2020-04-01T12:00:00,1
2020-04-02T00:00:00,1
2020-04-02T12:00:00,1.7
2020-04-03T00:00:00,2.5
2020-04-03T01:00:00,2.4
2020-04-03T12:00:00,1.9
2020-04-04T00:00:00,0.1
2020-04-04T12:00:00,1
2020-04-05T00:00:00,1
2020-04-05T12:00:00,1.8
2020-04-06T00:00:00,0.6
2020-04-06T12:00:00,1
2020-04-07T00:00:00,2.2
2020-04-07T12:00:00,1.9
2020-04-08T00:00:00,1.1
2020-04-08T12:00:00,0.9
2020-04-09T00:00:00,1
2020-04-09T12:00:00,0.8
2020-04-10T00:00:00,1.1
2020-04-10T12:00:00,0.6
2020-04-11T00:00:00,1
2020-04-11T12:00:00,0.7
2020-04-12T00:00:00,1.1
2020-04-12T12:00:00,1
2020-04-13T00:00:00,1.2
2020-04-14T00:00:00,1.6
2020-04-14T12:00:00,2.4
2020-04-15T00:00:00,2
2020-04-15T12:00:00,2.2
2020-04-16T00:00:00,1.6
2020-04-16T12:00:00,1.7
2020-04-17T00:00:00,0.8
2020-04-17T12:00:00,1
2020-04-18T00:00:00,0.7
2020-04-18T12:00:00,0.5
2020-04-19T00:00:00,0.59
2020-04-19T12:00:00,0.2
2020-04-20T00:00:00,0.6
2020-04-20T12:00:00,0.8
2020-04-21T00:00:00,1.1
2020-04-21T12:00:00,2.1
2020-04-22T00:00:00,1.5
2020-04-22T12:00:00,1
2020-04-23T00:00:00,1.2
2020-04-23T12:00:00,0.9
2020-04-24T00:00:00,1.3
2020-04-25T00:00:00,0.8
2020-04-26T00:00:00,1.6
2020-04-27T00:00:00,1.5
2020-04-28T00:00:00,0.7
2020-04-29T00:00:00,0.2
2020-04-30T00:00:00,1
2020-05-01T00:00:00,1.1
2020-05-02T00:00:00,1.5
2020-05-03T00:00:00,1
2020-05-04T00:00:00,0.3
2020-05-05T00:00:00,1.1
2020-05-06T00:00:00,1.8
2020-05-07T00:00:00,1
2020-05-08T00:00:00,0.6
2020-05-09T00:00:00,0.8
2020-05-10T00:00:00,0.5
2020-05-11T00:00:00,1
2020-05-12T00:00:00,1.6
2020-05-13T00:00:00,1.1
2020-05-14T00:00:00,1.8
2020-05-15T00:00:00,1.9
2020-05-16T00:00:00,0.6
2020-05-17T00:00:00,0.6
2020-05-18T00:00:00,1.4
2020-05-19T00:00:00,0.6
2020-05-20T00:00:00,0.7
2020-05-21T00:00:00,1.2
2020-05-22T00:00:00,1.8
2020-05-23T00:00:00,1.9
2020-05-24T00:00:00,0.81
2020-05-25T00:00:00,0.1
2020-05-26T00:00:00,2.1
2020-05-27T00:00:00,0.8
2020-05-28T00:00:00,0.39
2020-05-29T00:00:00,1.2
2020-05-30T00:00:00,1.1
2020-05-31T00:00:00,0.5
2020-06-01T00:00:00,1.8
2020-06-02T00:00:00,1.2
2020-06-03T00:00:00,0.5
2020-06-04T00:00:00,1.5
2020-06-05T00:00:00,0.5
2020-06-06T00:00:00,1.1
2020-06-07T00:00:00,1
2020-06-08T00:00:00,0.7
2020-06-09T00:00:00,0.8
2020-06-10T00:00:00,1.1
2020-06-11T00:00:00,1
2020-06-12T00:00:00,1
2020-06-13T00:00:00,1.2
2020-06-14T00:00:00,1.7
2020-06-15T00:00:00,1
2020-06-16T00:00:00,0.7
2020-06-17T00:00:00,0.6
2020-06-18T00:00:00,0.5
2020-06-19T00:00:00,1.1
2020-06-20T00:00:00,0.6
2020-06-21T00:00:00,1.2
2020-06-22T00:00:00,0.5
2020-06-23T00:00:00,0.8
2020-06-24T00:00:00,1.2
2020-06-25T00:00:00,1.4
2020-06-26T00:00:00,1
2020-06-27T00:00:00,1.25
2020-06-28T00:00:00,1.1
2020-06-29T00:00:00,1.4
2020-06-30T00:00:00,1.3
2020-07-01T00:00:00,2.4
2020-07-02T00:00:00,1.4
2020-07-03T00:00:00,0.9
2020-07-04T00:00:00,0.9
2020-07-05T00:00:00,1
2020-07-06T00:00:00,1
2020-07-07T00:00:00,1
2020-07-08T00:00:00,1.24
2020-07-09T00:00:00,0.6
2020-07-10T00:00:00,0.7
2020-07-11T00:00:00,0.5
2020-07-12T00:00:00,0.7
2020-07-13T00:00:00,1.4
2020-07-14T00:00:00,1.4
2020-07-15T00:00:00,1.6
2020-07-16T00:00:00,1
2020-07-17T00:00:00,0.7
2020-07-18T00:00:00,1.1
2020-07-19T00:00:00,0.6
2020-07-20T00:00:00,1.1
2020-07-21T00:00:00,0.7
2020-07-22T00:00:00,1
2020-07-23T00:00:00,0.7
2020-07-24T00:00:00,0.5
2020-07-25T00:00:00,0.45
2020-07-26T00:00:00,0.65
2020-07-27T00:00:00,1.1
2020-07-28T00:00:00,1.1
2020-07-29T00:00:00,1.6
2020-07-30T00:00:00,1.4
2020-07-31T00:00:00,0.9
2020-08-01T00:00:00,1
2020-08-02T00:00:00,0.6
2020-08-03T00:00:00,0.5
2020-08-04T00:00:00,0.6
2020-08-05T00:00:00,0.4
2020-08-05T16:00:00,0.75
2020-08-06T00:00:00,0.5
2020-08-06T02:00:00,0.4
2020-08-07T00:00:00,1.2
2020-08-08T00:00:00,1
2020-08-09T00:00:00,0.8
2020-08-10T00:00:00,1.5
2020-08-10T16:00:00,1
2020-08-11T00:00:00,0.85
2020-08-11T02:00:00,0.6
2020-08-12T00:00:00,1.7
2020-08-12T16:00:00,0.9
2020-08-13T00:00:00,0.9
2020-08-13T02:00:00,0.8
2020-08-14T00:00:00,1.4
2020-08-15T00:00:00,1.2
2020-08-16T00:00:00,1.2
2020-08-17T00:00:00,0.4
2020-08-18T00:00:00,1.6
2020-08-19T00:00:00,1.3
2020-08-20T00:00:00,1.7
2020-08-21T00:00:00,0.45
2020-08-22T00:00:00,0.65
2020-08-23T00:00:00,0.4
2020-08-24T00:00:00,0.65
2020-08-25T00:00:00,0.9
2020-08-26T00:00:00,1.3
2020-08-27T00:00:00,1.3
2020-08-28T00:00:00,1.4
2020-08-29T00:00:00,1.1
2020-08-30T00:00:00,2.05
2020-08-31T00:00:00,0.7
2020-09-01T00:00:00,1.9
2020-09-02T00:00:00,1.1
2020-09-03T00:00:00,1.4
2020-09-04T00:00:00,0.5
2020-09-05T00:00:00,0.9
2020-09-06T00:00:00,1.5
2020-09-07T00:00:00,0.7
2020-09-08T00:00:00,1
2020-09-09T00:00:00,0.7
2020-09-10T00:00:00,0.9
2020-09-11T00:00:00,1
2020-09-12T00:00:00,1.2
2020-09-13T00:00:00,1.3
2020-09-14T00:00:00,1.3
2020-09-15T00:00:00,1.5
2020-09-16T00:00:00,0.5
2020-09-17T00:00:00,1.3
2020-09-18T00:00:00,-0.1
2020-09-19T00:00:00,1.05
2020-09-20T00:00:00,1.3
2020-09-21T00:00:00,1.7
2020-09-22T00:00:00,1.3
2020-09-23T00:00:00,0.6
2020-09-24T00:00:00,1.35
2020-09-25T00:00:00,1.4
2020-09-26T00:00:00,1.4
2020-09-27T00:00:00,1.45
2020-09-28T00:00:00,1.1
2020-09-29T00:00:00,1
2020-09-30T00:00:00,0.7
2020-10-01T00:00:00,0.5
2020-10-02T00:00:00,0.7
2020-10-03T00:00:00,2.2
2020-10-04T00:00:00,1.2
2020-10-05T00:00:00,0.9
2020-10-06T00:00:00,1.1
2020-10-07T00:00:00,0.6
2020-10-08T00:00:00,1
2020-10-09T00:00:00,1.1
2020-10-10T00:00:00,1.1
2020-10-11T00:00:00,1.2
2020-10-12T00:00:00,1
2020-10-13T00:00:00,1.6
2020-10-14T00:00:00,1.2
2020-10-15T00:00:00,1.3
2020-10-16T00:00:00,0.8
2020-10-17T00:00:00,0.4
2020-10-18T00:00:00,0.2
2020-10-19T00:00:00,0.5
2020-10-20T00:00:00,1.1
2020-10-21T00:00:00,1.6
2020-10-22T00:00:00,2.3
2020-10-23T00:00:00,1.2
2020-10-24T00:00:00,1.3
2020-10-25T00:00:00,1.5
2020-10-26T00:00:00,1.2
2020-10-27T00:00:00,1.6
2020-10-28T00:00:00,1.3
2020-10-29T00:00:00,1.3
2020-10-30T00:00:00,2.1
2020-10-31T00:00:00,0.88
2020-11-01T00:00:00,0.7
2020-11-02T00:00:00,0.7
2020-11-03T00:00:00,0.8
2020-11-04T00:00:00,1.1
2020-11-05T00:00:00,0.8
2020-11-06T00:00:00,0.8
2020-11-07T00:00:00,1
2020-11-08T00:00:00,1.4
2020-11-09T00:00:00,1.3
2020-11-10T00:00:00,1.3
2020-11-11T00:00:00,1.8
2020-11-12T00:00:00,1.7
2020-11-13T00:00:00,1
2020-11-14T00:00:00,1.1
2020-11-15T00:00:00,0.6
2020-11-16T00:00:00,1
2020-11-17T00:00:00,0.7
2020-11-18T00:00:00,1
2020-11-19T00:00:00,2
2020-11-20T00:00:00,1.5
2020-11-21T00:00:00,1.5
2020-11-22T00:00:00,1.4
2020-11-23T00:00:00,0.9
2020-11-24T00:00:00,1.2
2020-11-25T00:00:00,2
2020-11-26T00:00:00,0.9
2020-11-27T00:00:00,1.95
2020-11-28T00:00:00,0.2
2020-11-29T00:00:00,0.8
2020-11-30T00:00:00,1.1
2020-12-01T00:00:00,1
2020-12-02T00:00:00,0.5
2020-12-03T00:00:00,1
2020-12-04T00:00:00,1.3
2020-12-05T00:00:00,2.3
2020-12-06T00:00:00,1.2
2020-12-07T00:00:00,1.2
2020-12-08T00:00:00,1.6
2020-12-09T00:00:00,1.3
2020-12-10T00:00:00,1.3
2020-12-11T00:00:00,1.5
2020-12-12T00:00:00,1.2
2020-12-13T00:00:00,0.8
2020-12-14T00:00:00,0.9
2020-12-15T00:00:00,0.1
2020-12-16T00:00:00,1.9
2020-12-17T00:00:00,0.6
2020-12-18T00:00:00,1.1
2020-12-19T00:00:00,1.2
2020-12-20T00:00:00,0.4
2020-12-21T00:00:00,2.4
2020-12-22T00:00:00,1.5
2020-12-23T00:00:00,1.5
2020-12-24T00:00:00,1.5
2020-12-25T00:00:00,1.5
2020-12-26T00:00:00,1.5
2020-12-27T00:00:00,1.7
2020-12-28T00:00:00,1.1
2020-12-28T00:00:00,1.1
2020-12-29T00:00:00,0.9
2020-12-30T00:00:00,1
2020-12-31T00:00:00,1
2021-01-01T00:00:00,1
2021-01-02T00:00:00,1.3
2021-01-03T00:00:00,0.9
2021-01-04T00:00:00,1.4
2021-01-05T00:00:00,1.8
2021-01-06T00:00:00,2
2021-01-07T00:00:00,1
2021-01-08T00:00:00,1.4
2021-01-09T00:00:00,2.1
2021-01-10T00:00:00,1.4
2021-01-11T00:00:00,1.1
2021-01-12T00:00:00,0.8
2021-01-13T00:00:00,1.2
2021-01-14T00:00:00,1.3
2021-01-15T00:00:00,1
2021-01-16T00:00:00,0.7
2021-01-17T00:00:00,1.4
2021-01-18T00:00:00,1.8
2021-01-19T00:00:00,1.1
2021-01-20T00:00:00,1.6
2021-01-21T00:00:00,1.5
2021-01-22T00:00:00,1.4
2021-01-23T00:00:00,1.4
2021-01-24T00:00:00,1.3
2021-01-25T00:00:00,1.4
2021-01-26T00:00:00,0.8
2021-01-27T00:00:00,1.3
2021-01-28T00:00:00,1.6
2021-01-29T00:00:00,1
2021-01-30T00:00:00,1
2021-01-31T00:00:00,2.9
2021-02-01T00:00:00,1.6
2021-02-02T00:00:00,1.6
2021-02-03T00:00:00,1.4
2021-02-04T00:00:00,2.1
2021-02-05T00:00:00,2.2
2021-02-06T00:00:00,1.3
2021-02-07T00:00:00,2.1
2021-02-08T00:00:00,1.5
2021-02-09T00:00:00,1.8
2021-02-10T00:00:00,1.1
2021-02-11T00:00:00,0.9
2021-02-12T00:00:00,0.4
2021-02-13T00:00:00,0.8
2021-02-14T00:00:00,0.9
2021-02-15T00:00:00,1.1
2021-02-16T00:00:00,1.4
2021-02-17T00:00:00,1.3
2021-02-18T00:00:00,1.6
2021-02-19T00:00:00,1.6
2021-02-20T00:00:00,2
2021-02-21T00:00:00,2
2021-02-22T00:00:00,1
2021-02-23T00:00:00,1.3
2021-02-24T00:00:00,1.1
2021-02-25T00:00:00,1.1
2021-02-26T00:00:00,1.3
2021-02-27T00:00:00,1.1
2021-02-28T00:00:00,1.3
2021-03-01T00:00:00,0.9
2021-03-02T00:00:00,1.2
2021-03-03T00:00:00,1.6
2021-03-04T00:00:00,1.6
2021-03-05T00:00:00,1.6
2021-03-06T00:00:00,2.2
2021-03-07T00:00:00,1.2
2021-03-08T00:00:00,1.1
2021-03-09T00:00:00,2
2021-03-10T00:00:00,0.8
2021-03-11T00:00:00,0.6
2021-03-12T00:00:00,1.3
2021-03-13T00:00:00,1.1
2021-03-14T00:00:00,1.2
2021-03-15T00:00:00,1.6
2021-03-16T00:00:00,1.1
2021-03-17T00:00:00,1.2
2021-03-18T00:00:00,2.8
2021-03-19T00:00:00,0.4
2021-03-20T00:00:00,1.4
2021-03-21T00:00:00,1.5
2021-03-22T00:00:00,1.9
2021-03-23T00:00:00,1.2
2021-03-24T00:00:00,1.1
2021-03-25T00:00:00,1
2021-03-26T00:00:00,1
2021-03-27T00:00:00,1.1
2021-03-28T00:00:00,1
2021-03-29T00:00:00,0.7
2021-03-30T00:00:00,1.6
2021-03-31T00:00:00,1.1
2021-04-01T00:00:00,1.1
2021-04-02T00:00:00,1.4
2021-04-03T00:00:00,1.2
2021-04-04T00:00:00,1.3
2021-04-05T00:00:00,1.1
2021-04-06T00:00:00,1.1
2021-04-07T00:00:00,1.3
2021-04-08T00:00:00,0.3
2021-04-09T00:00:00,1.2
2021-04-10T00:00:00,1.3
2021-04-11T00:00:00,1.1
2021-04-12T00:00:00,1.5
2021-04-13T00:00:00,1.1
2021-04-14T00:00:00,1.3
2021-04-15T00:00:00,1.1
2021-04-16T00:00:00,1.2
2021-04-17T00:00:00,1
2021-04-18T00:00:00,1.3
2021-04-19T00:00:00,0.9
2021-04-20T00:00:00,0.7
2021-04-21T00:00:00,1
2021-04-22T00:00:00,0.9
2021-04-23T00:00:00,0.4
2021-04-24T00:00:00,1.1
2021-04-25T00:00:00,1.9
2021-04-26T00:00:00,1.2
2021-04-27T00:00:00,0.8
2021-04-28T00:00:00,0.9
2021-04-29T00:00:00,0.75
2021-04-30T00:00:00,0.3
2021-05-01T00:00:00,1.4
2021-05-02T00:00:00,1
2021-05-03T00:00:00,1.2
2021-05-04T00:00:00,1.5
2021-05-05T00:00:00,2.5
2021-05-06T00:00:00,1.35
2021-05-07T00:00:00,1.5
2021-05-08T00:00:00,1
2021-05-09T00:00:00,0.7
2021-05-10T00:00:00,0.7
2021-05-11T00:00:00,2
2021-05-12T00:00:00,1.1
2021-05-13T00:00:00,0.5
2021-05-14T00:00:00,1.2
2021-05-15T00:00:00,1.9
2021-05-16T00:00:00,0.9
2021-05-17T00:00:00,1.1
2021-05-18T00:00:00,1.4
2021-05-19T00:00:00,0.8
2021-05-20T00:00:00,0.9
2021-05-21T00:00:00,0.9
2021-05-22T00:00:00,1.3
2021-05-23T00:00:00,0.7
2021-05-24T00:00:00,1.5
2021-05-25T00:00:00,0.3
2021-05-26T00:00:00,1.8
2021-05-27T00:00:00,0.7
2021-05-28T00:00:00,0.9
2021-05-29T00:00:00,1.2
2021-05-30T00:00:00,1.5
2021-05-31T00:00:00,1.4
2021-06-01T00:00:00,1.3
2021-06-02T00:00:00,0.7
2021-06-03T00:00:00,1.9
2021-06-04T00:00:00,0.6
2021-06-05T00:00:00,1
2021-06-06T00:00:00,1
2021-06-07T00:00:00,1.25
2021-06-08T00:00:00,0.5
2021-06-09T00:00:00,0.7
2021-06-10T00:00:00,0.4
2021-06-11T00:00:00,0.8
2021-06-12T00:00:00,0.8
2021-06-13T00:00:00,0.7
2021-06-14T00:00:00,0.9
2021-06-15T00:00:00,1.6
2021-06-16T00:00:00,1.4
2021-06-17T00:00:00,1
2021-06-18T00:00:00,0.9
2021-06-19T00:00:00,0.8
2021-06-20T00:00:00,0.9
2021-06-21T00:00:00,1
2021-06-22T00:00:00,0.9
2021-06-23T00:00:00,0.7
2021-06-24T00:00:00,0.6
2021-06-25T00:00:00,1.2
2021-06-26T00:00:00,0.7
2021-06-27T00:00:00,1.5
2021-06-28T00:00:00,1
2021-06-29T00:00:00,1
2021-06-30T00:00:00,1.1
2021-07-01T00:00:00,0.8
2021-07-02T00:00:00,0.8
2021-07-03T00:00:00,1
2021-07-04T00:00:00,0.4
2021-07-05T00:00:00,1.1
2021-07-06T00:00:00,1.2
2021-07-07T00:00:00,0.4
2021-07-08T00:00:00,1.2
2021-07-09T00:00:00,0.5
2021-07-10T00:00:00,0.7
2021-07-11T00:00:00,1.3
2021-07-12T00:00:00,0.6
2021-07-13T00:00:00,0.8
2021-07-14T00:00:00,1.5
2021-07-15T00:00:00,1.2
2021-07-16T00:00:00,0.6
2021-07-17T00:00:00,0.6
2021-07-18T00:00:00,0.8
2021-07-19T00:00:00,1.9
2021-07-20T00:00:00,0.3
2021-07-21T00:00:00,0.9
2021-07-22T00:00:00,1.5
2021-07-23T00:00:00,0.5
2021-07-24T00:00:00,0.6
2021-07-25T00:00:00,1.3
2021-07-26T00:00:00,0.6
2021-07-27T00:00:00,1
2021-07-28T00:00:00,1.2
2021-07-29T00:00:00,1.5
2021-07-30T00:00:00,0.7
2021-07-31T00:00:00,0.5
2021-08-01T00:00:00,1.36
2021-08-02T00:00:00,0.8
2021-08-03T00:00:00,0.6
2021-08-04T00:00:00,1.1
2021-08-05T00:00:00,0.9
2021-08-06T00:00:00,0.5
2021-08-07T00:00:00,0.6
2021-08-08T00:00:00,0.6
2021-08-09T00:00:00,2.7
2021-08-10T00:00:00,1.6
2021-08-11T00:00:00,0.6
2021-08-12T00:00:00,1.3
2021-08-13T00:00:00,0.6
2021-08-14T00:00:00,0.5
2021-08-15T00:00:00,0.7
2021-08-16T00:00:00,1.1
2021-08-17T00:00:00,0.9
2021-08-18T00:00:00,1.3
2021-08-19T00:00:00,1.4
2021-08-20T00:00:00,1.6
2021-08-21T00:00:00,1.6
2021-08-22T00:00:00,1.35
2021-08-23T00:00:00,0.2
2021-08-24T00:00:00,0.7
2021-08-25T00:00:00,0.9
2021-08-26T00:00:00,0.8
2021-08-27T00:00:00,0.6
2021-08-28T00:00:00,1.4
2021-08-29T00:00:00,0.5
2021-08-30T00:00:00,1
2021-08-31T00:00:00,1.1
2021-09-01T00:00:00,1.2
2021-09-02T00:00:00,1.35
2021-09-03T00:00:00,1.4
2021-09-04T00:00:00,1.2
2021-09-05T00:00:00,1.2
2021-09-06T00:00:00,0.9
2021-09-07T00:00:00,1.3
2021-09-08T00:00:00,1.6
2021-09-09T00:00:00,0.8
2021-09-10T00:00:00,0.3
2021-09-11T00:00:00,0.7
2021-09-12T00:00:00,0.8
2021-09-13T00:00:00,0.5
2021-09-14T00:00:00,1.5
2021-09-15T00:00:00,1.74
2021-09-16T00:00:00,1.2
2021-09-17T00:00:00,1.5
2021-09-18T00:00:00,1.35
2021-09-19T00:00:00,1.1
2021-09-20T00:00:00,1.2
2021-09-21T00:00:00,2
2021-09-22T00:00:00,0.9
2021-09-23T00:00:00,0.3
2021-09-24T00:00:00,0.5
2021-09-25T00:00:00,0.8
2021-09-26T00:00:00,0.5
2021-09-27T00:00:00,1.3
2021-09-28T00:00:00,1.4
2021-09-29T00:00:00,1.1
2021-09-30T00:00:00,1.2
2021-10-01T00:00:00,0.6
2021-10-02T00:00:00,1.6
2021-10-03T00:00:00,1.8
2021-10-04T00:00:00,2.1
2021-10-05T00:00:00,1.1
2021-10-06T00:00:00,1.2
2021-10-07T00:00:00,2.6
2021-10-08T00:00:00,0.5
2021-10-09T00:00:00,0.9
2021-10-10T00:00:00,0.7
2021-10-11T00:00:00,0.7
2021-10-12T00:00:00,1.1
2021-10-13T00:00:00,1.3
2021-10-14T00:00:00,1.4
2021-10-15T00:00:00,1.5
2021-10-16T00:00:00,2.2
2021-10-17T00:00:00,0.9
2021-10-18T00:00:00,1.6
2021-10-19T00:00:00,0.8
2021-10-20T00:00:00,1
2021-10-21T00:00:00,0.6
2021-10-22T00:00:00,0.5
2021-10-23T00:00:00,1.3
2021-10-24T00:00:00,0.7
2021-10-25T00:00:00,0.6
2021-10-26T00:00:00,1.5
2021-10-27T00:00:00,1.3
2021-10-28T00:00:00,1.1
2021-10-29T00:00:00,1.1
2021-10-30T00:00:00,1.4
2021-10-31T00:00:00,1.3
2021-11-01T00:00:00,2
2021-11-02T00:00:00,1.6
2021-11-03T00:00:00,1
2021-11-04T00:00:00,1.2
2021-11-05T00:00:00,1
2021-11-06T00:00:00,1.9
2021-11-07T00:00:00,1
2021-11-08T00:00:00,0.48
2021-11-09T00:00:00,0.7
2021-11-10T00:00:00,1.7
2021-11-11T00:00:00,1.2
2021-11-12T00:00:00,1.6
2021-11-13T00:00:00,1.55
2021-11-14T00:00:00,0.8
2021-11-15T00:00:00,1.5
2021-11-16T00:00:00,0.75
2021-11-16T12:00:00,1.49
2021-11-17T00:00:00,2.7
2021-11-17T12:00:00,1.3
2021-11-18T00:00:00,0.7
2021-11-18T12:00:00,0.4
2021-11-19T00:00:00,0.85
2021-11-20T00:00:00,1
2021-11-21T00:00:00,0.7
2021-11-22T00:00:00,0.7
2021-11-23T00:00:00,1.9
2021-11-24T00:00:00,1.1
2021-11-25T00:00:00,1.05
2021-11-26T00:00:00,1.4
2021-11-27T00:00:00,1.5
2021-11-28T00:00:00,1.6
2021-11-29T00:00:00,1.8
2021-11-30T00:00:00,1.9
2021-12-01T00:00:00,2.1
2021-12-02T00:00:00,1.6
2021-12-03T00:00:00,1.4
2021-12-04T00:00:00,1.4
2021-12-05T00:00:00,0.8
2021-12-06T00:00:00,0.6
2021-12-07T00:00:00,0.9
2021-12-08T00:00:00,1
2021-12-09T00:00:00,1.3
2021-12-10T00:00:00,1.3
2021-12-11T00:00:00,1.3
2021-12-12T00:00:00,1.5
2021-12-13T00:00:00,1.5
2021-12-14T00:00:00,1.9
2021-12-15T00:00:00,1.8
2021-12-16T00:00:00,1.6
2021-12-17T00:00:00,1.4
2021-12-18T00:00:00,1.5
2021-12-19T00:00:00,0.9
2021-12-20T00:00:00,0.8
2021-12-21T00:00:00,1.5
2021-12-22T00:00:00,1
2021-12-23T00:00:00,1.4
2021-12-24T00:00:00,1.6
2021-12-25T00:00:00,1
2021-12-26T00:00:00,2.1
2021-12-27T00:00:00,1.8
2021-12-28T00:00:00,1.3
2021-12-29T00:00:00,1.7
2021-12-30T00:00:00,1
2021-12-31T00:00:00,1.3
2022-01-01T00:00:00,1.2
2022-01-02T00:00:00,0.3
2022-01-03T00:00:00,0.8
2022-01-04T00:00:00,1
2022-01-05T00:00:00,2.3
2022-01-06T00:00:00,1.3
2022-01-07T00:00:00,1.3
2022-01-08T00:00:00,1.5
2022-01-09T00:00:00,1.8
2022-01-10T00:00:00,1.5
2022-01-11T00:00:00,1.6
2022-01-12T00:00:00,1.75
2022-01-13T00:00:00,1.4
2022-01-14T00:00:00,1.4
2022-01-15T00:00:00,1.45
2022-01-16T00:00:00,0.9
2022-01-17T00:00:00,1
2022-01-18T00:00:00,2.15
2022-01-19T00:00:00,1.5
2022-01-20T00:00:00,0.9
2022-01-21T00:00:00,1
2022-01-22T00:00:00,0.8
2022-01-23T00:00:00,1.3
2022-01-24T00:00:00,1.1
2022-01-25T00:00:00,1.3
2022-01-26T00:00:00,1.4
2022-01-27T00:00:00,2.9
2022-01-28T00:00:00,1.6
2022-01-29T00:00:00,1.4
2022-01-30T00:00:00,1.2
2022-01-31T00:00:00,0.6
2022-02-01T00:00:00,1.5
2022-02-02T00:00:00,1.4
2022-02-03T00:00:00,0.8
2022-02-04T00:00:00,1.2
2022-02-05T00:00:00,1.1
2022-02-06T00:00:00,1.7
2022-02-07T00:00:00,1.55
2022-02-08T00:00:00,1.6
2022-02-09T00:00:00,1.1
2022-02-10T00:00:00,1.6
2022-02-11T00:00:00,0.8
2022-02-12T00:00:00,2.5
2022-02-13T00:00:00,1.7
2022-02-14T00:00:00,1.4
2022-02-15T00:00:00,1.1
2022-02-16T00:00:00,0.6
2022-02-17T00:00:00,1.4
2022-02-18T00:00:00,1.1
2022-02-19T00:00:00,0.9
2022-02-20T00:00:00,1.1
2022-02-21T00:00:00,1.6
2022-02-22T00:00:00,1.5
2022-02-23T00:00:00,1.2
2022-02-24T00:00:00,1.6
2022-02-25T00:00:00,0.7
2022-02-26T00:00:00,1.3
2022-02-27T00:00:00,0.8
2022-02-28T00:00:00,1
2022-03-01T00:00:00,1.5
2022-03-02T00:00:00,0.7
2022-03-03T00:00:00,1.7
2022-03-04T00:00:00,0.9
2022-03-05T00:00:00,0.7
2022-03-06T00:00:00,1.2
2022-03-07T00:00:00,1.4
2022-03-08T00:00:00,0.25
2022-03-09T00:00:00,1.3
2022-03-10T00:00:00,1.3
2022-03-11T00:00:00,1.7
2022-03-12T00:00:00,1.9
2022-03-13T00:00:00,0.8
2022-03-14T00:00:00,1.1
2022-03-15T00:00:00,1.2
2022-03-16T00:00:00,1.2
2022-03-17T00:00:00,0.7
2022-03-18T00:00:00,1.4
2022-03-19T00:00:00,1.7
2022-03-20T00:00:00,1.2
2022-03-21T00:00:00,1
2022-03-22T00:00:00,0.3
2022-03-23T00:00:00,0.7
2022-03-24T00:00:00,1.2
2022-03-25T00:00:00,1
2022-03-26T00:00:00,1.4
2022-03-27T00:00:00,1.3
2022-03-28T00:00:00,0.7
2022-03-29T00:00:00,0.7
2022-03-30T00:00:00,1.2
2022-03-31T00:00:00,1.8
2022-04-01T00:00:00,1
2022-04-02T00:00:00,0.9
2022-04-03T00:00:00,0.6
2022-04-04T00:00:00,0.4
2022-04-05T00:00:00,1
2022-04-06T00:00:00,0.9
2022-04-07T00:00:00,1.2
2022-04-08T00:00:00,1.2
2022-04-09T00:00:00,0.8
2022-04-10T00:00:00,1.1
2022-04-11T00:00:00,0.9
2022-04-12T00:00:00,1.1
2022-04-13T00:00:00,0.7
2022-04-14T00:00:00,0.8
2022-04-15T00:00:00,1.1
2022-04-16T00:00:00,1
2022-04-17T00:00:00,1.2
2022-04-18T00:00:00,0.9
2022-04-19T00:00:00,0.5
2022-04-20T00:00:00,0.9
2022-04-21T00:00:00,0.7
2022-04-22T00:00:00,0.75
2022-04-23T00:00:00,0.8
2022-04-24T00:00:00,0.3
2022-04-25T00:00:00,1.2
2022-04-26T00:00:00,1.5
2022-04-27T00:00:00,0.8
2022-04-28T00:00:00,1.3
2022-04-29T00:00:00,1.7
2022-04-30T00:00:00,1.1
2022-05-01T00:00:00,0.9
2022-05-02T00:00:00,1.9
2022-05-03T00:00:00,0.6
2022-05-04T00:00:00,0.6
2022-05-05T00:00:00,0.7
2022-05-06T00:00:00,0.9
2022-05-07T00:00:00,1
2022-05-08T00:00:00,0.9
2022-05-09T00:00:00,0.8
2022-05-10T00:00:00,1.3
2022-05-11T00:00:00,1.2
2022-05-12T00:00:00,1.3
2022-05-13T00:00:00,0.7
2022-05-14T00:00:00,0.3
2022-05-15T00:00:00,1.5
2022-05-16T00:00:00,1.5
2022-05-17T00:00:00,1.9
2022-05-18T00:00:00,2.2
2022-05-19T00:00:00,1
2022-05-20T00:00:00,0.6
2022-05-21T00:00:00,0.6
2022-05-22T00:00:00,0.8
2022-05-23T00:00:00,0.7
2022-05-24T00:00:00,1.1
2022-05-25T00:00:00,1.2
2022-05-26T00:00:00,1.8
2022-05-27T00:00:00,1.3
2022-05-28T00:00:00,1.4
2022-05-29T00:00:00,1.2
2022-05-30T00:00:00,1.7
2022-05-31T00:00:00,1.9
2022-06-01T00:00:00,1.1
2022-06-02T00:00:00,1.1
2022-06-03T00:00:00,0.8
2022-06-04T00:00:00,0.7
2022-06-05T00:00:00,0.5
2022-06-06T00:00:00,1.1
2022-06-07T00:00:00,0.4
2022-06-08T00:00:00,0.8
2022-06-09T00:00:00,0.9
2022-06-10T00:00:00,1.1
2022-06-11T00:00:00,1.7
2022-06-12T00:00:00,0.9
2022-06-13T00:00:00,1.1
2022-06-14T00:00:00,1
2022-06-15T00:00:00,1.1
2022-06-16T00:00:00,1.2
2022-06-17T00:00:00,0.6
2022-06-18T00:00:00,1.2
2022-06-19T00:00:00,0.6
2022-06-20T00:00:00,1
2022-06-21T00:00:00,0.8
2022-06-22T00:00:00,2.1
2022-06-23T00:00:00,1.5
2022-06-24T00:00:00,1.4
2022-06-25T00:00:00,1.6
2022-06-26T00:00:00,1.3
2022-06-27T00:00:00,1
2022-06-28T00:00:00,0.5
2022-06-29T00:00:00,1.2
2022-06-30T00:00:00,0.6
2022-07-01T00:00:00,1.35
2022-07-02T00:00:00,0.5
2022-07-03T00:00:00,1.4
2022-07-04T00:00:00,0.5
2022-07-05T00:00:00,0.5
2022-07-06T00:00:00,0.9
2022-07-07T00:00:00,0.8
2022-07-08T00:00:00,1.4
2022-07-09T00:00:00,2
2022-07-10T00:00:00,0.9
2022-07-11T00:00:00,1.7
2022-07-12T00:00:00,2.3
2022-07-13T00:00:00,1
2022-07-14T00:00:00,0.9
2022-07-15T00:00:00,0.8
2022-07-16T00:00:00,0.8
2022-07-17T00:00:00,1.3
2022-07-18T00:00:00,0.3
2022-07-19T00:00:00,0.95
2022-07-20T00:00:00,0.6
2022-07-21T00:00:00,0.5
2022-07-22T00:00:00,1.7
2022-07-23T00:00:00,1.5
2022-07-24T00:00:00,1.4
2022-07-25T00:00:00,1.6
2022-07-26T00:00:00,1.2
2022-07-27T00:00:00,1.1
2022-07-28T00:00:00,0.8
2022-07-29T00:00:00,1.3
2022-07-30T00:00:00,0.5
2022-07-31T00:00:00,0.8
2022-08-01T00:00:00,0.7
2022-08-02T00:00:00,0.8
2022-08-03T00:00:00,0.7
2022-08-04T00:00:00,1
2022-08-05T00:00:00,0.9
2022-08-06T00:00:00,0.9
2022-08-07T00:00:00,1.45
2022-08-08T00:00:00,1.5
2022-08-09T00:00:00,1.4
2022-08-10T00:00:00,1.1
2022-08-11T00:00:00,1.1
2022-08-12T00:00:00,0.6
2022-08-13T00:00:00,0.9
2022-08-14T00:00:00,0.5
2022-08-15T00:00:00,0.3
2022-08-16T00:00:00,0.5
2022-08-17T00:00:00,0.6
2022-08-18T00:00:00,0.8
2022-08-19T00:00:00,1.4
2022-08-20T00:00:00,0.5
2022-08-21T00:00:00,1.2
2022-08-22T00:00:00,1.6
2022-08-23T00:00:00,0.6
2022-08-24T00:00:00,1.2
2022-08-25T00:00:00,1
2022-08-26T00:00:00,1.2
2022-08-27T00:00:00,0.7
2022-08-28T00:00:00,2.3
2022-08-29T00:00:00,1.3
2022-08-30T00:00:00,0.5
2022-08-31T00:00:00,0.5
2022-09-01T00:00:00,0.5
2022-09-02T00:00:00,0.6
2022-09-03T00:00:00,1.35
2022-09-04T00:00:00,0.6
2022-09-05T00:00:00,1
2022-09-06T00:00:00,0.9
2022-09-07T00:00:00,1.2
2022-09-08T00:00:00,1.6
2022-09-09T00:00:00,2.3
2022-09-10T00:00:00,1.1
2022-09-11T00:00:00,0.8
2022-09-12T00:00:00,0.6
2022-09-13T00:00:00,0.5
2022-09-14T00:00:00,0.96
2022-09-15T00:00:00,0.4
2022-09-16T00:00:00,0.6
2022-09-17T00:00:00,0.6
2022-09-18T00:00:00,1.4
2022-09-19T00:00:00,1.4
2022-09-20T00:00:00,1.1
2022-09-21T00:00:00,0.9
2022-09-22T00:00:00,1.2
2022-09-23T00:00:00,0.9
2022-09-24T00:00:00,0.8
2022-09-25T00:00:00,1
2022-09-26T00:00:00,1.3
2022-09-27T00:00:00,0.3
2022-09-28T00:00:00,1.7
2022-09-29T00:00:00,0.8
2022-09-30T00:00:00,0.8
2022-10-01T00:00:00,0.8
2022-10-02T00:00:00,0.8
2022-10-03T00:00:00,1.7
2022-10-04T00:00:00,1.2
2022-10-05T00:00:00,1.2
2022-10-06T00:00:00,1.6
2022-10-07T00:00:00,1.4
2022-10-08T00:00:00,1.4
2022-10-09T00:00:00,1.5
2022-10-10T00:00:00,1
2022-10-11T00:00:00,0.5
2022-10-12T00:00:00,0.4
2022-10-13T00:00:00,0.2
2022-10-14T00:00:00,1.8
2022-10-15T00:00:00,1.2
2022-10-16T00:00:00,0.8
2022-10-17T00:00:00,1.55
2022-10-18T00:00:00,1.5
2022-10-19T00:00:00,1.1
2022-10-20T00:00:00,1.1
2022-10-21T00:00:00,1.2
2022-10-22T00:00:00,2.5
2022-10-23T00:00:00,1.8
2022-10-24T00:00:00,1.2
2022-10-25T00:00:00,1
2022-10-26T00:00:00,1.2
2022-10-27T00:00:00,0.3
2022-10-28T00:00:00,0.8
2022-10-29T00:00:00,0.7
2022-10-30T00:00:00,1.1
2022-10-31T00:00:00,1.8
2022-11-01T00:00:00,1.8
2022-11-02T00:00:00,1.2
2022-11-03T00:00:00,1.6
2022-11-04T00:00:00,1.5
2022-11-05T00:00:00,1.5
2022-11-06T00:00:00,1.3
2022-11-07T00:00:00,0.9
2022-11-08T00:00:00,0.8
2022-11-09T00:00:00,0.6
2022-11-10T00:00:00,0.6
2022-11-11T00:00:00,0.6
2022-11-12T00:00:00,1.1
2022-11-13T00:00:00,0.9
2022-11-14T00:00:00,0.9
2022-11-15T00:00:00,1.2
2022-11-16T00:00:00,1.6
2022-11-17T00:00:00,1.5
2022-11-18T00:00:00,1.5
2022-11-19T00:00:00,1.3
2022-11-20T00:00:00,1.3
2022-11-21T00:00:00,2.1
2022-11-22T00:00:00,1.8
2022-11-23T00:00:00,0.6
2022-11-24T00:00:00,0.9
2022-11-25T00:00:00,1.5
2022-11-26T00:00:00,0.8
2022-11-27T00:00:00,0.8
2022-11-28T00:00:00,1.1
2022-11-29T00:00:00,1.1
2022-11-30T00:00:00,1.1
2022-12-01T00:00:00,1.8
2022-12-02T00:00:00,2.1
2022-12-03T00:00:00,1.4
2022-12-04T00:00:00,1.7
2022-12-05T00:00:00,1.4
2022-12-06T00:00:00,1
2022-12-07T00:00:00,1
2022-12-08T00:00:00,0.8
2022-12-09T00:00:00,0.7
2022-12-10T00:00:00,1.8
2022-12-11T00:00:00,1.1
2022-12-12T00:00:00,0.9
2022-12-13T00:00:00,1.5
2022-12-14T00:00:00,1.1
2022-12-15T00:00:00,1.3
2022-12-16T00:00:00,2.3
2022-12-17T00:00:00,1.6
2022-12-18T00:00:00,1.2
2022-12-19T00:00:00,1.7
2022-12-20T00:00:00,1.6
2022-12-21T00:00:00,1.4
2022-12-22T00:00:00,1.5
2022-12-23T00:00:00,1
2022-12-24T00:00:00,0.9
2022-12-25T00:00:00,2
2022-12-26T00:00:00,0.8
2022-12-27T00:00:00,1
2022-12-28T00:00:00,1
2022-12-29T00:00:00,2
2022-12-30T00:00:00,1.6
2022-12-31T00:00:00,1.6
2023-01-01T00:00:00,2.4
2023-01-02T00:00:00,1
2023-01-03T00:00:00,2
2023-01-04T00:00:00,1.5
2023-01-05T00:00:00,1.3
2023-01-06T00:00:00,1.4
2023-01-07T00:00:00,0.8
2023-01-08T00:00:00,1.2
2023-01-09T00:00:00,1.2
2023-01-10T00:00:00,1
2023-01-11T00:00:00,1.3
2023-01-12T00:00:00,1.2
2023-01-13T00:00:00,1.6
2023-01-14T00:00:00,1.7
2023-01-15T00:00:00,1.3
2023-01-16T00:00:00,1.7
2023-01-17T00:00:00,1.6
2023-01-18T00:00:00,2
2023-01-19T00:00:00,1.7
2023-01-20T00:00:00,1.3
2023-01-21T00:00:00,1
2023-01-22T00:00:00,0.7
2023-01-23T00:00:00,1.1
2023-01-24T00:00:00,1.1
2023-01-25T00:00:00,0.6
2023-01-26T00:00:00,1.4
2023-01-27T00:00:00,1.1
2023-01-28T00:00:00,1.5
2023-01-29T00:00:00,1.7
2023-01-30T00:00:00,1.8
2023-01-31T00:00:00,1.5
2023-02-01T00:00:00,2
2023-02-02T00:00:00,1.4
2023-02-03T00:00:00,1.4
2023-02-04T00:00:00,1.3
2023-02-05T00:00:00,1.2
2023-02-06T00:00:00,0.7
2023-02-07T00:00:00,1.9
2023-02-08T00:00:00,0.9
2023-02-09T00:00:00,1.2
2023-02-10T00:00:00,0.9
2023-02-11T00:00:00,1
2023-02-12T00:00:00,1.1
2023-02-13T00:00:00,1.2
2023-02-14T00:00:00,1.3
2023-02-15T00:00:00,2
2023-02-16T00:00:00,1.1
2023-02-17T00:00:00,1.6
2023-02-18T00:00:00,1.4
2023-02-19T00:00:00,0.9
2023-02-20T00:00:00,0.7
2023-02-21T00:00:00,1.3
2023-02-22T00:00:00,0.8
2023-02-23T00:00:00,0.7
2023-02-24T00:00:00,1.1
2023-02-25T00:00:00,1.2
2023-02-26T00:00:00,0.9
2023-02-27T00:00:00,1.5
2023-02-28T00:00:00,1.3
2023-03-01T00:00:00,1.3
2023-03-02T00:00:00,1.1
2023-03-03T00:00:00,1.1
2023-03-04T00:00:00,0.7
2023-03-05T00:00:00,1.6
2023-03-06T00:00:00,1
2023-03-07T00:00:00,0.8
2023-03-08T00:00:00,0.9
2023-03-09T00:00:00,1.1
2023-03-10T00:00:00,1.4
2023-03-11T00:00:00,1
2023-03-12T00:00:00,1
2023-03-13T00:00:00,1.2
2023-03-14T00:00:00,1.4
2023-03-15T00:00:00,1.4
2023-03-16T00:00:00,1.3
2023-03-17T00:00:00,1.3
2023-03-18T00:00:00,1.4
2023-03-19T00:00:00,1.3
2023-03-20T00:00:00,1.2
2023-03-21T00:00:00,1.5
2023-03-22T00:00:00,1.3
2023-03-23T00:00:00,1.3
2023-03-24T00:00:00,1.2
2023-03-25T00:00:00,1.8
2023-03-26T00:00:00,1.2
2023-03-27T00:00:00,1.2
2023-03-28T00:00:00,0.9
2023-03-29T00:00:00,0.9
2023-03-30T00:00:00,2.4
2023-03-31T00:00:00,0.8
2023-04-01T00:00:00,2.4
2023-04-02T00:00:00,0.6
2023-04-03T00:00:00,1.3
2023-04-04T00:00:00,0.7
2023-04-05T00:00:00,1
2023-04-06T00:00:00,0.9
2023-04-07T00:00:00,0.6
2023-04-08T00:00:00,0.9
2023-04-09T00:00:00,1.1
2023-04-10T00:00:00,1.1
2023-04-11T00:00:00,1.8
2023-04-12T00:00:00,0.9
2023-04-13T00:00:00,1.8
2023-04-14T00:00:00,1.7
2023-04-15T00:00:00,1.2
2023-04-16T00:00:00,1.1
2023-04-17T00:00:00,1.1
2023-04-18T00:00:00,1.2
2023-04-19T00:00:00,0.6
2023-04-20T00:00:00,2
2023-04-21T00:00:00,0.6
2023-04-22T00:00:00,0.6
2023-04-23T00:00:00,1.5
2023-04-24T00:00:00,0.6
2023-04-25T00:00:00,1.1
2023-04-26T00:00:00,0.9
2023-04-27T00:00:00,1
2023-04-28T00:00:00,0.6
2023-04-29T00:00:00,0.7
2023-04-30T00:00:00,0.7
2023-05-01T00:00:00,1.8
2023-05-02T00:00:00,0.7
2023-05-03T00:00:00,1.5
2023-05-04T00:00:00,0.8
2023-05-05T00:00:00,1.2
2023-05-06T00:00:00,1.4
2023-05-07T00:00:00,0.35
2023-05-08T00:00:00,1
2023-05-09T00:00:00,1.2
2023-05-10T00:00:00,0.8
2023-05-11T00:00:00,1.6
2023-05-12T00:00:00,0.6
2023-05-13T00:00:00,0.5
2023-05-14T00:00:00,1.4
2023-05-15T00:00:00,0.7
2023-05-16T00:00:00,1.1
2023-05-17T00:00:00,0.6
2023-05-18T00:00:00,1.1
2023-05-19T00:00:00,1.5
2023-05-20T00:00:00,0.8
2023-05-21T00:00:00,1.4
2023-05-22T00:00:00,0.2
2023-05-23T00:00:00,1.2
2023-05-24T00:00:00,0.9
2023-05-25T00:00:00,0.7
2023-05-26T00:00:00,0.8
2023-05-27T00:00:00,1.2
2023-05-28T00:00:00,1.9
2023-05-29T00:00:00,1
2023-05-30T00:00:00,1.1
2023-05-31T00:00:00,0.8
2023-06-01T00:00:00,0.8
2023-06-02T00:00:00,1.4
2023-06-03T00:00:00,0.8
2023-06-04T00:00:00,1.1
2023-06-05T00:00:00,1.4
2023-06-06T00:00:00,0.9
2023-06-07T00:00:00,0.4
2023-06-08T00:00:00,1
2023-06-09T00:00:00,0.5
2023-06-10T00:00:00,2
2023-06-11T00:00:00,1.4
2023-06-12T00:00:00,1.1
2023-06-13T00:00:00,2
2023-06-14T00:00:00,1.4
2023-06-15T00:00:00,1
2023-06-16T00:00:00,1
2023-06-17T00:00:00,1.25
2023-06-18T00:00:00,1.2
2023-06-19T00:00:00,0.6
2023-06-20T00:00:00,1.4
2023-06-21T00:00:00,0.7
2023-06-22T00:00:00,0.4
2023-06-23T00:00:00,0.6
2023-06-24T00:00:00,0.6
2023-06-25T00:00:00,0.9
2023-06-26T00:00:00,1.1
2023-06-27T00:00:00,0.7
2023-06-28T00:00:00,1.2
2023-06-29T00:00:00,1.4
2023-06-30T00:00:00,0.8
2023-07-01T00:00:00,0.9
2023-07-02T00:00:00,1
2023-07-03T00:00:00,0.4
2023-07-04T00:00:00,1.1
2023-07-05T00:00:00,0.5
2023-07-06T00:00:00,0.9
2023-07-07T00:00:00,0.9
2023-07-08T00:00:00,1
2023-07-09T00:00:00,1
2023-07-10T00:00:00,0.8
2023-07-11T00:00:00,1.1
2023-07-12T00:00:00,1.6
2023-07-13T00:00:00,2
2023-07-14T00:00:00,1.6
2023-07-15T00:00:00,0.9
2023-07-16T00:00:00,0.7
2023-07-17T00:00:00,1.5
2023-07-18T00:00:00,1.8
2023-07-19T00:00:00,0.9
2023-07-20T00:00:00,0.4
2023-07-21T00:00:00,0.6
2023-07-22T00:00:00,0.4
2023-07-23T00:00:00,0.9
2023-07-24T00:00:00,1.1
2023-07-25T00:00:00,1
2023-07-26T00:00:00,0.5
2023-07-27T00:00:00,1.3
2023-07-28T00:00:00,1.1
2023-07-29T00:00:00,1.1
2023-07-31T00:00:00,1.5
2023-08-01T00:00:00,1.7
2023-08-02T00:00:00,0.7
2023-08-03T00:00:00,1.9
2023-08-04T00:00:00,1
2023-08-05T00:00:00,0.7
2023-08-06T00:00:00,1
2023-08-07T00:00:00,0.6
2023-08-08T00:00:00,1.8
2023-08-09T00:00:00,0.8
2023-08-10T00:00:00,1
2023-08-11T00:00:00,1
2023-08-12T00:00:00,1.4
2023-08-13T00:00:00,2.3
2023-08-14T00:00:00,0.4
2023-08-15T00:00:00,1.2
2023-08-16T00:00:00,0.7
2023-08-17T00:00:00,2.1
2023-08-18T00:00:00,0.6
2023-08-19T00:00:00,0.6
2023-08-20T00:00:00,0.2
2023-08-21T00:00:00,0.6
2023-08-22T00:00:00,0.5
2023-08-23T00:00:00,0.7
2023-08-24T00:00:00,0.9
2023-08-25T00:00:00,1.2
2023-08-26T00:00:00,1.3
2023-08-27T00:00:00,1.3
2023-08-28T00:00:00,1.2
2023-08-29T00:00:00,0.9
2023-08-30T00:00:00,1.4
2023-08-31T00:00:00,0.6
2023-09-01T00:00:00,1.1
2023-09-02T00:00:00,0.1
2023-09-03T00:00:00,1.5
2023-09-04T00:00:00,0.9
2023-09-05T00:00:00,1.7
2023-09-06T00:00:00,1.2
2023-09-07T00:00:00,1.1
2023-09-08T00:00:00,0.3
2023-09-09T00:00:00,1.3
2023-09-10T00:00:00,1.4
2023-09-11T00:00:00,1
2023-09-12T00:00:00,1.1
2023-09-13T00:00:00,1.5
2023-09-14T00:00:00,1
2023-09-15T00:00:00,0.4
2023-09-16T00:00:00,0.7
2023-09-17T00:00:00,1.1
2023-09-18T00:00:00,1.7
2023-09-19T00:00:00,1.1
2023-09-20T00:00:00,1
2023-09-21T00:00:00,1.2
2023-09-22T00:00:00,0.8
2023-09-23T00:00:00,1.7
2023-09-24T00:00:00,1
2023-09-25T00:00:00,2.1
2023-09-26T00:00:00,2
2023-09-27T00:00:00,1.5
2023-09-28T00:00:00,1.3
2023-09-29T00:00:00,1.2
2023-09-30T00:00:00,1.7
2023-10-01T00:00:00,0.4
2023-10-02T00:00:00,0.3
2023-10-03T00:00:00,0.7
2023-10-04T00:00:00,1
2023-10-05T00:00:00,1.3
2023-10-06T00:00:00,0.9
2023-10-07T00:00:00,1.5
2023-10-08T00:00:00,1.2
2023-10-09T00:00:00,1.3
2023-10-10T00:00:00,1.6
2023-10-11T00:00:00,1.5
2023-10-12T00:00:00,2.3
2023-10-13T00:00:00,1
2023-10-14T00:00:00,1
2023-10-15T00:00:00,0.9
2023-10-16T00:00:00,0.6
2023-10-17T00:00:00,1
2023-10-18T00:00:00,1.3
2023-10-19T00:00:00,1.3
2023-10-20T00:00:00,0.9
2023-10-21T00:00:00,1.1
2023-10-22T00:00:00,1
2023-10-23T00:00:00,1.5
2023-10-24T00:00:00,2
2023-10-25T00:00:00,1.8
2023-10-26T00:00:00,1.4
2023-10-27T00:00:00,1.2
2023-10-28T00:00:00,1.4
2023-10-29T00:00:00,0.9
2023-10-30T00:00:00,1.3
2023-10-31T00:00:00,1.6
2023-11-01T00:00:00,1.4
2023-11-02T00:00:00,2
2023-11-03T00:00:00,1.5
2023-11-04T00:00:00,1.6
2023-11-05T00:00:00,1.5
2023-11-06T00:00:00,1
2023-11-07T00:00:00,1.5
2023-11-08T00:00:00,1.2
2023-11-09T00:00:00,1.2
2023-11-10T00:00:00,1.6
2023-11-11T00:00:00,1.4
2023-11-12T00:00:00,1.2
2023-11-13T00:00:00,2.5
2023-11-14T00:00:00,1.1
2023-11-15T00:00:00,1.2
2023-11-16T00:00:00,0.6
2023-11-17T00:00:00,1.2
2023-11-18T00:00:00,0.6
2023-11-19T00:00:00,1.4
2023-11-20T00:00:00,1.5
2023-11-21T00:00:00,1.3
2023-11-22T00:00:00,2.1
2023-11-23T00:00:00,1.7
2023-11-24T00:00:00,1.9
2023-11-25T00:00:00,1.6
2023-11-26T00:00:00,1.3
2023-11-27T00:00:00,1
2023-11-28T00:00:00,1.3
2023-11-29T00:00:00,0.3
2023-11-30T00:00:00,1.1
2023-12-01T00:00:00,1.2
2023-12-02T00:00:00,1
2023-12-03T00:00:00,1.8
2023-12-04T00:00:00,1.4
2023-12-05T00:00:00,1.8
2023-12-06T00:00:00,1.5
2023-12-07T00:00:00,1.9
2023-12-08T00:00:00,1.6
2023-12-09T00:00:00,1.6
2023-12-10T00:00:00,1
2023-12-11T00:00:00,1.5
2023-12-12T00:00:00,0.8
2023-12-13T00:00:00,0.9
2023-12-14T00:00:00,1.4
2023-12-15T00:00:00,0.7
2023-12-16T00:00:00,0.8
2023-12-17T00:00:00,0.9
2023-12-18T00:00:00,1.2
2023-12-19T00:00:00,2.9
2023-12-20T00:00:00,2.1
2023-12-21T00:00:00,1.6
2023-12-22T00:00:00,1.6
2023-12-23T00:00:00,1.9
2023-12-24T00:00:00,1.8
2023-12-25T00:00:00,1.2
2023-12-26T00:00:00,2.3
2023-12-27T00:00:00,0.8
2023-12-28T00:00:00,1
2023-12-29T00:00:00,1.2
2023-12-30T00:00:00,2.4
2023-12-31T00:00:00,1.3
2024-01-01T00:00:00,1.3
2024-01-02T00:00:00,1.5
2024-01-03T00:00:00,0.98
2024-01-04T00:00:00,1.8
2024-01-05T00:00:00,1.4
2024-01-06T00:00:00,1.3
2024-01-07T00:00:00,1.4
2024-01-08T00:00:00,1.5
2024-01-09T00:00:00,1.1
2024-01-10T00:00:00,0.8
2024-01-11T00:00:00,1.3
2024-01-12T00:00:00,1.49
2024-01-13T00:00:00,1.2
2024-01-14T00:00:00,0.5
2024-01-15T00:00:00,1.8
2024-01-16T00:00:00,1.5
2024-01-17T00:00:00,1.5
2024-01-18T00:00:00,1.7
2024-01-19T00:00:00,1.4
2024-01-20T00:00:00,2.1
2024-01-21T00:00:00,1.8
2024-01-22T00:00:00,1.3
2024-01-23T00:00:00,1.3
2024-01-24T00:00:00,1.2
2024-01-25T00:00:00,0.7
2024-01-26T00:00:00,1
2024-01-27T00:00:00,1.1
2024-01-28T00:00:00,0.7
2024-01-29T00:00:00,1.4
2024-01-30T00:00:00,1.2
2024-01-31T00:00:00,1.3
2024-01-31T16:00:00,0.5
2024-02-01T00:00:00,1.3
2024-02-01T02:00:00,1.3
2024-02-01T16:00:00,0.5
2024-02-02T00:00:00,1.5
2024-02-02T02:00:00,1.5
2024-02-03T00:00:00,1.75
2024-02-04T00:00:00,1.9
2024-02-05T00:00:00,1.8
2024-02-06T00:00:00,0.8
2024-02-07T00:00:00,1.5
2024-02-08T00:00:00,0.7
2024-02-09T00:00:00,1.1
2024-02-10T00:00:00,1
2024-02-11T00:00:00,0.7
2024-02-12T00:00:00,1.2
2024-02-13T00:00:00,2.2
2024-02-14T00:00:00,1.9
2024-02-15T00:00:00,1.6
2024-02-16T00:00:00,1.7
2024-02-17T00:00:00,1.7
2024-02-18T00:00:00,1.2
2024-02-19T00:00:00,1.56
2024-02-20T00:00:00,1.2
2024-02-21T00:00:00,1.3
2024-02-22T00:00:00,1.34
2024-02-23T00:00:00,0.8
2024-02-24T00:00:00,1.6
2024-02-25T00:00:00,1.5
2024-02-26T00:00:00,1.2
2024-02-27T00:00:00,0.9
2024-02-28T00:00:00,1.03
2024-02-29T00:00:00,0.8
2024-03-01T00:00:00,2.1
2024-03-02T00:00:00,1.3
2024-03-03T00:00:00,0.1
2024-03-04T00:00:00,1.9
2024-03-05T00:00:00,2.2
2024-03-06T00:00:00,1.37
2024-03-07T00:00:00,0.7
2024-03-08T00:00:00,1.5
2024-03-09T00:00:00,0.93
2024-03-10T00:00:00,0.8
2024-03-11T00:00:00,0.8
2024-03-12T00:00:00,0.8
2024-03-13T00:00:00,1.2
2024-03-14T00:00:00,1.1
2024-03-15T00:00:00,1.14
2024-03-16T00:00:00,1.2
2024-03-17T00:00:00,1.7
2024-03-18T00:00:00,1.1
2024-03-19T00:00:00,1.7
2024-03-20T00:00:00,1.5
2024-03-21T00:00:00,1.5
2024-03-22T00:00:00,1.71
2024-03-23T00:00:00,1.4
2024-03-24T00:00:00,0.3
2024-03-25T00:00:00,1.2
2024-03-26T00:00:00,1.2
2024-03-27T00:00:00,0.59
2024-03-28T00:00:00,1.2
2024-03-29T00:00:00,1.1
2024-03-30T00:00:00,0.8
2024-03-31T00:00:00,1.54
2024-04-01T00:00:00,1.7
2024-04-02T00:00:00,1.1
2024-04-03T00:00:00,1.2
2024-04-04T00:00:00,1.1
2024-04-05T00:00:00,0.8
2024-04-06T00:00:00,1.2
2024-04-07T00:00:00,0.6
2024-04-08T00:00:00,1.3
2024-04-09T00:00:00,0.7
2024-04-10T00:00:00,2.5
2024-04-10T16:00:00,1.9
2024-04-11T00:00:00,1.73
2024-04-11T02:00:00,1.73
2024-04-12T00:00:00,1.5
2024-04-13T00:00:00,1.5
2024-04-14T00:00:00,1.73
2024-04-15T00:00:00,1.2
2024-04-16T00:00:00,0.61
2024-04-17T00:00:00,0.6
2024-04-18T00:00:00,1.4
2024-04-19T00:00:00,1.3
2024-04-20T00:00:00,0.45
2024-04-21T00:00:00,2.2
2024-04-22T00:00:00,2.2
2024-04-23T00:00:00,1.22
2024-04-24T00:00:00,1.2
2024-04-25T00:00:00,1.3
2024-04-26T00:00:00,0.59
2024-04-27T00:00:00,1
2024-04-28T00:00:00,1.1
2024-04-29T00:00:00,1.4
2024-04-30T00:00:00,1.2
2024-05-01T00:00:00,1.3
2024-05-02T00:00:00,2
2024-05-03T00:00:00,1.34
2024-05-04T00:00:00,1.1
2024-05-05T00:00:00,0.6
2024-05-06T00:00:00,1.2
2024-05-07T00:00:00,1.4
2024-05-08T00:00:00,1.1
2024-05-09T00:00:00,1.6
2024-05-10T00:00:00,1.3
2024-05-11T00:00:00,1.1
2024-05-12T00:00:00,1.7
2024-05-13T00:00:00,1.6
2024-05-14T00:00:00,1.3
2024-05-15T00:00:00,1.3
2024-05-16T00:00:00,1.4
2024-05-17T00:00:00,0.8
2024-05-18T00:00:00,1.5
2024-05-19T00:00:00,1
2024-05-20T00:00:00,0.7
2024-05-21T00:00:00,0.6
2024-05-22T00:00:00,1.2
2024-05-23T00:00:00,1.2
2024-05-24T00:00:00,2.4
2024-05-25T00:00:00,1.7
2024-05-26T00:00:00,1.5
2024-05-27T00:00:00,1
2024-05-28T00:00:00,0.8
2024-05-29T00:00:00,0.6
2024-05-30T00:00:00,0.4
2024-05-31T00:00:00,1.2
2024-06-01T00:00:00,1
2024-06-02T00:00:00,1.6
2024-06-03T00:00:00,1.4
2024-06-04T00:00:00,1.3
2024-06-05T00:00:00,0.7
2024-06-06T00:00:00,1.3
2024-06-07T00:00:00,1.1
2024-06-08T00:00:00,0.9
2024-06-09T00:00:00,0.7
2024-06-10T00:00:00,0.7
2024-06-11T00:00:00,1
2024-06-12T00:00:00,1.1
2024-06-13T00:00:00,1
2024-06-14T00:00:00,0.8
2024-06-15T00:00:00,1.1
2024-06-16T00:00:00,1.09
2024-06-17T00:00:00,1.2
2024-06-18T00:00:00,1
2024-06-19T00:00:00,0.98
2024-06-20T00:00:00,1.34
2024-06-21T00:00:00,1.8
2024-06-22T00:00:00,0.21
2024-06-23T00:00:00,1.5
2024-06-24T00:00:00,0.7
2024-06-25T00:00:00,1.4
2024-06-26T00:00:00,0.5
2024-06-27T00:00:00,0.3
2024-06-28T00:00:00,0.97
2024-07-13T00:00:00,0.7
2024-07-14T00:00:00,0.8
2024-07-15T00:00:00,0.8
2024-07-16T00:00:00,0.7
2024-07-17T00:00:00,0.8
2024-07-18T00:00:00,1.1
2024-07-19T00:00:00,0.8
2024-07-20T00:00:00,2.47
2024-07-21T00:00:00,1
2024-07-22T00:00:00,1.15
2024-07-23T00:00:00,0.6
2024-07-24T00:00:00,0.8
2024-07-25T00:00:00,0.4
2024-07-26T00:00:00,0.68
2024-07-27T00:00:00,0.8
2024-07-28T00:00:00,0.6
2024-07-29T00:00:00,1.34
2024-07-30T00:00:00,1.5
2024-07-31T00:00:00,0.7
2024-08-01T00:00:00,1.6
2024-08-02T00:00:00,0.9
2024-08-03T00:00:00,0.7
2024-08-04T00:00:00,0.9
2024-08-05T00:00:00,1.2
2024-08-06T00:00:00,0.5
2024-08-07T00:00:00,0.5
2024-08-08T00:00:00,0.9
2024-08-09T00:00:00,0.9
2024-08-10T00:00:00,0.5
2024-08-11T00:00:00,0.3
2024-08-12T00:00:00,1.8
2024-08-13T00:00:00,0.9
2024-08-14T00:00:00,0.5
2024-08-15T00:00:00,1.3
2024-08-16T00:00:00,1.5
2024-08-17T00:00:00,1.5
2024-08-18T00:00:00,1.1
2024-08-19T00:00:00,1.3
2024-08-20T00:00:00,2.3
2024-08-21T00:00:00,1.6
2024-08-22T00:00:00,0.2
2024-08-23T00:00:00,0.9
2024-08-24T00:00:00,0.7
2024-08-25T00:00:00,0.8
2024-08-26T00:00:00,0.9
2024-08-27T00:00:00,0.7
2024-08-28T00:00:00,1.1
2024-08-29T00:00:00,1.5
2024-08-30T00:00:00,1.7
2024-08-31T00:00:00,1.9
2024-09-01T00:00:00,1.4
2024-09-02T00:00:00,0.7
2024-09-03T00:00:00,0.6
2024-09-04T00:00:00,1.2
2024-09-05T00:00:00,0.5
2024-09-06T00:00:00,0.6
2024-09-07T00:00:00,0.4
2024-09-08T00:00:00,0.7
2024-09-09T00:00:00,0.8
2024-09-10T00:00:00,0.8
2024-09-11T00:00:00,0.8
2024-09-12T00:00:00,1.2
2024-09-13T00:00:00,1.2
2024-09-14T00:00:00,1.3
2024-09-15T00:00:00,1.6
2024-09-16T00:00:00,0.9
2024-09-17T00:00:00,1.3
2024-09-18T00:00:00,0.6
2024-09-19T00:00:00,0.6
2024-09-20T00:00:00,0.2
2024-09-21T00:00:00,0.6
2024-09-22T00:00:00,0.7
2024-09-23T00:00:00,1.4
2024-09-24T00:00:00,1.5
2024-09-25T00:00:00,1.5
2024-09-26T00:00:00,1.8
2024-09-27T00:00:00,1.5
2024-09-28T00:00:00,1.2
2024-09-29T00:00:00,1.39
2024-09-30T00:00:00,1.2
2024-10-01T00:00:00,1.4
2024-10-02T00:00:00,0.9
2024-10-03T00:00:00,1.9
2024-10-04T00:00:00,0.8
2024-10-05T00:00:00,0.6
2024-10-06T00:00:00,1.4
2024-10-07T00:00:00,1.3
2024-10-08T00:00:00,0.8
2024-10-09T00:00:00,1.6
2024-10-10T00:00:00,1.2
2024-10-11T00:00:00,0.7
2024-10-12T00:00:00,1.7
2024-10-13T00:00:00,1.2
2024-10-14T00:00:00,1.4
2024-10-15T00:00:00,1.2
2024-10-16T00:00:00,1.4
2024-10-17T00:00:00,1.1
2024-10-18T00:00:00,0.8
2024-10-19T00:00:00,0.81
2024-10-20T00:00:00,0.5
2024-10-20T16:00:00,0.5
2024-10-21T00:00:00,0.5
2024-10-21T02:00:00,0.5
2024-10-21T16:00:00,0.6
2024-10-22T00:00:00,0.8
2024-10-22T02:00:00,0.8
2024-10-23T00:00:00,1.4
2024-10-23T16:00:00,1
2024-10-24T00:00:00,1.1
2024-10-24T02:00:00,1.1
2024-10-25T00:00:00,2
2024-10-26T00:00:00,2
2024-10-27T00:00:00,1.5
2024-10-28T00:00:00,1.4
2024-10-29T00:00:00,1.4
2024-10-30T00:00:00,1.1
2024-10-31T00:00:00,1
2024-11-01T00:00:00,0.9
2024-11-02T00:00:00,0.4
2024-11-03T00:00:00,2
2024-11-04T00:00:00,1.1
2024-11-05T00:00:00,0.3
2024-11-06T00:00:00,0.9
2024-11-07T00:00:00,1.1
2024-11-07T23:45:00,1.99
2024-11-08T00:00:00,2
2024-11-08T00:45:00,1.82
2024-11-08T01:45:00,1.65
2024-11-08T02:45:00,1.49
2024-11-08T03:45:00,1.33
2024-11-08T04:45:00,1.19
2024-11-08T05:45:00,1.08
2024-11-08T06:45:00,1.03
2024-11-08T07:45:00,1
2024-11-08T08:45:00,0.94
2024-11-08T09:45:00,0.9
2024-11-08T10:45:00,0.84
2024-11-08T11:45:00,0.71
2024-11-08T12:45:00,0.61
2024-11-08T13:45:00,0.52
2024-11-08T14:45:00,0.42
2024-11-08T15:45:00,0.34
2024-11-08T16:45:00,0.27
2024-11-08T17:45:00,0.29
2024-11-08T18:45:00,0.49
2024-11-08T19:45:00,0.68
2024-11-08T20:45:00,0.84
2024-11-08T21:45:00,0.86
2024-11-08T22:45:00,0.88
2024-11-08T23:45:00,0.85
2024-11-09T00:00:00,0.6
2024-11-09T00:45:00,0.74
2024-11-09T01:45:00,0.63
2024-11-09T02:45:00,0.53
2024-11-09T03:45:00,0.42
2024-11-09T04:45:00,0.33
2024-11-09T05:45:00,0.26
2024-11-09T06:45:00,0.25
2024-11-09T07:45:00,0.36
2024-11-09T08:45:00,0.49
2024-11-09T09:45:00,0.63
2024-11-09T10:45:00,0.71
2024-11-09T11:45:00,0.71
2024-11-09T12:45:00,0.64
2024-11-09T13:45:00,0.61
2024-11-09T14:45:00,0.57
2024-11-09T15:45:00,0.52
2024-11-09T16:45:00,0.59
2024-11-09T17:45:00,0.75
2024-11-09T18:45:00,1
2024-11-09T19:45:00,1.22
2024-11-09T20:45:00,1.32
2024-11-09T21:45:00,1.45
2024-11-09T22:45:00,1.5
2024-11-09T23:45:00,1.52
2024-11-10T00:00:00,1.2
2024-11-10T00:45:00,1.38
2024-11-10T01:45:00,1.2
2024-11-10T02:45:00,1.06
2024-11-10T03:45:00,0.93
2024-11-10T04:45:00,0.8
2024-11-10T05:45:00,0.7
2024-11-10T06:45:00,0.63
2024-11-10T07:45:00,0.57
2024-11-10T08:45:00,0.56
2024-11-10T09:45:00,0.53
2024-11-10T10:45:00,0.48
2024-11-10T11:45:00,0.44
2024-11-10T12:45:00,0.39
2024-11-10T13:45:00,0.36
2024-11-10T14:45:00,0.2
2024-11-10T15:45:00,0.15
2024-11-10T16:45:00,0.09
2024-11-10T17:45:00,0.14
2024-11-10T18:45:00,0.39
2024-11-10T19:45:00,0.63
2024-11-10T20:45:00,0.83
2024-11-10T21:45:00,0.95
2024-11-10T22:45:00,1.08
2024-11-10T23:45:00,1.16
2024-11-11T00:00:00,1.3
2024-11-11T00:45:00,1.21
2024-11-11T01:45:00,1.29
2024-11-11T02:45:00,1.26
2024-11-11T03:45:00,1.24
2024-11-11T04:45:00,1.11
2024-11-11T05:45:00,1
2024-11-11T06:45:00,0.9
2024-11-11T07:45:00,0.9
2024-11-11T08:45:00,0.93
2024-11-11T09:45:00,1.05
2024-11-11T10:45:00,1.24
2024-11-11T11:45:00,1.29
2024-11-11T12:45:00,1.34
2024-11-11T13:45:00,1.2
2024-11-11T14:45:00,1.1
2024-11-11T15:45:00,0.9
2024-11-11T16:45:00,0.67
2024-11-11T17:45:00,0.55
2024-11-11T18:45:00,0.47
2024-11-11T19:45:00,0.38
2024-11-11T20:45:00,0.7
2024-11-11T21:45:00,0.97
2024-11-11T22:45:00,1.21
2024-11-11T23:45:00,1.35
2024-11-12T00:00:00,1.3
2024-11-12T00:45:00,1.35
2024-11-12T01:45:00,1.42
2024-11-12T02:45:00,1.38
2024-11-12T03:45:00,1.31
2024-11-12T04:45:00,1.23
2024-11-12T05:45:00,1.26
2024-11-12T06:45:00,1.27
2024-11-12T07:45:00,1.23
2024-11-12T08:45:00,1.22
2024-11-12T09:45:00,1.34
2024-11-12T10:45:00,1.39
2024-11-12T11:45:00,1.36
2024-11-12T12:45:00,1.36
2024-11-12T13:45:00,1.27
2024-11-12T14:45:00,1.15
2024-11-12T15:45:00,1.03
2024-11-12T16:45:00,0.9
2024-11-12T17:45:00,0.78
2024-11-12T18:45:00,0.65
2024-11-12T19:45:00,0.52
2024-11-12T20:45:00,0.46
2024-11-12T21:45:00,0.49
2024-11-12T22:45:00,0.77
2024-11-12T23:45:00,1.08
2024-11-13T00:00:00,1.3
2024-11-13T00:45:00,1.25
2024-11-13T01:45:00,1.36
2024-11-13T02:45:00,1.31
2024-11-13T03:45:00,1.35
2024-11-13T04:45:00,1.5
2024-11-13T05:45:00,1.27
2024-11-13T06:45:00,1.15
2024-11-13T07:45:00,0.99
2024-11-13T08:45:00,0.89
2024-11-13T09:45:00,0.88
2024-11-13T10:45:00,1.04
2024-11-13T11:45:00,1.18
2024-11-13T12:45:00,1.3
2024-11-13T13:45:00,1.29
2024-11-13T14:45:00,1.21
2024-11-13T15:45:00,1.16
2024-11-13T16:45:00,1.06
2024-11-13T17:45:00,0.95
2024-11-13T18:45:00,0.85
2024-11-13T19:45:00,0.72
2024-11-13T20:45:00,0.65
2024-11-13T21:45:00,0.63
2024-11-13T22:45:00,0.91
2024-11-13T23:45:00,1.19
2024-11-14T00:00:00,1.5
2024-11-14T00:45:00,1.42
2024-11-14T01:45:00,1.47
2024-11-14T02:45:00,1.54
2024-11-14T03:45:00,1.51
2024-11-14T04:45:00,1.43
2024-11-14T05:45:00,1.3
2024-11-14T06:45:00,1.13
2024-11-14T07:45:00,0.99
2024-11-14T08:45:00,0.86
2024-11-14T09:45:00,0.72
2024-11-14T10:45:00,0.61
2024-11-14T11:45:00,0.54
2024-11-14T12:45:00,0.6
2024-11-14T13:45:00,0.69
2024-11-14T14:45:00,0.75
2024-11-14T15:45:00,0.79
2024-11-14T16:45:00,0.72
2024-11-14T17:45:00,0.64
2024-11-14T18:45:00,0.51
2024-11-14T19:45:00,0.45
2024-11-14T20:45:00,0.38
2024-11-14T21:45:00,0.31
2024-11-14T22:45:00,0.35
2024-11-14T23:45:00,0.7
2024-11-15T00:00:00,1.2
2024-11-15T00:45:00,0.99
2024-11-15T01:45:00,1.29
2024-11-15T02:45:00,1.37
2024-11-15T03:45:00,1.48
2024-11-15T04:45:00,1.52
2024-11-15T05:45:00,1.43
2024-11-15T06:45:00,1.26
2024-11-15T07:45:00,1.06
2024-11-15T08:45:00,0.92
2024-11-15T09:45:00,0.78
2024-11-15T10:45:00,0.63
2024-11-15T11:45:00,0.52
2024-11-15T12:45:00,0.49
2024-11-15T13:45:00,0.59
2024-11-15T14:45:00,0.73
2024-11-15T15:45:00,0.8
2024-11-15T16:45:00,0.83
2024-11-15T17:45:00,0.75
2024-11-15T18:45:00,0.6
2024-11-15T19:45:00,0.52
2024-11-15T20:45:00,0.42
2024-11-15T21:45:00,0.31
2024-11-15T22:45:00,0.24
2024-11-15T23:45:00,0.2
2024-11-16T00:00:00,0.7
2024-11-16T00:45:00,0.34
2024-11-16T01:45:00,0.67
2024-11-16T02:45:00,0.89
2024-11-16T03:45:00,1.06
2024-11-16T04:45:00,1.13
2024-11-16T05:45:00,1.16
2024-11-16T06:45:00,1.07
2024-11-16T07:45:00,0.95
2024-11-16T08:45:00,0.77
2024-11-16T09:45:00,0.6
2024-11-16T10:45:00,0.5
2024-11-16T11:45:00,0.41
2024-11-16T12:45:00,0.39
2024-11-16T13:45:00,0.64
2024-11-16T14:45:00,0.95
2024-11-16T15:45:00,1.18
2024-11-16T16:45:00,1.32
2024-11-16T17:45:00,1.4
2024-11-16T18:45:00,1.4
2024-11-16T19:45:00,1.32
2024-11-16T20:45:00,1.19
2024-11-16T21:45:00,1.05
2024-11-16T22:45:00,0.92
2024-11-16T23:45:00,0.79
2024-11-17T00:00:00,1.2
2024-11-17T00:45:00,0.89
2024-11-17T01:45:00,1.17
2024-11-17T02:45:00,1.45
2024-11-17T03:45:00,1.59
2024-11-17T04:45:00,1.61
2024-11-17T05:45:00,1.61
2024-11-17T06:45:00,1.78
2024-11-17T07:45:00,1.92
2024-11-17T08:45:00,2.04
2024-11-17T09:45:00,2.18
2024-11-17T10:45:00,2.31
2024-11-17T11:45:00,2.49
2024-11-17T12:45:00,2.63
2024-11-17T13:45:00,2.75
2024-11-17T14:45:00,2.85
2024-11-17T15:45:00,2.92
2024-11-17T16:45:00,2.91
2024-11-17T17:45:00,2.83
2024-11-17T18:45:00,2.61
2024-11-17T19:45:00,2.42
2024-11-17T20:45:00,2.15
2024-11-17T21:45:00,1.9
2024-11-17T22:45:00,1.7
2024-11-17T23:45:00,1.55
2024-11-18T00:00:00,1.3
2024-11-18T00:45:00,1.38
2024-11-18T01:45:00,1.28
2024-11-18T02:45:00,1.35
2024-11-18T03:45:00,1.57
2024-11-18T04:45:00,1.85
2024-11-18T05:45:00,1.99
2024-11-18T06:45:00,2.01
2024-11-18T07:45:00,1.95
2024-11-18T08:45:00,1.86
2024-11-18T09:45:00,1.8
2024-11-18T10:45:00,1.64
2024-11-18T11:45:00,1.42
2024-11-18T12:45:00,1.25
2024-11-18T13:45:00,1.19
2024-11-18T14:45:00,1.22
2024-11-18T15:45:00,1.54
2024-11-18T16:45:00,1.78
2024-11-18T17:45:00,1.89
2024-11-18T18:45:00,1.75
2024-11-18T19:45:00,1.61
2024-11-18T20:45:00,1.52
2024-11-18T21:45:00,1.4
2024-11-18T22:45:00,1.3
2024-11-18T23:45:00,1.13
2024-11-19T00:00:00,0.9
2024-11-19T00:45:00,0.98
2024-11-19T01:45:00,0.83
2024-11-19T02:45:00,0.74
2024-11-19T03:45:00,0.71
2024-11-19T04:45:00,1.03
2024-11-19T05:45:00,1.23
2024-11-19T06:45:00,1.45
2024-11-19T07:45:00,1.5
2024-11-19T08:45:00,1.54
2024-11-19T09:45:00,1.54
2024-11-19T10:45:00,1.45
2024-11-19T11:45:00,1.3
2024-11-19T12:45:00,1.16
2024-11-19T13:45:00,1.09
2024-11-19T14:45:00,1.13
2024-11-19T15:45:00,1.44
2024-11-19T16:45:00,1.7
2024-11-19T17:45:00,1.84
2024-11-19T18:45:00,1.96
2024-11-19T19:45:00,1.99
2024-11-19T20:45:00,1.96
2024-11-19T21:45:00,1.83
2024-11-19T22:45:00,1.65
2024-11-19T23:45:00,1.47
2024-11-20T00:00:00,1.15
2024-11-20T00:45:00,1.29
2024-11-20T01:45:00,1.12
2024-11-20T02:45:00,0.98
2024-11-20T03:45:00,0.83
2024-11-20T04:45:00,0.76
2024-11-20T05:45:00,0.75
2024-11-20T06:45:00,0.83
2024-11-20T07:45:00,0.85
2024-11-20T08:45:00,0.92
2024-11-20T09:45:00,0.88
2024-11-20T10:45:00,0.81
2024-11-20T11:45:00,0.69
2024-11-20T12:45:00,0.59
2024-11-20T13:45:00,0.44
2024-11-20T14:45:00,0.35
2024-11-20T16:45:00,0.35
2024-11-20T17:45:00,0.72
2024-11-20T18:45:00,0.91
2024-11-20T19:45:00,1.08
2024-11-20T20:45:00,1.19
2024-11-20T21:45:00,1.28
2024-11-20T22:45:00,1.29
2024-11-20T23:45:00,1.21
2024-11-21T00:00:00,1
2024-11-21T00:45:00,1.08
2024-11-21T01:45:00,0.96
2024-11-21T02:45:00,0.82
2024-11-21T03:45:00,0.67
2024-11-21T04:45:00,0.53
2024-11-21T05:45:00,0.44
2024-11-21T06:45:00,0.42
2024-11-21T07:45:00,0.48
2024-11-21T08:45:00,0.54
2024-11-21T09:45:00,0.57
2024-11-21T10:45:00,0.55
2024-11-21T11:45:00,0.45
2024-11-21T21:45:00,1.2
2024-11-21T22:45:00,1.5
2024-11-22T00:00:00,1.2
2024-11-22T01:45:00,1.2
2024-11-22T02:45:00,1.2
2024-11-22T03:45:00,1
2024-11-22T04:45:00,0.9
2024-11-22T05:45:00,0.8
2024-11-22T06:45:00,0.7
2024-11-22T07:45:00,0.7
2024-11-22T08:45:00,0.7
2024-11-22T09:45:00,0.7
2024-11-22T10:45:00,0.8
2024-11-22T11:45:00,0.73
2024-11-22T12:45:00,0.67
2024-11-22T13:45:00,0.58
2024-11-22T14:45:00,0.51
2024-11-22T15:45:00,0.45
2024-11-22T16:45:00,0.4
2024-11-22T17:45:00,0.48
2024-11-22T18:45:00,0.79
2024-11-22T19:45:00,0.97
2024-11-22T20:45:00,1.16
2024-11-22T21:45:00,1.31
2024-11-22T22:45:00,1.45
2024-11-22T23:45:00,1.52
2024-11-23T00:00:00,1.5
2024-11-23T00:45:00,1.52
2024-11-23T01:45:00,1.43
2024-11-23T02:45:00,1.25
2024-11-23T03:45:00,1.08
2024-11-23T04:45:00,0.95
2024-11-23T05:45:00,0.82
2024-11-23T06:45:00,0.74
2024-11-23T07:45:00,0.72
2024-11-23T08:45:00,0.66
2024-11-23T09:45:00,0.58
2024-11-23T10:45:00,0.53
2024-11-23T11:45:00,0.45
2024-11-23T12:45:00,0.38
2024-11-23T13:45:00,0.3
2024-11-23T14:45:00,0.24
2024-11-23T15:45:00,0.2
2024-11-23T16:45:00,0.12
2024-11-23T17:45:00,0.16
2024-11-23T18:45:00,0.32
2024-11-23T19:45:00,0.51
2024-11-23T20:45:00,0.71
2024-11-23T21:45:00,0.85
2024-11-23T22:45:00,1.08
2024-11-23T23:45:00,1.23
2024-11-24T00:00:00,1.2
2024-11-24T00:45:00,1.31
2024-11-24T01:45:00,1.29
2024-11-24T02:45:00,1.16
2024-11-24T03:45:00,1.01
2024-11-24T04:45:00,0.86
2024-11-24T05:45:00,0.77
2024-11-24T06:45:00,0.68
2024-11-24T07:45:00,0.57
2024-11-24T08:45:00,0.47
2024-11-24T09:45:00,0.41
2024-11-24T10:45:00,0.34
2024-11-24T11:45:00,0.29
2024-11-24T12:45:00,0.29
2024-11-24T13:45:00,0.28
2024-11-24T14:45:00,0.26
2024-11-24T15:45:00,0.22
2024-11-24T16:45:00,0.22
2024-11-24T17:45:00,0.2
2024-11-24T18:45:00,0.25
2024-11-24T19:45:00,0.35
2024-11-24T20:45:00,0.55
2024-11-24T21:45:00,0.62
2024-11-24T22:45:00,0.8
2024-11-24T23:45:00,1
2024-11-25T00:00:00,1.21
2024-11-25T00:45:00,1.11
2024-11-25T01:45:00,1.21
2024-11-25T02:45:00,1.25
2024-11-25T03:45:00,1.15
2024-11-25T04:45:00,1.08
2024-11-25T05:45:00,0.92
2024-11-25T06:45:00,0.79
2024-11-25T07:45:00,0.75
2024-11-25T08:45:00,0.65
2024-11-25T09:45:00,0.73
2024-11-25T10:45:00,0.73
2024-11-25T11:45:00,0.95
2024-11-25T12:45:00,0.95
2024-11-25T13:45:00,1.02
2024-11-25T14:45:00,1.08
2024-11-25T15:45:00,1.03
2024-11-25T16:45:00,1.03
2024-11-25T17:45:00,1.02
2024-11-25T18:45:00,1.06
2024-11-25T19:45:00,1.21
2024-11-25T20:45:00,1.42
2024-11-25T21:45:00,1.69
2024-11-25T22:45:00,1.82
2024-11-25T23:45:00,1.96
2024-11-26T00:00:00,2.2
2024-11-26T00:45:00,2.1
2024-11-26T01:45:00,2.21
2024-11-26T02:45:00,2.27
2024-11-26T03:45:00,2.27
2024-11-26T04:45:00,2.14
2024-11-26T05:45:00,1.93
2024-11-26T06:45:00,1.76
2024-11-26T07:45:00,1.6
2024-11-26T08:45:00,1.47
2024-11-26T09:45:00,1.33
2024-11-26T10:45:00,1.17
2024-11-26T11:45:00,1.07
2024-11-26T12:45:00,1.03
2024-11-26T13:45:00,0.96
2024-11-26T14:45:00,0.89
2024-11-26T15:45:00,0.86
2024-11-26T16:45:00,0.86
2024-11-26T17:45:00,0.85
2024-11-26T18:45:00,0.7
2024-11-26T19:45:00,0.5
2024-11-26T20:45:00,0.4
2024-11-26T21:45:00,0.35
2024-11-26T22:45:00,0.46
2024-11-26T23:45:00,0.71
2024-11-27T00:00:00,1
2024-11-27T00:45:00,0.9
2024-11-27T01:45:00,0.95
2024-11-27T02:45:00,1.07
2024-11-27T03:45:00,1.11
2024-11-27T04:45:00,1.06
2024-11-27T05:45:00,0.96
2024-11-27T06:45:00,0.81
2024-11-27T07:45:00,0.72
2024-11-27T08:45:00,0.65
2024-11-27T09:45:00,0.56
2024-11-27T10:45:00,0.58
2024-11-27T11:45:00,0.63
2024-11-27T12:45:00,0.6
2024-11-27T13:45:00,0.67
2024-11-27T14:45:00,0.88
2024-11-27T15:45:00,0.97
2024-11-27T16:45:00,1.08
2024-11-27T17:45:00,1.14
2024-11-27T18:45:00,1.16
2024-11-27T19:45:00,1.13
2024-11-27T20:45:00,1.04
2024-11-27T21:45:00,1
2024-11-27T22:45:00,1.19
2024-11-27T23:45:00,1.29
2024-11-28T00:00:00,1.6
2024-11-28T00:45:00,1.58
2024-11-28T01:45:00,1.65
2024-11-28T02:45:00,1.76
2024-11-28T03:45:00,1.83
2024-11-28T04:45:00,1.84
2024-11-28T05:45:00,1.71
2024-11-28T06:45:00,1.61
2024-11-28T07:45:00,1.45
2024-11-28T08:45:00,1.41
2024-11-28T09:45:00,1.32
2024-11-28T10:45:00,1.23
2024-11-28T11:45:00,1.18
2024-11-28T12:45:00,1.21
2024-11-28T13:45:00,1.18
2024-11-28T14:45:00,1.13
2024-11-28T15:45:00,1.15
2024-11-28T16:45:00,1.13
2024-11-28T17:45:00,1.17
2024-11-28T18:45:00,1.12
2024-11-28T19:45:00,1.07
2024-11-28T20:45:00,0.98
2024-11-28T21:45:00,0.89
2024-11-28T22:45:00,0.88
2024-11-28T23:45:00,0.97
2024-11-29T00:00:00,1.2
2024-11-29T00:45:00,1.1
2024-11-29T01:45:00,1.14
2024-11-29T02:45:00,1.13
2024-11-29T03:45:00,1.14
2024-11-29T04:45:00,1.06
2024-11-29T05:45:00,1.13
2024-11-29T06:45:00,1.23
2024-11-29T07:45:00,1.28
2024-11-29T08:45:00,1
2024-11-29T09:45:00,0.82
2024-11-29T10:45:00,0.65
2024-11-29T11:45:00,0.56
2024-11-29T12:45:00,0.49
2024-11-29T13:45:00,0.44
2024-11-29T14:45:00,0.38
2024-11-29T15:45:00,0.45
2024-11-29T16:45:00,0.5
2024-11-29T17:45:00,0.54
2024-11-29T18:45:00,0.56
2024-11-29T19:45:00,0.59
2024-11-29T20:45:00,0.63
2024-11-29T21:45:00,0.76
2024-11-29T22:45:00,0.96
2024-11-29T23:45:00,1.19
2024-11-30T00:00:00,1.7
2024-11-30T00:45:00,1.45
2024-11-30T01:45:00,1.6
2024-11-30T02:45:00,1.79
2024-11-30T03:45:00,1.88
2024-11-30T04:45:00,1.92
2024-11-30T05:45:00,1.9
2024-11-30T06:45:00,1.77
2024-11-30T07:45:00,1.6
2024-11-30T08:45:00,1.43
2024-11-30T09:45:00,1.26
2024-11-30T10:45:00,1.1
2024-11-30T11:45:00,0.98
2024-11-30T12:45:00,0.88
2024-11-30T13:45:00,0.87
2024-11-30T14:45:00,0.93
2024-11-30T15:45:00,0.96
2024-11-30T16:45:00,1.04
2024-11-30T17:45:00,1.07
2024-11-30T18:45:00,1.05
2024-11-30T19:45:00,1
2024-11-30T20:45:00,0.98
2024-11-30T21:45:00,0.96
2024-11-30T22:45:00,0.95
2024-11-30T23:45:00,0.98
2024-12-01T00:00:00,1
2024-12-01T00:45:00,1.13
2024-12-01T01:45:00,1.26
2024-12-01T02:45:00,1.39
2024-12-01T03:45:00,1.41
2024-12-01T04:45:00,1.4
2024-12-01T05:45:00,1.32
2024-12-01T06:45:00,1.28
2024-12-01T07:45:00,1.16
2024-12-01T08:45:00,1.16
2024-12-01T09:45:00,1.05
2024-12-01T10:45:00,0.87
2024-12-01T11:45:00,0.72
2024-12-01T12:45:00,0.53
2024-12-01T13:45:00,0.48
2024-12-01T14:45:00,0.48
2024-12-01T15:45:00,0.44
2024-12-01T16:45:00,0.3
2024-12-01T17:45:00,0.4
2024-12-01T18:45:00,0.58
2024-12-01T19:45:00,0.62
2024-12-01T20:45:00,0.62
2024-12-01T21:45:00,0.63
2024-12-01T22:45:00,0.58
2024-12-01T23:45:00,0.51
2024-12-02T00:00:00,0.74
2024-12-02T00:45:00,0.59
2024-12-02T01:45:00,0.74
2024-12-02T02:45:00,0.82
2024-12-02T03:45:00,1.04
2024-12-02T04:45:00,1.19
2024-12-02T05:45:00,1.43
2024-12-02T06:45:00,1.61
2024-12-02T07:45:00,1.69
2024-12-02T08:45:00,1.82
2024-12-02T09:45:00,2
2024-12-02T10:45:00,2.06
2024-12-02T11:45:00,2.17
2024-12-02T12:45:00,2.32
2024-12-02T13:45:00,2.48
2024-12-02T14:45:00,2.61
2024-12-02T15:45:00,2.67
2024-12-02T16:45:00,2.71
2024-12-02T17:45:00,2.62
2024-12-02T18:45:00,2.38
2024-12-02T19:45:00,2.15
2024-12-02T20:45:00,1.97
2024-12-02T21:45:00,1.79
2024-12-02T22:45:00,1.55
2024-12-02T23:45:00,1.39
2024-12-03T00:00:00,1.3
2024-12-03T00:45:00,1.25
2024-12-03T01:45:00,1.35
2024-12-03T02:45:00,1.57
2024-12-03T03:45:00,1.73
2024-12-03T04:45:00,1.91
2024-12-03T05:45:00,1.93
2024-12-03T06:45:00,1.88
2024-12-03T07:45:00,1.92
2024-12-03T08:45:00,1.83
2024-12-03T09:45:00,1.78
2024-12-03T10:45:00,1.68
2024-12-03T11:45:00,1.58
2024-12-03T12:45:00,1.58
2024-12-03T13:45:00,1.74
2024-12-03T14:45:00,1.95
2024-12-03T15:45:00,2.09
2024-12-03T16:45:00,2.23
2024-12-03T17:45:00,2.21
2024-12-03T18:45:00,2.09
2024-12-03T19:45:00,1.99
2024-12-03T20:45:00,1.82
2024-12-03T21:45:00,1.68
2024-12-03T22:45:00,1.55
2024-12-03T23:45:00,1.41
2024-12-04T00:00:00,1.2
2024-12-04T00:45:00,1.3
2024-12-04T01:45:00,1.16
2024-12-04T02:45:00,1.12
2024-12-04T03:45:00,1.07
2024-12-04T04:45:00,1.07
2024-12-04T05:45:00,1.07
2024-12-04T06:45:00,1.07
2024-12-04T07:45:00,1.03
2024-12-04T08:45:00,0.9
2024-12-04T09:45:00,0.76
2024-12-04T10:45:00,0.66
2024-12-04T11:45:00,0.56
2024-12-04T12:45:00,0.44
2024-12-04T13:45:00,0.36
2024-12-04T14:45:00,0.36
2024-12-04T15:45:00,0.63
2024-12-04T16:45:00,0.87
2024-12-04T17:45:00,1.06
2024-12-04T18:45:00,1.14
2024-12-04T19:45:00,1.2
2024-12-04T20:45:00,1.15
2024-12-04T21:45:00,1.05
2024-12-04T22:45:00,0.92
2024-12-04T23:45:00,0.82
2024-12-05T00:00:00,0.8
2024-12-05T00:45:00,0.72
2024-12-05T01:45:00,0.6
2024-12-05T02:45:00,0.54
2024-12-05T03:45:00,0.51
2024-12-05T04:45:00,0.6
2024-12-05T05:45:00,0.77
2024-12-05T06:45:00,0.86
2024-12-05T07:45:00,0.96
2024-12-05T08:45:00,1
2024-12-05T09:45:00,0.91
2024-12-05T10:45:00,0.9
2024-12-05T11:45:00,0.81
2024-12-05T12:45:00,0.77
2024-12-05T13:45:00,0.83
2024-12-05T14:45:00,0.96
2024-12-05T15:45:00,1.2
2024-12-05T16:45:00,1.48
2024-12-05T17:45:00,1.65
2024-12-05T18:45:00,1.79
2024-12-05T19:45:00,1.86
2024-12-05T20:45:00,1.86
2024-12-05T21:45:00,1.73
2024-12-05T22:45:00,1.58
2024-12-05T23:45:00,1.47
2024-12-06T00:00:00,1.3
2024-12-06T00:45:00,1.37
2024-12-06T01:45:00,1.35
2024-12-06T02:45:00,1.36
2024-12-06T03:45:00,1.41
2024-12-06T04:45:00,1.41
2024-12-06T05:45:00,1.46
2024-12-06T06:45:00,1.61
2024-12-06T07:45:00,1.77
2024-12-06T08:45:00,1.71
2024-12-06T09:45:00,1.43
2024-12-06T10:45:00,1.36
2024-12-06T11:45:00,1.19
2024-12-06T12:45:00,1.11
2024-12-06T13:45:00,0.98
2024-12-06T14:45:00,0.88
2024-12-06T15:45:00,0.8
2024-12-06T16:45:00,0.88
2024-12-06T17:45:00,1.07
2024-12-06T18:45:00,1.31
2024-12-06T19:45:00,1.43
2024-12-06T20:45:00,1.39
2024-12-06T21:45:00,1.47
2024-12-06T22:45:00,1.54
2024-12-06T23:45:00,1.64
2024-12-07T00:00:00,1.52
2024-12-07T00:45:00,1.62
2024-12-07T01:45:00,1.52
2024-12-07T02:45:00,1.52
2024-12-07T03:45:00,1.61
2024-12-07T04:45:00,1.7
2024-12-07T05:45:00,1.92
2024-12-07T06:45:00,2
2024-12-07T07:45:00,1.97
2024-12-07T08:45:00,2.07
2024-12-07T09:45:00,1.99
2024-12-07T10:45:00,1.9
2024-12-07T11:45:00,1.76
2024-12-07T12:45:00,1.58
2024-12-07T13:45:00,1.42
2024-12-07T14:45:00,1.34
2024-12-07T15:45:00,1.3
2024-12-07T16:45:00,1.37
2024-12-07T17:45:00,1.58
2024-12-07T18:45:00,1.81
2024-12-07T19:45:00,1.93
2024-12-07T20:45:00,1.95
2024-12-07T21:45:00,1.85
2024-12-07T22:45:00,1.74
2024-12-07T23:45:00,1.67
2024-12-08T00:00:00,1.4
2024-12-08T00:45:00,1.54
2024-12-08T01:45:00,1.42
2024-12-08T02:45:00,1.29
2024-12-08T03:45:00,1.19
2024-12-08T04:45:00,1.14
2024-12-08T05:45:00,1.28
2024-12-08T06:45:00,1.45
2024-12-08T07:45:00,1.64
2024-12-08T08:45:00,1.75
2024-12-08T09:45:00,1.72
2024-12-08T10:45:00,1.65
2024-12-08T11:45:00,1.58
2024-12-08T12:45:00,1.46
2024-12-08T13:45:00,1.33
2024-12-08T14:45:00,1.23
2024-12-08T15:45:00,1.12
2024-12-08T16:45:00,1.05
2024-12-08T17:45:00,1.09
2024-12-08T18:45:00,1.23
2024-12-08T19:45:00,1.45
2024-12-08T20:45:00,1.53
2024-12-08T21:45:00,1.53
2024-12-08T22:45:00,1.45
2024-12-08T23:45:00,1.33
2024-12-09T00:00:00,1.1
2024-12-09T00:45:00,1.23
2024-12-09T01:45:00,1.11
2024-12-09T02:45:00,1.02
2024-12-09T03:45:00,0.89
2024-12-09T04:45:00,0.78
2024-12-09T05:45:00,0.66
2024-12-09T06:45:00,0.57
2024-12-09T07:45:00,0.56
2024-12-09T08:45:00,0.59
2024-12-09T09:45:00,0.6
2024-12-09T10:45:00,0.64
2024-12-09T11:45:00,0.62
2024-12-09T12:45:00,0.56
2024-12-09T13:45:00,0.47
2024-12-09T14:45:00,0.4
2024-12-09T15:45:00,0.31
2024-12-09T16:45:00,0.24
2024-12-09T17:45:00,0.23
2024-12-09T18:45:00,0.36
2024-12-09T19:45:00,0.7
2024-12-09T20:45:00,0.94
2024-12-09T21:45:00,1.15
2024-12-09T22:45:00,1.27
2024-12-09T23:45:00,1.4
2024-12-10T00:00:00,1.42
2024-12-10T00:45:00,1.47
2024-12-10T01:45:00,1.42
2024-12-10T02:45:00,1.32
2024-12-10T03:45:00,1.16
2024-12-10T04:45:00,1.02
2024-12-10T05:45:00,0.93
2024-12-10T06:45:00,0.86
2024-12-10T07:45:00,0.82
2024-12-10T08:45:00,0.8
2024-12-10T09:45:00,0.79
2024-12-10T10:45:00,0.77
2024-12-10T11:45:00,0.77
2024-12-10T12:45:00,0.7
2024-12-10T13:45:00,0.61
2024-12-10T14:45:00,0.52
2024-12-10T15:45:00,0.42
2024-12-10T16:45:00,0.34
2024-12-10T17:45:00,0.29
2024-12-10T18:45:00,0.21
2024-12-10T19:45:00,0.26
2024-12-10T20:45:00,0.56
2024-12-10T21:45:00,0.81
2024-12-10T22:45:00,1.06
2024-12-10T23:45:00,1.15
2024-12-11T00:00:00,1.3
2024-12-11T00:45:00,1.29
2024-12-11T01:45:00,1.32
2024-12-11T02:45:00,1.28
2024-12-11T03:45:00,1.14
2024-12-11T04:45:00,0.99
2024-12-11T05:45:00,0.86
2024-12-11T06:45:00,0.78
2024-12-11T07:45:00,0.69
2024-12-11T08:45:00,0.59
2024-12-11T09:45:00,0.54
2024-12-11T10:45:00,0.54
2024-12-11T11:45:00,0.54
2024-12-11T12:45:00,0.56
2024-12-11T13:45:00,0.53
2024-12-11T14:45:00,0.44
2024-12-11T15:45:00,0.35
2024-12-11T16:45:00,0.3
2024-12-11T17:45:00,0.24
2024-12-11T18:45:00,0.21
2024-12-11T19:45:00,0.19
2024-12-11T20:45:00,0.33
2024-12-11T21:45:00,0.66
2024-12-11T22:45:00,0.93
2024-12-11T23:45:00,1.14
2024-12-12T00:00:00,1.5
2024-12-12T00:45:00,1.25
2024-12-12T01:45:00,1.48
2024-12-12T02:45:00,1.49
2024-12-12T03:45:00,1.47
2024-12-12T04:45:00,1.29
2024-12-12T05:45:00,1.12
2024-12-12T06:45:00,0.99
2024-12-12T07:45:00,0.92
2024-12-12T08:45:00,0.81
2024-12-12T09:45:00,0.73
2024-12-12T10:45:00,0.71
2024-12-12T11:45:00,0.67
2024-12-12T12:45:00,0.71
2024-12-12T13:45:00,0.73
2024-12-12T14:45:00,0.72
2024-12-12T15:45:00,0.62
2024-12-12T16:45:00,0.54
2024-12-12T17:45:00,0.43
2024-12-12T18:45:00,0.35
2024-12-12T19:45:00,0.29
2024-12-12T20:45:00,0.23
2024-12-12T21:45:00,0.24
2024-12-12T22:45:00,0.45
2024-12-12T23:45:00,0.72
2024-12-13T00:00:00,0.7
2024-12-13T00:45:00,0.94
2024-12-13T01:45:00,1.02
2024-12-13T02:45:00,1.07
2024-12-13T03:45:00,1.02
2024-12-13T04:45:00,1.02
2024-12-13T05:45:00,0.71
2024-12-13T06:45:00,0.6
2024-12-13T07:45:00,0.48
2024-12-13T08:45:00,0.37
2024-12-13T09:45:00,0.26
2024-12-13T10:45:00,0.19
2024-12-13T11:45:00,0.25
2024-12-13T12:45:00,0.49
2024-12-13T13:45:00,0.6
2024-12-13T14:45:00,0.79
2024-12-13T15:45:00,0.8
2024-12-13T16:45:00,0.84
2024-12-13T17:45:00,0.77
2024-12-13T18:45:00,0.65
2024-12-13T19:45:00,0.57
2024-12-13T20:45:00,0.46
2024-12-13T21:45:00,0.44
2024-12-13T22:45:00,0.51
2024-12-13T23:45:00,0.8
2024-12-14T00:00:00,1.57
2024-12-14T00:45:00,0.99
2024-12-14T01:45:00,1.21
2024-12-14T02:45:00,1.31
2024-12-14T03:45:00,1.45
2024-12-14T04:45:00,1.49
2024-12-14T05:45:00,1.43
2024-12-14T06:45:00,1.34
2024-12-14T07:45:00,1.25
2024-12-14T08:45:00,1.05
2024-12-14T09:45:00,0.95
2024-12-14T10:45:00,0.95
2024-12-14T11:45:00,1.19
2024-12-14T12:45:00,1.45
2024-12-14T13:45:00,1.71
2024-12-14T14:45:00,1.75
2024-12-14T15:45:00,1.79
2024-12-14T16:45:00,1.76
2024-12-14T17:45:00,1.8
2024-12-14T18:45:00,1.66
2024-12-14T19:45:00,1.59
2024-12-14T20:45:00,1.43
2024-12-14T21:45:00,1.31
2024-12-14T22:45:00,1.23
2024-12-14T23:45:00,1.4
2024-12-15T00:00:00,1.85
2024-12-15T00:45:00,1.62
2024-12-15T01:45:00,1.85
2024-12-15T02:45:00,1.92
2024-12-15T03:45:00,1.94
2024-12-15T04:45:00,1.96
2024-12-15T05:45:00,1.97
2024-12-15T06:45:00,1.83
2024-12-15T07:45:00,1.7
2024-12-15T08:45:00,1.54
2024-12-15T09:45:00,1.41
2024-12-15T10:45:00,1.28
2024-12-15T11:45:00,1.26
2024-12-15T12:45:00,1.41
2024-12-15T13:45:00,1.78
2024-12-15T14:45:00,2.03
2024-12-15T15:45:00,2.06
2024-12-15T16:45:00,2.08
2024-12-15T17:45:00,2.04
2024-12-15T18:45:00,1.91
2024-12-15T19:45:00,1.72
2024-12-15T20:45:00,1.55
2024-12-15T21:45:00,1.38
2024-12-15T22:45:00,1.05
2024-12-15T23:45:00,1.2
2024-12-16T00:00:00,1.3
2024-12-16T00:45:00,1.09
2024-12-16T01:45:00,1.22
2024-12-16T02:45:00,1.45
2024-12-16T03:45:00,1.6
2024-12-16T04:45:00,1.7
2024-12-16T05:45:00,1.65
2024-12-16T06:45:00,1.55
2024-12-16T07:45:00,1.42
2024-12-16T08:45:00,1.31
2024-12-16T09:45:00,1.18
2024-12-16T10:45:00,1.06
2024-12-16T11:45:00,0.96
2024-12-16T12:45:00,0.89
2024-12-16T13:45:00,1.05
2024-12-16T14:45:00,1.31
2024-12-16T15:45:00,1.61
2024-12-16T16:45:00,1.73
2024-12-16T17:45:00,1.76
2024-12-16T18:45:00,1.73
2024-12-16T19:45:00,1.64
2024-12-16T20:45:00,1.49
2024-12-16T21:45:00,1.36
2024-12-16T22:45:00,1.18
2024-12-16T23:45:00,1.1
2024-12-17T00:00:00,0.9
2024-12-17T00:45:00,0.99
2024-12-17T01:45:00,0.93
2024-12-17T02:45:00,1.03
2024-12-17T03:45:00,1.28
2024-12-17T04:45:00,1.38
2024-12-17T05:45:00,1.49
2024-12-17T06:45:00,1.46
2024-12-17T07:45:00,1.38
2024-12-17T08:45:00,1.25
2024-12-17T09:45:00,1.12
2024-12-17T10:45:00,1.04
2024-12-17T11:45:00,0.9
2024-12-17T12:45:00,0.79
2024-12-17T13:45:00,0.72
2024-12-17T14:45:00,0.88
2024-12-17T15:45:00,1.19
2024-12-17T16:45:00,1.43
2024-12-17T17:45:00,1.55
2024-12-17T18:45:00,1.6
2024-12-17T19:45:00,1.6
2024-12-17T20:45:00,1.52
2024-12-17T21:45:00,1.41
2024-12-17T22:45:00,1.31
2024-12-17T23:45:00,1.18
2024-12-18T00:00:00,1.2
2024-12-18T00:45:00,1.06
2024-12-18T01:45:00,1
2024-12-18T02:45:00,0.89
2024-12-18T03:45:00,0.84
2024-12-18T04:45:00,0.86
2024-12-18T05:45:00,0.84
2024-12-18T06:45:00,0.81
2024-12-18T07:45:00,0.78
2024-12-18T08:45:00,0.68
2024-12-18T09:45:00,0.57
2024-12-18T10:45:00,0.45
2024-12-18T11:45:00,0.35
2024-12-18T12:45:00,0.23
2024-12-18T13:45:00,0.14
2024-12-18T14:45:00,0.05
2024-12-18T15:45:00,0.08
2024-12-18T16:45:00,0.33
2024-12-18T17:45:00,0.58
2024-12-18T18:45:00,0.84
2024-12-18T19:45:00,0.9
2024-12-18T20:45:00,1.03
2024-12-18T21:45:00,1.08
2024-12-18T22:45:00,1.04
2024-12-18T23:45:00,0.89
2024-12-19T00:00:00,0.6
2024-12-19T00:45:00,0.76
2024-12-19T01:45:00,0.62
2024-12-19T02:45:00,0.52
2024-12-19T03:45:00,0.44
2024-12-19T04:45:00,0.43
2024-12-19T05:45:00,0.5
2024-12-19T06:45:00,0.57
2024-12-19T07:45:00,0.76
2024-12-19T08:45:00,0.9
2024-12-19T09:45:00,0.91
2024-12-19T10:45:00,0.92
2024-12-19T11:45:00,0.86
2024-12-19T12:45:00,0.8
2024-12-19T13:45:00,0.75
2024-12-19T14:45:00,0.79
2024-12-19T15:45:00,1.06
2024-12-19T16:45:00,1.34
2024-12-19T17:45:00,1.56
2024-12-19T18:45:00,1.7
2024-12-19T19:45:00,1.79
2024-12-19T20:45:00,1.82
2024-12-19T21:45:00,1.75
2024-12-19T22:45:00,1.63
2024-12-19T23:45:00,1.47
2024-12-20T00:00:00,1.2
2024-12-20T00:45:00,1.34
2024-12-20T01:45:00,1.2
2024-12-20T02:45:00,1.05
2024-12-20T03:45:00,0.92
2024-12-20T04:45:00,0.82
2024-12-20T05:45:00,0.72
2024-12-20T06:45:00,0.67
2024-12-20T07:45:00,0.64
2024-12-20T08:45:00,0.58
2024-12-20T09:45:00,0.52
2024-12-20T10:45:00,0.44
2024-12-20T11:45:00,0.35
2024-12-20T12:45:00,0.31
2024-12-20T13:45:00,0.26
2024-12-20T14:45:00,0.25
2024-12-20T15:45:00,0.28
2024-12-20T16:45:00,0.6
2024-12-20T17:45:00,0.83
2024-12-20T18:45:00,1.15
2024-12-20T19:45:00,1.35
2024-12-20T20:45:00,1.59
2024-12-20T21:45:00,1.73
2024-12-20T22:45:00,1.92
2024-12-20T23:45:00,2.11
2024-12-21T00:00:00,2.4
2024-12-21T00:45:00,2.21
2024-12-21T01:45:00,2.36
2024-12-21T02:45:00,2.49
2024-12-21T03:45:00,2.54
2024-12-21T04:45:00,2.58
2024-12-21T05:45:00,2.64
2024-12-21T06:45:00,2.66
2024-12-21T07:45:00,2.61
2024-12-21T08:45:00,2.45
2024-12-21T09:45:00,2.29
2024-12-21T10:45:00,2.13
2024-12-21T11:45:00,1.98
2024-12-21T12:45:00,1.79
2024-12-21T13:45:00,1.57
2024-12-21T14:45:00,1.41
2024-12-21T15:45:00,1.28
2024-12-21T16:45:00,1.17
2024-12-21T17:45:00,1.11
2024-12-21T18:45:00,1.21
2024-12-21T19:45:00,1.43
2024-12-21T20:45:00,1.58
2024-12-21T21:45:00,1.66
2024-12-21T22:45:00,1.66
2024-12-21T23:45:00,1.65
2024-12-22T00:00:00,1.01
2024-12-22T00:45:00,1.61
2024-12-22T01:45:00,1.46
2024-12-22T02:45:00,1.38
2024-12-22T03:45:00,1.28
2024-12-22T04:45:00,1.17
2024-12-22T05:45:00,1.05
2024-12-22T06:45:00,1.06
2024-12-22T07:45:00,0.96
2024-12-22T08:45:00,0.94
2024-12-22T09:45:00,0.91
2024-12-22T10:45:00,0.87
2024-12-22T11:45:00,0.84
2024-12-22T12:45:00,0.74
2024-12-22T13:45:00,0.65
2024-12-22T14:45:00,0.56
2024-12-22T15:45:00,0.45
2024-12-22T16:45:00,0.38
2024-12-22T17:45:00,0.34
2024-12-22T18:45:00,0.44
2024-12-22T19:45:00,0.63
2024-12-22T20:45:00,0.84
2024-12-22T21:45:00,1
2024-12-22T22:45:00,1.09
2024-12-22T23:45:00,1.17
2024-12-23T00:00:00,1.2
2024-12-23T00:45:00,1.19
2024-12-23T01:45:00,1.18
2024-12-23T02:45:00,1.11
2024-12-23T03:45:00,0.98
2024-12-23T04:45:00,0.86
2024-12-23T05:45:00,0.75
2024-12-23T06:45:00,0.71
2024-12-23T07:45:00,0.62
2024-12-23T08:45:00,0.51
2024-12-23T09:45:00,0.42
2024-12-23T10:45:00,0.39
2024-12-23T11:45:00,0.34
2024-12-23T12:45:00,0.3
2024-12-23T13:45:00,0.25
2024-12-23T14:45:00,0.19
2024-12-23T15:45:00,0.12
2024-12-23T16:45:00,0.07
2024-12-23T17:45:00,0.01
2024-12-23T18:45:00,0.03
2024-12-23T19:45:00,0.18
2024-12-23T20:45:00,0.46
2024-12-23T21:45:00,0.56
2024-12-23T22:45:00,0.79
2024-12-23T23:45:00,0.92
2024-12-24T00:00:00,1.1
2024-12-24T00:45:00,0.96
2024-12-24T01:45:00,1.03
2024-12-24T02:45:00,1.08
2024-12-24T03:45:00,1.04
2024-12-24T04:45:00,0.89
2024-12-24T05:45:00,0.7
2024-12-24T06:45:00,0.75
2024-12-24T07:45:00,0.79
2024-12-24T08:45:00,0.77
2024-12-24T09:45:00,0.94
2024-12-24T10:45:00,0.91
2024-12-24T11:45:00,1.01
2024-12-24T12:45:00,1.14
2024-12-24T13:45:00,1.14
2024-12-24T14:45:00,1.13
2024-12-24T15:45:00,1.16
2024-12-24T16:45:00,1.21
2024-12-24T17:45:00,1.21
2024-12-24T18:45:00,1.36
2024-12-24T19:45:00,1.44
2024-12-24T20:45:00,1.61
2024-12-24T21:45:00,1.7
2024-12-24T22:45:00,1.79
2024-12-24T23:45:00,1.87
2024-12-25T00:00:00,1.9
2024-12-25T00:45:00,1.92
2024-12-25T01:45:00,1.89
2024-12-25T02:45:00,1.89
2024-12-25T03:45:00,1.86
2024-12-25T04:45:00,1.68
2024-12-25T05:45:00,1.57
2024-12-25T06:45:00,1.45
2024-12-25T07:45:00,1.41
2024-12-25T08:45:00,1.38
2024-12-25T09:45:00,1.39
2024-12-25T10:45:00,1.38
2024-12-25T11:45:00,1.4
2024-12-25T12:45:00,1.37
2024-12-25T13:45:00,1.32
2024-12-25T14:45:00,1.24
2024-12-25T15:45:00,1.19
2024-12-25T16:45:00,1.14
2024-12-25T17:45:00,1.03
2024-12-25T18:45:00,0.94
2024-12-25T19:45:00,0.98
2024-12-25T20:45:00,1.1
2024-12-25T21:45:00,1.32
2024-12-25T22:45:00,1.5
2024-12-25T23:45:00,1.68
2024-12-26T00:00:00,1.8
2024-12-26T00:45:00,1.69
2024-12-26T01:45:00,1.77
2024-12-26T02:45:00,1.82
2024-12-26T03:45:00,1.79
2024-12-26T04:45:00,1.74
2024-12-26T05:45:00,1.64
2024-12-26T06:45:00,1.51
2024-12-26T07:45:00,1.39
2024-12-26T08:45:00,1.31
2024-12-26T09:45:00,1.32
2024-12-26T10:45:00,1.33
2024-12-26T11:45:00,1.43
2024-12-26T12:45:00,1.45
2024-12-26T13:45:00,1.45
2024-12-26T14:45:00,1.44
2024-12-26T15:45:00,1.4
2024-12-26T16:45:00,1.29
2024-12-26T17:45:00,1.26
2024-12-26T18:45:00,1.16
2024-12-26T19:45:00,1.1
2024-12-26T20:45:00,1.02
2024-12-26T21:45:00,1.04
2024-12-26T22:45:00,1.18
2024-12-26T23:45:00,1.32
2024-12-27T00:00:00,1.32
2024-12-27T00:45:00,1.33
2024-12-27T01:45:00,1.36
2024-12-27T02:45:00,1.39
2024-12-27T03:45:00,1.38
2024-12-27T04:45:00,1.28
2024-12-27T05:45:00,1.17
2024-12-27T06:45:00,1.08
2024-12-27T07:45:00,1.01
2024-12-27T08:45:00,0.9
2024-12-27T09:45:00,0.84
2024-12-27T10:45:00,0.82
2024-12-27T11:45:00,0.85
2024-12-27T12:45:00,0.89
2024-12-27T13:45:00,0.92
2024-12-27T14:45:00,0.93
2024-12-27T15:45:00,0.92
2024-12-27T16:45:00,0.89
2024-12-27T17:45:00,0.86
2024-12-27T18:45:00,0.8
2024-12-27T19:45:00,0.71
2024-12-27T20:45:00,0.66
2024-12-27T21:45:00,0.67
2024-12-27T22:45:00,0.8
2024-12-27T23:45:00,1.02
2024-12-28T00:00:00,1.27
2024-12-28T00:45:00,1.18
2024-12-28T01:45:00,1.27
2024-12-28T02:45:00,1.38
2024-12-28T03:45:00,1.44
2024-12-28T04:45:00,1.47
2024-12-28T05:45:00,1.5
2024-12-28T06:45:00,1.48
2024-12-28T07:45:00,1.42
2024-12-28T08:45:00,1.36
2024-12-28T09:45:00,1.37
2024-12-28T10:45:00,1.54
2024-12-28T11:45:00,1.66
2024-12-28T12:45:00,1.79
2024-12-28T13:45:00,1.84
2024-12-28T14:45:00,1.85
2024-12-28T15:45:00,1.86
2024-12-28T16:45:00,1.82
2024-12-28T17:45:00,1.74
2024-12-28T18:45:00,1.62
2024-12-28T19:45:00,1.51
2024-12-28T20:45:00,1.44
2024-12-28T21:45:00,1.37
2024-12-28T22:45:00,1.31
2024-12-28T23:45:00,1.31
2024-12-29T00:00:00,1.4
2024-12-29T00:45:00,1.33
2024-12-29T01:45:00,1.35
2024-12-29T02:45:00,1.37
2024-12-29T03:45:00,1.31
2024-12-29T04:45:00,1.25
2024-12-29T05:45:00,1.15
2024-12-29T06:45:00,1.07
2024-12-29T07:45:00,0.99
2024-12-29T08:45:00,0.89
2024-12-29T09:45:00,0.76
2024-12-29T10:45:00,0.68
2024-12-29T11:45:00,0.67
2024-12-29T12:45:00,0.74
2024-12-29T13:45:00,0.86
2024-12-29T14:45:00,0.99
2024-12-29T15:45:00,1.01
2024-12-29T16:45:00,1.02
2024-12-29T17:45:00,1
2024-12-29T18:45:00,0.98
2024-12-29T19:45:00,0.92
2024-12-29T20:45:00,0.87
2024-12-29T21:45:00,0.81
2024-12-29T22:45:00,0.78
2024-12-29T23:45:00,0.81
2024-12-30T00:00:00,1.2
2024-12-30T00:45:00,0.92
2024-12-30T01:45:00,1.15
2024-12-30T02:45:00,1.21
2024-12-30T03:45:00,1.3
2024-12-30T04:45:00,1.33
2024-12-30T05:45:00,1.3
2024-12-30T06:45:00,1.18
2024-12-30T07:45:00,1.09
2024-12-30T08:45:00,0.96
2024-12-30T09:45:00,0.87
2024-12-30T10:45:00,0.77
2024-12-30T11:45:00,0.67
2024-12-30T12:45:00,0.61
2024-12-30T13:45:00,0.67
2024-12-30T14:45:00,0.76
2024-12-30T15:45:00,0.94
2024-12-30T16:45:00,0.99
2024-12-30T17:45:00,0.96
2024-12-30T18:45:00,0.98
2024-12-30T19:45:00,0.92
2024-12-30T20:45:00,0.86
2024-12-30T21:45:00,0.86
2024-12-30T22:45:00,0.84
2024-12-30T23:45:00,0.83
2024-12-31T00:00:00,1.2
2024-12-31T00:45:00,0.87
2024-12-31T01:45:00,0.96
2024-12-31T02:45:00,1.07
2024-12-31T03:45:00,1.08
2024-12-31T04:45:00,1.08
2024-12-31T05:45:00,1.02
2024-12-31T06:45:00,0.94
2024-12-31T07:45:00,0.85
2024-12-31T08:45:00,0.74
2024-12-31T09:45:00,0.62
2024-12-31T10:45:00,0.5
2024-12-31T11:45:00,0.39
2024-12-31T12:45:00,0.3
2024-12-31T13:45:00,0.24
2024-12-31T14:45:00,0.29
2024-12-31T15:45:00,0.45
2024-12-31T16:45:00,0.57
2024-12-31T17:45:00,0.72
2024-12-31T18:45:00,0.73
2024-12-31T19:45:00,0.78
2024-12-31T20:45:00,0.75
2024-12-31T21:45:00,0.67
2024-12-31T22:45:00,0.59
2024-12-31T23:45:00,0.52
2025-01-01T00:00:00,0.6
2025-01-01T00:45:00,0.56
2025-01-01T01:45:00,0.73
2025-01-01T02:45:00,0.83
2025-01-01T03:45:00,0.9
2025-01-01T04:45:00,0.91
2025-01-01T05:45:00,0.86
2025-01-01T06:45:00,0.84
2025-01-01T08:45:00,0.68
2025-01-01T09:45:00,0.6
2025-01-01T10:45:00,0.51
2025-01-01T11:45:00,0.35
2025-01-01T12:45:00,0.33
2025-01-01T13:45:00,0.33
2025-01-01T14:45:00,0.57
2025-01-01T15:45:00,0.83
2025-01-01T16:45:00,1.04
2025-01-01T17:45:00,1.18
2025-01-01T18:45:00,1.29
2025-01-01T19:45:00,1.19
2025-01-01T20:45:00,1.22
2025-01-01T21:45:00,1.02
2025-01-01T22:45:00,0.93
2025-01-01T23:45:00,0.82
2025-01-02T00:00:00,0.76
2025-01-02T00:45:00,0.78
2025-01-02T01:45:00,0.76
2025-01-02T02:45:00,0.88
2025-01-02T03:45:00,0.99
2025-01-02T04:45:00,1.08
2025-01-02T05:45:00,1.1
2025-01-02T06:45:00,1.12
2025-01-02T07:45:00,1.1
2025-01-02T08:45:00,0.93
2025-01-02T09:45:00,0.82
2025-01-02T10:45:00,0.75
2025-01-02T11:45:00,0.64
2025-01-02T12:45:00,0.53
2025-01-02T13:45:00,0.53
2025-01-02T14:45:00,0.8
2025-01-02T15:45:00,1.16
2025-01-02T16:45:00,1.57
2025-01-02T17:45:00,1.62
2025-01-02T18:45:00,1.67
2025-01-02T19:45:00,1.75
2025-01-02T20:45:00,1.81
2025-01-02T21:45:00,1.81
2025-01-02T22:45:00,1.71
2025-01-02T23:45:00,1.56
2025-01-03T00:00:00,1.5
2025-01-03T00:45:00,1.47
2025-01-03T01:45:00,1.47
2025-01-03T02:45:00,1.56
2025-01-03T03:45:00,1.61
2025-01-03T04:45:00,1.73
2025-01-03T05:45:00,1.67
2025-01-03T06:45:00,1.76
2025-01-03T07:45:00,1.6
2025-01-03T08:45:00,1.46
2025-01-03T09:45:00,1.4
2025-01-03T10:45:00,1.39
2025-01-03T11:45:00,1.25
2025-01-03T12:45:00,1.13
2025-01-03T13:45:00,1.07
2025-01-03T14:45:00,1.24
2025-01-03T15:45:00,1.54
2025-01-03T16:45:00,1.83
2025-01-03T17:45:00,1.9
2025-01-03T18:45:00,1.94
2025-01-03T19:45:00,1.97
2025-01-03T20:45:00,1.92
2025-01-03T21:45:00,1.81
2025-01-03T22:45:00,1.78
2025-01-03T23:45:00,1.5
2025-01-04T00:00:00,1.3
2025-01-04T00:45:00,1.38
2025-01-04T01:45:00,1.31
2025-01-04T02:45:00,1.25
2025-01-04T03:45:00,1.36
2025-01-04T04:45:00,1.49
2025-01-04T05:45:00,1.63
2025-01-04T06:45:00,1.68
2025-01-04T07:45:00,1.65
2025-01-04T08:45:00,1.52
2025-01-04T09:45:00,1.44
2025-01-04T10:45:00,1.32
2025-01-04T11:45:00,1.27
2025-01-04T12:45:00,1.15
2025-01-04T13:45:00,1.05
2025-01-04T14:45:00,1
2025-01-04T15:45:00,1.13
2025-01-04T16:45:00,1.43
2025-01-04T17:45:00,1.69
2025-01-04T18:45:00,1.79
2025-01-04T19:45:00,1.84
2025-01-04T20:45:00,1.87
2025-01-04T21:45:00,1.8
2025-01-04T22:45:00,1.67
2025-01-04T23:45:00,1.57
2025-01-05T00:00:00,1.57
2025-01-05T00:45:00,1.39
2025-01-05T01:45:00,1.26
2025-01-05T02:45:00,1.14
2025-01-05T03:45:00,1.04
2025-01-05T04:45:00,1.06
2025-01-05T05:45:00,1.16
2025-01-05T06:45:00,1.25
2025-01-05T07:45:00,1.37
2025-01-05T08:45:00,1.34
2025-01-05T09:45:00,1.23
2025-01-05T10:45:00,1.15
2025-01-05T11:45:00,1.05
2025-01-05T12:45:00,0.95
2025-01-05T13:45:00,0.85
2025-01-05T14:45:00,0.73
2025-01-05T15:45:00,0.65
2025-01-05T16:45:00,0.69
2025-01-05T17:45:00,1.02
2025-01-05T18:45:00,1.27
2025-01-05T19:45:00,1.46
2025-01-05T20:45:00,1.51
2025-01-05T21:45:00,1.56
2025-01-05T22:45:00,1.55
2025-01-05T23:45:00,1.45
2025-01-06T00:00:00,1.2
2025-01-06T00:45:00,1.36
2025-01-06T01:45:00,1.2
2025-01-06T02:45:00,1.06
2025-01-06T03:45:00,0.97
2025-01-06T04:45:00,0.87
2025-01-06T05:45:00,0.84
2025-01-06T06:45:00,0.94
2025-01-06T07:45:00,1.02
2025-01-06T08:45:00,1.08
2025-01-06T09:45:00,1.11
2025-01-06T10:45:00,0.97
2025-01-06T11:45:00,0.84
2025-01-06T12:45:00,0.73
2025-01-06T13:45:00,0.64
2025-01-06T14:45:00,0.54
2025-01-06T15:45:00,0.42
2025-01-06T16:45:00,0.36
2025-01-06T17:45:00,0.4
2025-01-06T18:45:00,0.75
2025-01-06T19:45:00,0.99
2025-01-06T20:45:00,1.18
2025-01-06T21:45:00,1.28
2025-01-06T22:45:00,1.4
2025-01-06T23:45:00,1.46
2025-01-07T00:00:00,1.3
2025-01-07T00:45:00,1.38
2025-01-07T01:45:00,1.31
2025-01-07T02:45:00,1.15
2025-01-07T03:45:00,1.03
2025-01-07T04:45:00,0.9
2025-01-07T05:45:00,0.87
2025-01-07T06:45:00,0.86
2025-01-07T07:45:00,1
2025-01-07T08:45:00,0.93
2025-01-07T09:45:00,0.93
2025-01-07T10:45:00,0.92
2025-01-07T11:45:00,0.81
2025-01-07T12:45:00,0.71
2025-01-07T13:45:00,0.6
2025-01-07T14:45:00,0.51
2025-01-07T15:45:00,0.41
2025-01-07T16:45:00,0.34
2025-01-07T17:45:00,0.32
2025-01-07T18:45:00,0.55
2025-01-07T19:45:00,0.88
2025-01-07T20:45:00,1.04
2025-01-07T21:45:00,1.26
2025-01-07T22:45:00,1.4
2025-01-07T23:45:00,1.51
2025-01-08T00:00:00,1.6
2025-01-08T00:45:00,1.61
2025-01-08T01:45:00,1.59
2025-01-08T02:45:00,1.48
2025-01-08T03:45:00,1.29
2025-01-08T04:45:00,1.14
2025-01-08T05:45:00,1.03
2025-01-08T06:45:00,0.97
2025-01-08T07:45:00,0.96
2025-01-08T08:45:00,1.06
2025-01-08T09:45:00,1.08
2025-01-08T10:45:00,1.09
2025-01-08T11:45:00,1.02
2025-01-08T12:45:00,0.87
2025-01-08T13:45:00,0.74
2025-01-08T14:45:00,0.66
2025-01-08T15:45:00,0.55
2025-01-08T16:45:00,0.48
2025-01-08T17:45:00,0.38
2025-01-08T18:45:00,0.35
2025-01-08T19:45:00,0.5
2025-01-08T20:45:00,0.79
2025-01-08T21:45:00,1
2025-01-08T22:45:00,1.2
2025-01-08T23:45:00,1.32
2025-01-09T00:00:00,1.5
2025-01-09T00:45:00,1.43
2025-01-09T01:45:00,1.46
2025-01-09T02:45:00,1.4
2025-01-09T03:45:00,1.3
2025-01-09T04:45:00,1.15
2025-01-09T05:45:00,1.02
2025-01-09T06:45:00,0.91
2025-01-09T07:45:00,0.78
2025-01-09T08:45:00,0.68
2025-01-09T09:45:00,0.66
2025-01-09T10:45:00,0.71
2025-01-09T11:45:00,0.67
2025-01-09T12:45:00,0.65
2025-01-09T13:45:00,0.59
2025-01-09T14:45:00,0.46
2025-01-09T15:45:00,0.35
2025-01-09T16:45:00,0.3
2025-01-09T17:45:00,0.23
2025-01-09T18:45:00,0.16
2025-01-09T19:45:00,0.14
2025-01-09T20:45:00,0.26
2025-01-09T21:45:00,0.6
2025-01-09T22:45:00,0.79
2025-01-09T23:45:00,0.99
2025-01-10T00:00:00,1.3
2025-01-10T00:45:00,1.16
2025-01-10T01:45:00,1.29
2025-01-10T02:45:00,1.41
2025-01-10T03:45:00,1.38
2025-01-10T04:45:00,1.25
2025-01-10T05:45:00,1.15
2025-01-10T06:45:00,1.03
2025-01-10T07:45:00,0.96
2025-01-10T08:45:00,0.94
2025-01-10T09:45:00,1.11
2025-01-10T10:45:00,1.32
2025-01-10T11:45:00,1.49
2025-01-10T12:45:00,1.58
2025-01-10T13:45:00,1.58
2025-01-10T14:45:00,1.48
2025-01-10T15:45:00,1.4
2025-01-10T16:45:00,1.28
2025-01-10T17:45:00,1.18
2025-01-10T18:45:00,1.09
2025-01-10T19:45:00,1.03
2025-01-10T20:45:00,0.97
2025-01-10T21:45:00,1.08
2025-01-10T22:45:00,1.4
2025-01-10T23:45:00,1.53
2025-01-11T00:00:00,1.7
2025-01-11T00:45:00,1.6
2025-01-11T01:45:00,1.67
2025-01-11T02:45:00,1.67
2025-01-11T03:45:00,1.58
2025-01-11T04:45:00,1.37
2025-01-11T05:45:00,1.29
2025-01-11T06:45:00,1.15
2025-01-11T07:45:00,1.05
2025-01-11T08:45:00,0.94
2025-01-11T09:45:00,0.85
2025-01-11T10:45:00,0.89
2025-01-11T11:45:00,0.89
2025-01-11T12:45:00,1.16
2025-01-11T13:45:00,1.27
2025-01-11T14:45:00,1.2
2025-01-11T15:45:00,1.15
2025-01-11T16:45:00,1.1
2025-01-11T18:45:00,0.88
2025-01-11T19:45:00,0.81
2025-01-11T20:45:00,0.72
2025-01-11T21:45:00,0.66
2025-01-11T22:45:00,0.63
2025-01-11T23:45:00,0.79
2025-01-12T00:00:00,1
2025-01-12T00:45:00,1.06
2025-01-12T01:45:00,1.22
2025-01-12T02:45:00,1.23
2025-01-12T03:45:00,1.24
2025-01-12T04:45:00,1.18
2025-01-12T05:45:00,1.1
2025-01-12T06:45:00,0.96
2025-01-12T08:45:00,0.47
2025-01-12T09:45:00,0.61
2025-01-12T10:45:00,0.52
2025-01-12T11:45:00,0.53
2025-01-12T12:45:00,0.74
2025-01-12T13:45:00,0.84
2025-01-12T14:45:00,1.08
2025-01-12T15:45:00,1.07
2025-01-12T16:45:00,1.06
2025-01-12T17:45:00,1.01
2025-01-12T18:45:00,0.72
2025-01-12T19:45:00,0.81
2025-01-12T20:45:00,0.68
2025-01-12T21:45:00,0.65
2025-01-12T22:45:00,0.57
2025-01-12T23:45:00,0.56
2025-01-13T00:00:00,0.8
2025-01-13T00:45:00,0.71
2025-01-13T01:45:00,0.86
2025-01-13T02:45:00,1
2025-01-13T03:45:00,1.03
2025-01-13T04:45:00,1
2025-01-13T05:45:00,0.9
2025-01-13T06:45:00,0.83
2025-01-13T07:45:00,0.74
2025-01-13T08:45:00,0.6
2025-01-13T09:45:00,0.5
2025-01-13T10:45:00,0.37
2025-01-13T11:45:00,0.25
2025-01-13T12:45:00,0.2
2025-01-13T13:45:00,0.28
2025-01-13T14:45:00,0.46
2025-01-13T15:45:00,0.58
2025-01-13T16:45:00,0.72
2025-01-13T17:45:00,0.77
2025-01-13T18:45:00,0.79
2025-01-13T19:45:00,0.76
2025-01-13T20:45:00,0.69
2025-01-13T21:45:00,0.62
2025-01-13T22:45:00,0.53
2025-01-13T23:45:00,0.53
2025-01-14T00:00:00,0.9
2025-01-14T00:45:00,0.65
2025-01-14T01:45:00,0.88
2025-01-14T02:45:00,1.07
2025-01-14T03:45:00,1.18
2025-01-14T04:45:00,1.23
2025-01-14T05:45:00,1.26
2025-01-14T06:45:00,1.24
2025-01-14T07:45:00,1.13
2025-01-14T08:45:00,1
2025-01-14T09:45:00,0.89
2025-01-14T10:45:00,0.76
2025-01-14T11:45:00,0.68
2025-01-14T12:45:00,0.69
2025-01-14T13:45:00,0.94
2025-01-14T14:45:00,1.15
2025-01-14T15:45:00,1.31
2025-01-14T16:45:00,1.44
2025-01-14T17:45:00,1.48
2025-01-14T18:45:00,1.47
2025-01-14T19:45:00,1.41
2025-01-14T20:45:00,1.25
2025-01-14T21:45:00,1.15
2025-01-14T22:45:00,0.97
2025-01-14T23:45:00,0.89
2025-01-15T00:00:00,0.74
2025-01-15T00:45:00,0.78
2025-01-15T01:45:00,0.74
2025-01-15T02:45:00,0.7
2025-01-15T03:45:00,0.77
2025-01-15T04:45:00,0.72
2025-01-15T05:45:00,0.74
2025-01-15T06:45:00,0.68
2025-01-15T07:45:00,0.62
2025-01-15T08:45:00,0.49
2025-01-15T09:45:00,0.43
2025-01-15T10:45:00,0.34
2025-01-15T11:45:00,0.24
2025-01-15T12:45:00,0.15
2025-01-15T13:45:00,0.14
2025-01-15T14:45:00,0.37
2025-01-15T15:45:00,0.69
2025-01-15T16:45:00,0.95
2025-01-15T17:45:00,1.09
2025-01-15T18:45:00,1.24
2025-01-15T19:45:00,1.33
2025-01-15T20:45:00,1.36
2025-01-15T21:45:00,1.28
2025-01-15T23:45:00,0.96
2025-01-16T00:00:00,0.8
2025-01-16T00:45:00,0.85
2025-01-16T01:45:00,0.77
2025-01-16T02:45:00,0.73
2025-01-16T03:45:00,0.79
2025-01-16T04:45:00,0.82
2025-01-16T05:45:00,0.84
2025-01-16T06:45:00,0.85
2025-01-16T07:45:00,0.81
2025-01-16T08:45:00,0.7
2025-01-16T09:45:00,0.6
2025-01-16T10:45:00,0.53
2025-01-16T11:45:00,0.43
2025-01-16T12:45:00,0.33
2025-01-16T13:45:00,0.26
2025-01-16T14:45:00,0.32
2025-01-16T15:45:00,0.64
2025-01-16T16:45:00,0.93
2025-01-16T17:45:00,1.17
2025-01-16T18:45:00,1.34
2025-01-16T20:45:00,1.55
2025-01-16T21:45:00,1.58
2025-01-16T22:45:00,1.5
2025-01-16T23:45:00,1.36
2025-01-17T00:00:00,1.2
2025-01-17T00:45:00,1.22
2025-01-17T01:45:00,1.1
2025-01-17T02:45:00,1.05
2025-01-17T03:45:00,1.06
2025-01-17T04:45:00,1.1
2025-01-17T05:45:00,1.13
2025-01-17T06:45:00,1.24
2025-01-17T07:45:00,1.3
2025-01-17T08:45:00,1.28
2025-01-17T09:45:00,1.22
2025-01-17T10:45:00,1.11
2025-01-17T11:45:00,1.03
2025-01-17T12:45:00,0.91
2025-01-17T13:45:00,0.85
2025-01-17T14:45:00,0.9
2025-01-17T15:45:00,1.17
2025-01-17T16:45:00,1.47
2025-01-17T17:45:00,1.74
2025-01-17T18:45:00,1.83
2025-01-17T19:45:00,1.94
2025-01-17T20:45:00,2.03
2025-01-17T21:45:00,2.08
2025-01-17T22:45:00,2.06
2025-01-17T23:45:00,1.95
2025-01-18T00:00:00,1.6
2025-01-18T00:45:00,1.75
2025-01-18T01:45:00,1.57
2025-01-18T02:45:00,1.39
2025-01-18T03:45:00,1.32
2025-01-18T04:45:00,1.28
2025-01-18T05:45:00,1.34
2025-01-18T06:45:00,1.38
2025-01-18T07:45:00,1.39
2025-01-18T08:45:00,1.33
2025-01-18T09:45:00,1.25
2025-01-18T10:45:00,1.21
2025-01-18T11:45:00,1.14
2025-01-18T12:45:00,1.06
2025-01-18T13:45:00,0.92
2025-01-18T14:45:00,0.83
2025-01-18T15:45:00,0.81
2025-01-18T16:45:00,1.04
2025-01-18T17:45:00,1.34
2025-01-18T18:45:00,1.56
2025-01-18T19:45:00,1.69
2025-01-18T20:45:00,1.77
2025-01-18T21:45:00,1.87
2025-01-18T22:45:00,1.92
2025-01-18T23:45:00,1.89
2025-01-19T00:00:00,0.7
2025-01-19T00:45:00,1.79
2025-01-19T01:45:00,1.62
2025-01-19T02:45:00,1.49
2025-01-19T03:45:00,1.39
2025-01-19T04:45:00,1.35
2025-01-19T05:45:00,1.35
2025-01-19T06:45:00,1.36
2025-01-19T07:45:00,1.36
2025-01-19T08:45:00,1.32
2025-01-19T09:45:00,1.33
2025-01-19T10:45:00,1.25
2025-01-19T11:45:00,1.18
2025-01-19T12:45:00,1.1
2025-01-19T13:45:00,1.05
2025-01-19T14:45:00,0.92
2025-01-19T15:45:00,0.74
2025-01-19T16:45:00,0.98
2025-01-19T17:45:00,1.2
2025-01-19T18:45:00,1.52
2025-01-19T19:45:00,1.83
2025-01-19T20:45:00,1.91
2025-01-19T21:45:00,2.04
2025-01-19T22:45:00,2.13
2025-01-19T23:45:00,2.11
2025-01-20T00:00:00,1.9
2025-01-20T00:45:00,1.96
2025-01-20T01:45:00,1.87
2025-01-20T02:45:00,1.74
2025-01-20T03:45:00,1.6
2025-01-20T04:45:00,1.56
2025-01-20T05:45:00,1.58
2025-01-20T06:45:00,1.59
2025-01-20T07:45:00,1.59
2025-01-20T08:45:00,1.64
2025-01-20T09:45:00,1.56
2025-01-20T10:45:00,1.53
2025-01-20T11:45:00,1.42
2025-01-20T12:45:00,1.37
2025-01-20T13:45:00,1.28
2025-01-20T14:45:00,1.15
2025-01-20T15:45:00,1.04
2025-01-20T16:45:00,0.99
2025-01-20T17:45:00,1.09
2025-01-20T18:45:00,1.32
2025-01-20T19:45:00,1.53
2025-01-20T20:45:00,1.65
2025-01-20T22:45:00,1.78
2025-01-20T23:45:00,1.79
2025-01-21T00:00:00,1.6
2025-01-21T00:45:00,1.74
2025-01-21T01:45:00,1.58
2025-01-21T02:45:00,1.45
2025-01-21T03:45:00,1.33
2025-01-21T04:45:00,1.24
2025-01-21T05:45:00,1.13
2025-01-21T06:45:00,1.07
2025-01-21T07:45:00,1
2025-01-21T08:45:00,1.04
2025-01-21T09:45:00,1.04
2025-01-21T10:45:00,0.96
2025-01-21T11:45:00,0.89
2025-01-21T12:45:00,0.78
2025-01-21T13:45:00,0.69
2025-01-21T14:45:00,0.6
2025-01-21T15:45:00,0.49
2025-01-21T16:45:00,0.39
2025-01-21T17:45:00,0.33
2025-01-21T18:45:00,0.37
2025-01-21T19:45:00,0.58
2025-01-21T20:45:00,0.83
2025-01-21T21:45:00,1.04
2025-01-21T22:45:00,1.15
2025-01-21T23:45:00,1.25
2025-01-22T00:45:00,1.3
2025-01-22T01:45:00,1.26
2025-01-22T02:45:00,1.19
2025-01-22T03:45:00,1.02
2025-01-22T04:45:00,0.94
2025-01-22T05:45:00,0.87
2025-01-22T06:45:00,0.85
2025-01-22T07:45:00,0.85
2025-01-22T08:45:00,0.86
2025-01-22T09:45:00,0.82
2025-01-22T10:45:00,0.83
2025-01-22T11:45:00,0.83
2025-01-22T12:45:00,0.76
2025-01-22T13:45:00,0.68
2025-01-22T14:45:00,0.6
2025-01-22T15:45:00,0.56
2025-01-22T16:45:00,0.52
2025-01-22T17:45:00,0.59
2025-01-22T18:45:00,0.8
2025-01-22T19:45:00,1.04
2025-01-22T20:45:00,1.31
2025-01-22T21:45:00,1.47
2025-01-22T22:45:00,1.65
2025-01-22T23:45:00,1.81
2025-01-23T00:00:00,1.8
2025-01-23T00:45:00,1.84
2025-01-23T01:45:00,1.8
2025-01-23T02:45:00,1.72
2025-01-23T03:45:00,1.56
2025-01-23T04:45:00,1.39
2025-01-23T05:45:00,1.29
2025-01-23T06:45:00,1.19
2025-01-23T07:45:00,1.13
2025-01-23T08:45:00,1.05
2025-01-23T09:45:00,1.06
2025-01-23T10:45:00,1.02
2025-01-23T11:45:00,0.98
2025-01-23T12:45:00,0.91
2025-01-23T13:45:00,0.81
2025-01-23T14:45:00,0.72
2025-01-23T15:45:00,0.62
2025-01-23T16:45:00,0.54
2025-01-23T17:45:00,0.47
2025-01-23T18:45:00,0.43
2025-01-23T19:45:00,0.41
2025-01-23T20:45:00,0.56
2025-01-23T21:45:00,0.78
2025-01-23T22:45:00,0.92
2025-01-23T23:45:00,0.93
2025-01-24T00:00:00,0.9
2025-01-24T00:45:00,0.92
2025-01-24T01:45:00,0.87
2025-01-24T02:45:00,0.83
2025-01-24T03:45:00,0.76
2025-01-24T04:45:00,0.59
2025-01-24T05:45:00,0.51
2025-01-24T06:45:00,0.43
2025-01-24T07:45:00,0.3
2025-01-24T08:45:00,0.27
2025-01-24T09:45:00,0.3
2025-01-24T10:45:00,0.31
2025-01-24T11:45:00,0.29
2025-01-24T12:45:00,0.29
2025-01-24T13:45:00,0.23
2025-01-24T14:45:00,0.2
2025-01-24T15:45:00,0.13
2025-01-24T16:45:00,0.14
2025-01-24T17:45:00,0.07
2025-01-24T18:45:00,0.12
2025-01-24T19:45:00,0.19
2025-01-24T20:45:00,0.4
2025-01-24T22:45:00,0.67
2025-01-24T23:45:00,0.79
2025-01-25T00:00:00,1.1
2025-01-25T00:45:00,0.91
2025-01-25T01:45:00,1.01
2025-01-25T02:45:00,1.07
2025-01-25T03:45:00,1.13
2025-01-25T04:45:00,1.25
2025-01-25T05:45:00,1.3
2025-01-25T06:45:00,1.43
2025-01-25T07:45:00,1.52
2025-01-25T08:45:00,1.68
2025-01-25T09:45:00,1.77
2025-01-25T10:45:00,1.88
2025-01-25T11:45:00,1.93
2025-01-25T12:45:00,1.93
2025-01-25T13:45:00,1.84
2025-01-25T14:45:00,1.7
2025-01-25T15:45:00,1.58
2025-01-25T16:45:00,1.45
2025-01-25T17:45:00,1.29
2025-01-25T18:45:00,1.18
2025-01-25T19:45:00,1.05
2025-01-25T20:45:00,0.94
2025-01-25T21:45:00,0.88
2025-01-25T22:45:00,0.87
2025-01-25T23:45:00,0.92
2025-01-26T00:00:00,1
2025-01-26T00:45:00,0.88
2025-01-26T01:45:00,0.97
2025-01-26T02:45:00,0.95
2025-01-26T03:45:00,0.93
2025-01-26T04:45:00,0.88
2025-01-26T05:45:00,0.83
2025-01-26T06:45:00,0.82
2025-01-26T08:45:00,0.71
2025-01-26T09:45:00,0.78
2025-01-26T10:45:00,0.96
2025-01-26T11:45:00,1.07
2025-01-26T12:45:00,1.21
2025-01-26T13:45:00,1.22
2025-01-26T14:45:00,1.23
2025-01-26T15:45:00,1.26
2025-01-26T16:45:00,1.2
2025-01-26T17:45:00,1.13
2025-01-26T18:45:00,1.08
2025-01-26T19:45:00,1.03
2025-01-26T20:45:00,0.98
2025-01-26T21:45:00,0.96
2025-01-26T22:45:00,1.02
2025-01-26T23:45:00,1.11
2025-01-27T00:00:00,1.1
2025-01-27T00:45:00,1.1
2025-01-27T01:45:00,1.09
2025-01-27T02:45:00,1.03
2025-01-27T03:45:00,0.94
2025-01-27T04:45:00,0.83
2025-01-27T05:45:00,0.72
2025-01-27T06:45:00,0.64
2025-01-27T07:45:00,0.55
2025-01-27T08:45:00,0.44
2025-01-27T09:45:00,0.31
2025-01-27T10:45:00,0.2
2025-01-27T11:45:00,0.18
2025-01-27T12:45:00,0.19
2025-01-27T13:45:00,0.28
2025-01-27T14:45:00,0.34
2025-01-27T15:45:00,0.45
2025-01-27T16:45:00,0.47
2025-01-27T17:45:00,0.38
2025-01-27T18:45:00,0.31
2025-01-27T19:45:00,0.26
2025-01-27T20:45:00,0.15
2025-01-27T21:45:00,0.11
2025-01-27T22:45:00,0.12
2025-01-27T23:45:00,0.25
2025-01-28T00:00:00,0.7
2025-01-28T00:45:00,0.53
2025-01-28T01:45:00,0.65
2025-01-28T02:45:00,0.78
2025-01-28T03:45:00,0.83
2025-01-28T04:45:00,0.89
2025-01-28T05:45:00,0.92
2025-01-28T06:45:00,0.9
2025-01-28T07:45:00,0.94
2025-01-28T08:45:00,0.91
2025-01-28T09:45:00,1.06
2025-01-28T10:45:00,1.28
2025-01-28T11:45:00,1.52
2025-01-28T12:45:00,1.68
2025-01-28T13:45:00,1.85
2025-01-28T14:45:00,1.96
2025-01-28T15:45:00,2.05
2025-01-28T16:45:00,2.07
2025-01-28T17:45:00,2
2025-01-28T18:45:00,1.85
2025-01-28T19:45:00,1.68
2025-01-28T20:45:00,1.51
2025-01-28T21:45:00,1.4
2025-01-28T22:45:00,1.29
2025-01-28T23:45:00,1.19
2025-01-29T00:00:00,1.2
2025-01-29T00:45:00,1.14
2025-01-29T01:45:00,1.19
2025-01-29T02:45:00,1.24
2025-01-29T03:45:00,1.16
2025-01-29T04:45:00,1.1
2025-01-29T05:45:00,1.04
2025-01-29T06:45:00,0.99
2025-01-29T07:45:00,0.89
2025-01-29T08:45:00,0.81
2025-01-29T09:45:00,0.77
2025-01-29T10:45:00,0.65
2025-01-29T11:45:00,0.6
2025-01-29T12:45:00,0.73
2025-01-29T13:45:00,0.95
2025-01-29T14:45:00,1.19
2025-01-29T15:45:00,1.29
2025-01-29T16:45:00,1.33
2025-01-29T17:45:00,1.39
2025-01-29T18:45:00,1.34
2025-01-29T19:45:00,1.23
2025-01-29T20:45:00,1.15
2025-01-29T21:45:00,1.05
2025-01-29T22:45:00,0.97
2025-01-29T23:45:00,0.93
2025-01-30T00:00:00,1
2025-01-30T00:45:00,0.88
2025-01-30T01:45:00,0.97
2025-01-30T02:45:00,1.07
2025-01-30T03:45:00,1.12
2025-01-30T04:45:00,1.11
2025-01-30T05:45:00,1.11
2025-01-30T06:45:00,1.02
2025-01-30T07:45:00,0.89
2025-01-30T08:45:00,0.8
2025-01-30T09:45:00,0.73
2025-01-30T10:45:00,0.63
2025-01-30T11:45:00,0.52
2025-01-30T12:45:00,0.47
2025-01-30T13:45:00,0.63
2025-01-30T14:45:00,0.93
2025-01-30T15:45:00,1.21
2025-01-30T16:45:00,1.32
2025-01-30T17:45:00,1.42
2025-01-30T18:45:00,1.49
2025-01-30T19:45:00,1.51
2025-01-30T20:45:00,1.43
2025-01-30T21:45:00,1.34
2025-01-30T22:45:00,1.26
2025-01-30T23:45:00,1.23
2025-01-31T00:00:00,1.2
2025-01-31T00:45:00,1.17
2025-01-31T01:45:00,1.14
2025-01-31T02:45:00,1.18
2025-01-31T03:45:00,1.19
2025-01-31T04:45:00,1.19
2025-01-31T05:45:00,1.13
2025-01-31T06:45:00,1.03
2025-01-31T07:45:00,0.93
2025-01-31T08:45:00,0.81
2025-01-31T09:45:00,0.7
2025-01-31T10:45:00,0.6
2025-01-31T11:45:00,0.48
2025-01-31T12:45:00,0.37
2025-01-31T13:45:00,0.28
2025-01-31T14:45:00,0.31
2025-01-31T15:45:00,0.64
2025-01-31T16:45:00,0.87
2025-01-31T17:45:00,1.1
2025-01-31T18:45:00,1.13
2025-01-31T19:45:00,1.19
2025-01-31T20:45:00,1.17
2025-01-31T21:45:00,1.09
2025-01-31T22:45:00,0.98
2025-01-31T23:45:00,0.83
2025-02-01T00:00:00,0.7
2025-02-01T00:45:00,0.74
2025-02-01T01:45:00,0.7
2025-02-01T02:45:00,0.69
2025-02-01T03:45:00,0.84
2025-02-01T04:45:00,0.96
2025-02-01T05:45:00,1.02
2025-02-01T06:45:00,0.98
2025-02-01T07:45:00,0.98
2025-02-01T08:45:00,0.87
2025-02-01T09:45:00,0.76
2025-02-01T10:45:00,0.71
2025-02-01T11:45:00,0.61
2025-02-01T12:45:00,0.58
2025-02-01T13:45:00,0.58
2025-02-01T14:45:00,0.91
2025-02-01T15:45:00,1.22
2025-02-01T16:45:00,1.63
2025-02-01T17:45:00,1.72
2025-02-01T18:45:00,1.89
2025-02-01T19:45:00,2.02
2025-02-01T20:45:00,2.03
2025-02-01T21:45:00,1.96
2025-02-01T22:45:00,1.79
2025-02-01T23:45:00,1.61
2025-02-02T00:00:00,1.4
2025-02-02T00:45:00,1.45
2025-02-02T01:45:00,1.33
2025-02-02T02:45:00,1.21
2025-02-02T03:45:00,1.14
2025-02-02T04:45:00,1.11
2025-02-02T05:45:00,1.08
2025-02-02T06:45:00,1.02
2025-02-02T07:45:00,0.93
2025-02-02T08:45:00,0.81
2025-02-02T09:45:00,0.65
2025-02-02T10:45:00,0.56
2025-02-02T11:45:00,0.45
2025-02-02T12:45:00,0.32
2025-02-02T13:45:00,0.21
2025-02-02T14:45:00,0.1
2025-02-02T15:45:00,0.05
2025-02-02T16:45:00,0.37
2025-02-02T17:45:00,0.69
2025-02-02T18:45:00,1
2025-02-02T19:45:00,1.09
2025-02-02T20:45:00,1.27
2025-02-02T21:45:00,1.35
2025-02-02T22:45:00,1.28
2025-02-02T23:45:00,1.18
2025-02-03T00:00:00,0.8
2025-02-03T00:45:00,0.93
2025-02-03T01:45:00,0.78
2025-02-03T02:45:00,0.7
2025-02-03T03:45:00,0.56
2025-02-03T04:45:00,0.55
2025-02-03T05:45:00,0.58
2025-02-03T06:45:00,0.62
2025-02-03T07:45:00,0.66
2025-02-03T08:45:00,0.63
2025-02-03T09:45:00,0.55
2025-02-03T10:45:00,0.39
2025-02-03T11:45:00,0.26
2025-02-03T12:45:00,0.19
2025-02-03T13:45:00,0.11
2025-02-03T15:45:00,-0.05
2025-02-03T16:45:00,0.22
2025-02-03T17:45:00,0.64
2025-02-03T18:45:00,0.98
2025-02-03T19:45:00,1.22
2025-02-03T20:45:00,1.47
2025-02-03T21:45:00,1.63
2025-02-03T22:45:00,1.68
2025-02-03T23:45:00,1.6
2025-02-04T00:00:00,1.3
2025-02-04T00:45:00,1.47
2025-02-04T01:45:00,1.26
2025-02-04T02:45:00,1.11
2025-02-04T03:45:00,1.01
2025-02-04T04:45:00,1.01
2025-02-04T05:45:00,1.07
2025-02-04T06:45:00,1.12
2025-02-04T07:45:00,1.07
2025-02-04T08:45:00,1.19
2025-02-04T09:45:00,1.03
2025-02-04T10:45:00,0.94
2025-02-04T11:45:00,0.87
2025-02-04T12:45:00,0.78
2025-02-04T13:45:00,0.71
2025-02-04T14:45:00,0.52
2025-02-04T15:45:00,0.48
2025-02-04T16:45:00,0.67
2025-02-04T17:45:00,1.15
2025-02-04T18:45:00,1.42
2025-02-04T19:45:00,1.64
2025-02-04T20:45:00,1.83
2025-02-04T21:45:00,1.97
2025-02-04T22:45:00,2.08
2025-02-04T23:45:00,2.2
2025-02-05T00:00:00,2
2025-02-05T00:45:00,2.1
2025-02-05T01:45:00,1.95
2025-02-05T02:45:00,1.74
2025-02-05T03:45:00,1.6
2025-02-05T04:45:00,1.53
2025-02-05T05:45:00,1.6
2025-02-05T06:45:00,1.82
2025-02-05T07:45:00,1.91
2025-02-05T08:45:00,2.01
2025-02-05T09:45:00,1.87
2025-02-05T10:45:00,1.7
2025-02-05T11:45:00,1.5
2025-02-05T12:45:00,1.36
2025-02-05T13:45:00,1.23
2025-02-05T14:45:00,1.09
2025-02-05T15:45:00,0.93
2025-02-05T16:45:00,0.78
2025-02-05T17:45:00,0.71
2025-02-05T18:45:00,0.79
2025-02-05T19:45:00,1.1
2025-02-05T20:45:00,1.37
2025-02-05T21:45:00,1.69
2025-02-05T22:45:00,1.8
2025-02-05T23:45:00,1.83
2025-02-06T00:00:00,1.7
2025-02-06T00:45:00,1.79
2025-02-06T01:45:00,1.74
2025-02-06T02:45:00,1.57
2025-02-06T03:45:00,1.4
2025-02-06T04:45:00,1.26
2025-02-06T05:45:00,1.16
2025-02-06T06:45:00,1.12
2025-02-06T07:45:00,1.13
2025-02-06T08:45:00,1.15
2025-02-06T09:45:00,1.07
2025-02-06T10:45:00,1.12
2025-02-06T11:45:00,0.97
2025-02-06T12:45:00,0.8
2025-02-06T13:45:00,0.67
2025-02-06T14:45:00,0.56
2025-02-06T15:45:00,0.44
2025-02-06T16:45:00,0.3
2025-02-06T17:45:00,0.21
2025-02-06T18:45:00,0.09
2025-02-06T19:45:00,0.18
2025-02-06T20:45:00,0.63
2025-02-06T21:45:00,0.78
2025-02-06T22:45:00,1.02
2025-02-06T23:45:00,1.11
2025-02-07T00:00:00,1.3
2025-02-07T00:45:00,1.22
2025-02-07T01:45:00,1.22
2025-02-07T02:45:00,1.1
2025-02-07T03:45:00,0.91
2025-02-07T04:45:00,0.78
2025-02-07T05:45:00,0.67
2025-02-07T06:45:00,0.6
2025-02-07T07:45:00,0.64
2025-02-07T08:45:00,0.79
2025-02-07T09:45:00,0.94
2025-02-07T10:45:00,1.12
2025-02-07T11:45:00,1.22
2025-02-07T12:45:00,1.24
2025-02-07T13:45:00,1.21
2025-02-07T14:45:00,1.1
2025-02-07T15:45:00,0.95
2025-02-07T16:45:00,0.81
2025-02-07T17:45:00,0.74
2025-02-07T18:45:00,0.68
2025-02-07T19:45:00,0.69
2025-02-07T20:45:00,0.82
2025-02-07T21:45:00,1.07
2025-02-07T22:45:00,1.26
2025-02-07T23:45:00,1.44
2025-02-08T00:00:00,1
2025-02-08T00:45:00,1.48
2025-02-08T01:45:00,1.46
2025-02-08T02:45:00,1.33
2025-02-08T03:45:00,1.17
2025-02-08T04:45:00,1.05
2025-02-08T05:45:00,0.94
2025-02-08T06:45:00,0.83
2025-02-08T07:45:00,0.76
2025-02-08T08:45:00,0.71
2025-02-08T09:45:00,0.68
2025-02-08T10:45:00,0.75
2025-02-08T12:45:00,0.77
2025-02-08T13:45:00,0.7
2025-02-08T14:45:00,0.57
2025-02-08T15:45:00,0.5
2025-02-08T16:45:00,0.41
2025-02-08T17:45:00,0.29
2025-02-08T18:45:00,0.19
2025-02-08T19:45:00,0.12
2025-02-08T20:45:00,0.06
2025-02-08T21:45:00,0.03
2025-02-08T22:45:00,0.2
2025-02-08T23:45:00,0.42
2025-02-09T00:00:00,2.4
2025-02-09T00:45:00,0.56
2025-02-09T01:45:00,0.77
2025-02-09T02:45:00,0.93
2025-02-09T03:45:00,1.14
2025-02-09T04:45:00,1.27
2025-02-09T05:45:00,1.39
2025-02-09T06:45:00,1.48
2025-02-09T07:45:00,1.66
2025-02-09T08:45:00,1.83
2025-02-09T09:45:00,1.98
2025-02-09T10:45:00,2.13
2025-02-09T11:45:00,2.34
2025-02-09T12:45:00,2.47
2025-02-09T13:45:00,2.5
2025-02-09T14:45:00,2.45
2025-02-09T15:45:00,2.34
2025-02-09T16:45:00,2.11
2025-02-09T17:45:00,1.89
2025-02-09T18:45:00,1.73
2025-02-09T19:45:00,1.61
2025-02-09T20:45:00,1.47
2025-02-09T21:45:00,1.34
2025-02-09T22:45:00,1.23
2025-02-09T23:45:00,1.14
2025-02-10T00:00:00,0.9
2025-02-10T00:45:00,1.15
2025-02-10T01:45:00,1.15
2025-02-10T02:45:00,1.15
2025-02-10T03:45:00,1.16
2025-02-10T04:45:00,1.04
2025-02-10T05:45:00,0.96
2025-02-10T06:45:00,0.81
2025-02-10T07:45:00,0.65
2025-02-10T08:45:00,0.58
2025-02-10T09:45:00,0.46
2025-02-10T10:45:00,0.34
2025-02-10T12:45:00,0.34
2025-02-10T13:45:00,0.46
2025-02-10T14:45:00,0.49
2025-02-10T15:45:00,0.54
2025-02-10T16:45:00,0.43
2025-02-10T17:45:00,0.33
2025-02-10T18:45:00,0.24
2025-02-10T19:45:00,0.14
2025-02-10T20:45:00,0.02
2025-02-10T21:45:00,-0.09
2025-02-10T22:45:00,-0.13
2025-02-10T23:45:00,-0.15
2025-02-11T00:00:00,2.2
2025-02-11T00:45:00,-0.21
2025-02-11T01:45:00,0.05
2025-02-11T02:45:00,0.26
2025-02-11T03:45:00,0.47
2025-02-11T04:45:00,0.68
2025-02-11T05:45:00,0.96
2025-02-11T06:45:00,0.91
2025-02-11T07:45:00,0.99
2025-02-11T08:45:00,1.58
2025-02-11T09:45:00,1.85
2025-02-11T10:45:00,2.11
2025-02-11T11:45:00,2.14
2025-02-11T12:45:00,2.23
2025-02-11T13:45:00,2.35
2025-02-11T14:45:00,2.38
2025-02-11T15:45:00,2.41
2025-02-11T16:45:00,2.1
2025-02-11T17:45:00,1.95
2025-02-11T18:45:00,1.78
2025-02-11T19:45:00,1.67
2025-02-11T20:45:00,1.51
2025-02-11T21:45:00,1.32
2025-02-11T22:45:00,1.18
2025-02-11T23:45:00,1.08
2025-02-12T00:00:00,1.3
2025-02-12T00:45:00,1.11
2025-02-12T01:45:00,1.38
2025-02-12T02:45:00,1.55
2025-02-12T03:45:00,1.91
2025-02-12T04:45:00,1.89
2025-02-12T05:45:00,1.88
2025-02-12T06:45:00,1.8
2025-02-12T07:45:00,1.65
2025-02-12T08:45:00,1.55
2025-02-12T09:45:00,1.41
2025-02-12T10:45:00,1.39
2025-02-12T11:45:00,1.35
2025-02-12T12:45:00,1.53
2025-02-12T13:45:00,1.76
2025-02-12T14:45:00,2.01
2025-02-12T15:45:00,2.09
2025-02-12T16:45:00,2.17
2025-02-12T17:45:00,2.25
2025-02-12T18:45:00,2.24
2025-02-12T19:45:00,2.1
2025-02-12T20:45:00,1.94
2025-02-12T21:45:00,1.78
2025-02-12T22:45:00,1.7
2025-02-12T23:45:00,1.58
2025-02-13T00:00:00,1.4
2025-02-13T00:45:00,1.43
2025-02-13T01:45:00,1.33
2025-02-13T02:45:00,1.26
2025-02-13T03:45:00,1.25
2025-02-13T04:45:00,1.23
2025-02-13T05:45:00,1.18
2025-02-13T06:45:00,1.15
2025-02-13T07:45:00,1.02
2025-02-13T08:45:00,0.91
2025-02-13T09:45:00,0.79
2025-02-13T10:45:00,0.7
2025-02-13T11:45:00,0.6
2025-02-13T12:45:00,0.48
2025-02-13T13:45:00,0.44
2025-02-13T14:45:00,0.68
2025-02-13T15:45:00,1
2025-02-13T16:45:00,1.25
2025-02-13T17:45:00,1.41
2025-02-13T18:45:00,1.52
2025-02-13T19:45:00,1.6
2025-02-13T20:45:00,1.65
2025-02-13T21:45:00,1.61
2025-02-13T22:45:00,1.5
2025-02-13T23:45:00,1.5
2025-02-14T00:00:00,1.6
2025-02-14T00:45:00,1.51
2025-02-14T01:45:00,1.56
2025-02-14T02:45:00,1.58
2025-02-14T03:45:00,1.57
2025-02-14T04:45:00,1.54
2025-02-14T05:45:00,1.53
2025-02-14T06:45:00,1.42
2025-02-14T07:45:00,1.33
2025-02-14T08:45:00,1.23
2025-02-14T09:45:00,1.09
2025-02-14T10:45:00,0.95
2025-02-14T11:45:00,0.76
2025-02-14T12:45:00,0.65
2025-02-14T13:45:00,0.53
2025-02-14T14:45:00,0.46
2025-02-14T15:45:00,0.63
2025-02-14T16:45:00,0.94
2025-02-14T17:45:00,1.12
2025-02-14T18:45:00,1.27
2025-02-14T19:45:00,1.39
2025-02-14T20:45:00,1.57
2025-02-14T21:45:00,1.59
2025-02-14T22:45:00,1.52
2025-02-14T23:45:00,1.31
2025-02-15T00:00:00,1
2025-02-15T00:45:00,1.13
2025-02-15T01:45:00,0.92
2025-02-15T02:45:00,0.84
2025-02-15T03:45:00,0.86
2025-02-15T04:45:00,1.09
2025-02-15T05:45:00,1.16
2025-02-15T06:45:00,1.19
2025-02-15T07:45:00,1.15
2025-02-15T08:45:00,1.09
2025-02-15T09:45:00,0.97
2025-02-15T10:45:00,0.88
2025-02-15T11:45:00,0.76
2025-02-15T12:45:00,0.63
2025-02-15T13:45:00,0.52
2025-02-15T14:45:00,0.46
2025-02-15T15:45:00,0.55
2025-02-15T16:45:00,0.85
2025-02-15T17:45:00,1.06
2025-02-15T18:45:00,1.22
2025-02-15T19:45:00,1.31
2025-02-15T20:45:00,1.36
2025-02-15T21:45:00,1.35
2025-02-15T22:45:00,1.29
2025-02-15T23:45:00,1.18
2025-02-16T00:00:00,0.9
2025-02-16T00:45:00,1.02
2025-02-16T01:45:00,0.9
2025-02-16T02:45:00,0.83
2025-02-16T03:45:00,0.74
2025-02-16T04:45:00,0.71
2025-02-16T05:45:00,0.72
2025-02-16T06:45:00,0.42
2025-02-16T07:45:00,0.68
2025-02-16T08:45:00,0.64
2025-02-16T09:45:00,0.6
2025-02-16T10:45:00,0.48
2025-02-16T11:45:00,0.48
2025-02-16T12:45:00,0.4
2025-02-16T13:45:00,0.31
2025-02-16T14:45:00,0.24
2025-02-16T15:45:00,0.37
2025-02-16T16:45:00,0.56
2025-02-16T17:45:00,0.88
2025-02-16T18:45:00,1.15
2025-02-17T00:00:00,1.2
2025-02-17T01:45:00,1.13
2025-02-17T02:45:00,1.07
2025-02-17T03:45:00,1.06
2025-02-17T04:45:00,1.13
2025-02-17T05:45:00,1.3
2025-02-17T06:45:00,1.24
2025-02-17T07:45:00,1.38
2025-02-17T08:45:00,1.33
2025-02-17T09:45:00,1.37
2025-02-17T10:45:00,1.27
2025-02-17T11:45:00,1.2
2025-02-17T12:45:00,1.05
2025-02-17T13:45:00,0.98
2025-02-17T14:45:00,0.91
2025-02-17T15:45:00,1.06
2025-02-17T16:45:00,1.32
2025-02-17T17:45:00,1.52
2025-02-17T18:45:00,1.73
2025-02-17T19:45:00,1.85
2025-02-17T20:45:00,1.9
2025-02-17T21:45:00,1.96
2025-02-17T22:45:00,2.02
2025-02-17T23:45:00,2.11
2025-02-18T00:00:00,2.3
2025-02-18T00:45:00,2.22
2025-02-18T01:45:00,2.24
2025-02-18T02:45:00,2.17
2025-02-18T03:45:00,2.21
2025-02-18T04:45:00,2.39
2025-02-18T05:45:00,2.52
2025-02-18T06:45:00,2.52
2025-02-18T07:45:00,2.5
2025-02-18T08:45:00,2.43
2025-02-18T09:45:00,2.31
2025-02-18T10:45:00,2.15
2025-02-18T11:45:00,1.94
2025-02-18T12:45:00,1.77
2025-02-18T13:45:00,1.55
2025-02-18T14:45:00,1.43
2025-02-18T15:45:00,1.28
2025-02-18T16:45:00,1.16
2025-02-18T17:45:00,1.06
2025-02-18T18:45:00,1
2025-02-18T19:45:00,0.99
2025-02-18T20:45:00,0.96
2025-02-18T21:45:00,0.91
2025-02-18T22:45:00,0.83
2025-02-18T23:45:00,0.77
2025-02-19T00:00:00,0.8
2025-02-19T00:45:00,0.71
2025-02-19T01:45:00,0.64
2025-02-19T02:45:00,0.54
2025-02-19T03:45:00,0.45
2025-02-19T04:45:00,0.38
2025-02-19T05:45:00,0.34
2025-02-19T08:45:00,0.59
2025-02-19T09:45:00,0.66
2025-02-19T10:45:00,0.65
2025-02-19T11:45:00,0.55
2025-02-19T12:45:00,0.48
2025-02-19T13:45:00,0.39
2025-02-19T14:45:00,0.32
2025-02-19T15:45:00,0.26
2025-02-19T16:45:00,0.36
2025-02-19T17:45:00,0.55
2025-02-19T18:45:00,0.8
2025-02-19T19:45:00,1.07
2025-02-19T20:45:00,1.22
2025-02-19T21:45:00,1.33
2025-02-19T22:45:00,1.46
2025-02-19T23:45:00,1.5
2025-02-20T00:00:00,1.4
2025-02-20T00:45:00,1.47
2025-02-20T01:45:00,1.35
2025-02-20T02:45:00,1.18
2025-02-20T03:45:00,1.09
2025-02-20T04:45:00,1.03
2025-02-20T05:45:00,0.96
2025-02-20T06:45:00,0.95
2025-02-20T07:45:00,0.92
2025-02-20T08:45:00,0.87
2025-02-20T09:45:00,0.82
2025-02-20T10:45:00,0.75
2025-02-20T11:45:00,0.65
2025-02-20T12:45:00,0.53
2025-02-20T13:45:00,0.46
2025-02-20T14:45:00,0.37
2025-02-20T15:45:00,0.29
2025-02-20T16:45:00,0.21
2025-02-20T17:45:00,0.17
2025-02-20T18:45:00,0.32
2025-02-20T19:45:00,0.59
2025-02-20T20:45:00,0.73
2025-02-20T21:45:00,0.89
2025-02-21T00:00:00,1.1
2025-02-21T00:45:00,1.1
2025-02-21T01:45:00,1.09
2025-02-21T02:45:00,1.03
2025-02-21T03:45:00,0.95
2025-02-21T04:45:00,0.88
2025-02-21T05:45:00,0.85
2025-02-21T06:45:00,0.85
2025-02-21T07:45:00,0.95
2025-02-21T08:45:00,0.84
2025-02-21T09:45:00,0.94
2025-02-21T10:45:00,0.73
2025-02-21T11:45:00,0.79
2025-02-21T12:45:00,0.85
2025-02-21T13:45:00,0.64
2025-02-21T14:45:00,0.58
2025-02-21T15:45:00,0.47
2025-02-21T16:45:00,0.43
2025-02-21T17:45:00,0.36
2025-02-21T18:45:00,0.46
2025-02-21T19:45:00,0.59
2025-02-21T20:45:00,0.85
2025-02-21T21:45:00,1.08
2025-02-21T22:45:00,1.17
2025-02-21T23:45:00,1.19
2025-02-22T00:00:00,1
2025-02-22T00:45:00,1.07
2025-02-22T01:45:00,1.04
2025-02-22T02:45:00,0.86
2025-02-22T03:45:00,0.9
2025-02-22T04:45:00,1.03
2025-02-22T05:45:00,0.86
2025-02-22T12:45:00,1.03
2025-02-22T13:45:00,0.87
2025-02-22T14:45:00,0.81
2025-02-22T15:45:00,0.76
2025-02-22T16:45:00,0.66
2025-02-22T17:45:00,0.63
2025-02-22T18:45:00,0.63
2025-02-22T19:45:00,0.65
2025-02-22T20:45:00,0.71
2025-02-22T21:45:00,0.84
2025-02-22T22:45:00,0.91
2025-02-22T23:45:00,0.9
2025-02-23T00:00:00,0.9
2025-02-23T00:45:00,0.87
2025-02-23T01:45:00,0.86
2025-02-23T02:45:00,0.79
2025-02-23T03:45:00,0.67
2025-02-23T04:45:00,0.59
2025-02-23T05:45:00,0.5
2025-02-23T06:45:00,0.46
2025-02-23T07:45:00,0.48
2025-02-23T08:45:00,0.59
2025-02-23T09:45:00,0.71
2025-02-23T10:45:00,0.83
2025-02-23T11:45:00,0.91
2025-02-23T12:45:00,0.98
2025-02-23T13:45:00,0.93
2025-02-23T14:45:00,0.88
2025-02-23T15:45:00,0.7
2025-02-23T16:45:00,0.63
2025-02-23T17:45:00,0.57
2025-02-23T18:45:00,0.46
2025-02-23T19:45:00,0.49
2025-02-23T20:45:00,0.53
2025-02-23T21:45:00,0.66
2025-02-23T22:45:00,0.86
2025-02-23T23:45:00,0.99
2025-02-24T00:00:00,0.7
2025-02-24T00:45:00,1
2025-02-24T01:45:00,1.03
2025-02-24T02:45:00,1.02
2025-02-24T03:45:00,0.99
2025-02-24T04:45:00,0.92
2025-02-24T05:45:00,0.88
2025-02-24T06:45:00,0.83
2025-02-24T07:45:00,0.74
2025-02-24T08:45:00,0.72
2025-02-24T09:45:00,0.73
2025-02-24T10:45:00,0.88
2025-02-24T11:45:00,1.05
2025-02-24T12:45:00,1.13
2025-02-24T13:45:00,1.05
2025-02-24T14:45:00,0.83
2025-02-24T15:45:00,0.79
2025-02-24T16:45:00,0.75
2025-02-24T17:45:00,0.63
2025-02-24T18:45:00,0.53
2025-02-24T19:45:00,0.42
2025-02-24T20:45:00,0.4
2025-02-24T21:45:00,0.44
2025-02-24T22:45:00,0.65
2025-02-24T23:45:00,0.84
2025-02-25T00:00:00,1
2025-02-25T00:45:00,0.93
2025-02-25T01:45:00,0.95
2025-02-25T02:45:00,1
2025-02-25T03:45:00,1.01
2025-02-25T04:45:00,0.96
2025-02-25T05:45:00,0.91
2025-02-25T06:45:00,0.9
2025-02-25T07:45:00,0.88
2025-02-25T08:45:00,0.94
2025-02-26T00:00:00,0.7
2025-02-27T00:00:00,2
2025-02-28T00:00:00,0.5
2025-03-01T00:00:00,1.2
2025-03-02T00:00:00,2.13
2025-03-03T00:00:00,1.2
2025-03-04T00:00:00,0.6
2025-03-05T00:00:00,1
2025-03-06T00:00:00,1.3
2025-03-07T00:00:00,1.2
2025-03-08T00:00:00,0.8
2025-03-09T00:00:00,1.9
2025-03-10T00:00:00,1.2
2025-03-11T00:00:00,0.1
2025-03-12T00:00:00,2.1
2025-03-13T00:00:00,1.1
2025-03-14T00:00:00,0.9
2025-03-15T00:00:00,1
2025-03-16T00:00:00,0.97
2025-03-17T00:00:00,1.1
2025-03-18T00:00:00,0.9
2025-03-19T00:00:00,1.3
2025-03-20T00:00:00,0.6
2025-03-21T00:00:00,1.1
2025-03-22T00:00:00,0.8
2025-03-23T00:00:00,1
2025-03-24T00:00:00,1.6
2025-03-25T00:00:00,1.55
2025-03-26T00:00:00,1.8
2025-03-27T00:00:00,1.2
2025-03-28T00:00:00,1
2025-03-29T00:00:00,1.4
2025-03-30T00:00:00,0.9
2025-03-31T00:00:00,0.3
2025-04-01T00:00:00,2.1
2025-04-02T00:00:00,1.2
2025-04-03T00:00:00,0.7
2025-04-04T00:00:00,1.8
2025-04-05T00:00:00,1.6
2025-04-06T00:00:00,0.9
2025-04-07T00:00:00,1.2
2025-04-08T00:00:00,1.1
2025-04-09T00:00:00,1
2025-04-10T00:00:00,0.8
2025-04-11T00:00:00,0.6
2025-04-12T00:00:00,0.8
2025-04-13T00:00:00,0.9
2025-04-14T00:00:00,1.5
2025-04-15T00:00:00,1
2025-04-16T00:00:00,0.9
2025-04-17T00:00:00,1
2025-04-18T00:00:00,0.8
2025-04-19T00:00:00,1.1
2025-04-20T00:00:00,1.1
2025-04-21T00:00:00,0.7
2025-04-22T00:00:00,0.5
2025-04-23T00:00:00,1.4
2025-04-24T00:00:00,0.9
2025-04-25T00:00:00,1.2
2025-04-26T00:00:00,0.5
2025-04-27T00:00:00,1.7
2025-04-28T00:00:00,1.5
2025-04-29T00:00:00,1.1
2025-04-30T00:00:00,0.8
2025-05-01T00:00:00,0.8
2025-05-02T00:00:00,0.7
2025-05-03T00:00:00,0.8
2025-05-04T00:00:00,0.8
2025-05-05T00:00:00,1.3
2025-05-06T00:00:00,1
2025-05-07T00:00:00,0.8
2025-05-08T00:00:00,1.5
2025-05-09T00:00:00,1.3
2025-05-10T00:00:00,1.15
2025-05-11T00:00:00,1.3
2025-05-12T00:00:00,0.7
2025-05-13T00:00:00,0.6
2025-05-14T00:00:00,0.8
2025-05-15T00:00:00,0.8
2025-05-16T00:00:00,0.7
2025-05-17T00:00:00,0.8
2025-05-18T00:00:00,0.5
2025-05-19T00:00:00,1.6
2025-05-20T00:00:00,0.9
2025-05-21T00:00:00,1.4
2025-05-22T00:00:00,1
2025-05-23T00:00:00,0.9
2025-05-24T00:00:00,0.7
2025-05-25T00:00:00,1.1
2025-05-26T00:00:00,1
2025-05-27T00:00:00,0.9
2025-05-28T00:00:00,2.6
2025-05-29T00:00:00,1.9
2025-05-30T00:00:00,0.4
2025-05-31T00:00:00,0.3
2025-06-01T00:00:00,1
2025-06-02T00:00:00,0.8
2025-06-03T00:00:00,0.8
2025-06-04T00:00:00,0.7
2025-06-05T00:00:00,0.9
2025-06-06T00:00:00,1.08
2025-06-07T00:00:00,1.4
2025-06-08T00:00:00,1.1
2025-06-09T00:00:00,1.2
2025-06-10T00:00:00,0.8
2025-06-11T00:00:00,0.9
2025-06-12T00:00:00,0.5
2025-06-13T00:00:00,0.2
2025-06-14T00:00:00,0.5
2025-06-15T00:00:00,1
2025-06-16T00:00:00,0.7
2025-06-17T00:00:00,0.7
2025-06-18T00:00:00,1
2025-06-19T00:00:00,0.8
2025-06-20T00:00:00,0.5
2025-06-21T00:00:00,0.9
2025-06-22T00:00:00,1.03
2025-06-23T00:00:00,0.9
2025-06-24T00:00:00,1
2025-06-25T00:00:00,0.4
2025-06-26T00:00:00,1.3
2025-06-27T00:00:00,1
2025-06-28T00:00:00,1.5
2025-06-29T00:00:00,1.1
2025-06-30T00:00:00,0.7
2025-07-01T00:00:00,0.7
2025-07-02T00:00:00,0.8
2025-07-03T00:00:00,0.6
2025-07-04T00:00:00,0.6
2025-07-05T00:00:00,1.4
2025-07-06T00:00:00,1.3
2025-07-07T00:00:00,0.8
2025-07-08T00:00:00,1.1
2025-07-09T00:00:00,0.64
2025-07-10T00:00:00,1.4
2025-07-11T00:00:00,0.6
2025-07-12T00:00:00,0.4
2025-07-13T00:00:00,0.58
2025-07-14T00:00:00,0.8
2025-07-15T00:00:00,0.8
2025-07-16T00:00:00,0.5
2025-07-17T00:00:00,0.5
2025-07-18T00:00:00,0.7
2025-07-19T00:00:00,0.6
2025-07-20T00:00:00,1.1
2025-07-21T00:00:00,1.3
2025-07-22T00:00:00,1.6
2025-07-23T00:00:00,1.86
2025-07-24T00:00:00,1.4
2025-07-25T00:00:00,0.4
2025-07-26T00:00:00,0.9
2025-07-27T00:00:00,1.6
2025-07-28T00:00:00,1.3
2025-07-29T00:00:00,0.6
2025-07-30T00:00:00,0.2
2025-07-31T00:00:00,0.1
2025-08-01T00:00:00,0.79
2025-08-02T00:00:00,0.9
2025-08-03T00:00:00,1.5
2025-08-04T00:00:00,1.4
2025-08-05T00:00:00,1.7
2025-08-06T00:00:00,1.2
2025-08-07T00:00:00,0.8
2025-08-08T00:00:00,1.6
2025-08-09T00:00:00,1.06
2025-08-10T00:00:00,0.5
2025-08-11T00:00:00,0.4
2025-08-12T00:00:00,0.1
2025-08-13T00:00:00,0.1
2025-08-14T00:00:00,1.3
2025-08-15T00:00:00,1.1
2025-08-16T00:00:00,0.8
2025-08-17T00:00:00,1
2025-08-18T00:00:00,1.16
2025-08-19T00:00:00,0.11
2025-08-20T00:00:00,1.4
2025-08-21T00:00:00,0.1
2025-08-22T00:00:00,1.4
2025-08-23T00:00:00,1.1
2025-08-24T00:00:00,0.3
2025-08-25T00:00:00,0.1
2025-08-26T00:00:00,0.9
2025-08-27T00:00:00,0.6
2025-08-28T00:00:00,0.9
2025-08-29T00:00:00,1
2025-08-30T00:00:00,1
2025-08-31T00:00:00,1.3
2025-09-01T00:00:00,0.6
2025-09-02T00:00:00,-0.1
2025-09-03T00:00:00,1.5
2025-09-04T00:00:00,1.2
2025-09-05T00:00:00,1.9
2025-09-06T00:00:00,1.5
2025-09-07T00:00:00,0.6
2025-09-08T00:00:00,0.4
2025-09-09T00:00:00,0.6
2025-09-10T00:00:00,0.7
2025-09-11T00:00:00,0.1
2025-09-12T00:00:00,0.94
2025-09-13T00:00:00,0.9
2025-09-14T00:00:00,0.5
2025-09-15T00:00:00,1.3
2025-09-16T00:00:00,1.5
2025-09-17T00:00:00,1.2
2025-09-18T00:00:00,0.6
2025-09-19T00:00:00,1.35
2025-09-20T00:00:00,1.3
2025-09-21T00:00:00,1.4
2025-09-22T00:00:00,1.6
2025-09-23T00:00:00,0.6
2025-09-24T00:00:00,2.5
2025-09-25T00:00:00,1.1
2025-09-26T00:00:00,0.6
2025-09-27T00:00:00,0.4
2025-09-28T00:00:00,0.6
2025-09-29T00:00:00,0.9
2025-09-30T00:00:00,1.2
2025-10-01T00:00:00,1.3
2025-10-02T00:00:00,1.1
2025-10-03T00:00:00,1.23
2025-10-04T00:00:00,0.9
2025-10-05T00:00:00,1.2
2025-10-06T00:00:00,2
2025-10-07T00:00:00,0.3
2025-10-08T00:00:00,0.1
2025-10-09T00:00:00,0.01
2025-10-10T00:00:00,0.1
2025-10-11T00:00:00,0.6
2025-10-12T00:00:00,0.7
2025-10-13T00:00:00,0.7
2025-10-14T00:00:00,2.02
2025-10-15T00:00:00,1.4
2025-10-16T00:00:00,0.8
2025-10-17T00:00:00,0.6
2025-10-18T00:00:00,1
2025-10-19T00:00:00,1.2
2025-10-20T00:00:00,0.1
2025-10-21T00:00:00,0.08
2025-10-22T00:00:00,0.57
2025-10-23T00:00:00,0.6
2025-10-24T00:00:00,0.54
2025-10-25T00:00:00,0.89
2025-10-26T00:00:00,0.77
2025-10-27T00:00:00,0.4
2025-10-28T00:00:00,1.7
2025-10-29T00:00:00,1.32
2025-10-30T00:00:00,0.9
2025-10-31T00:00:00,0.81
2025-11-01T00:00:00,0.6
2025-11-02T00:00:00,1.1
2025-11-03T00:00:00,1.25
2025-11-04T00:00:00,1.25
2025-11-05T00:00:00,2
2025-11-06T00:00:00,1.3
2025-11-07T00:00:00,0.6
2025-11-08T00:00:00,1
2025-11-09T00:00:00,0.6
2025-11-10T00:00:00,1
2025-11-11T00:00:00,1.3
2025-11-12T00:00:00,1.1
2025-11-13T00:00:00,1.64
2025-11-14T00:00:00,1
2025-11-15T00:00:00,1
2025-11-16T00:00:00,1.3
2025-11-17T00:00:00,1.91
2025-11-18T00:00:00,1.3
2025-11-19T00:00:00,1.5
2025-11-20T00:00:00,1.2
2025-11-21T00:00:00,1.2
2025-11-22T00:00:00,1.31
2025-11-23T00:00:00,0.6
2025-11-24T00:00:00,0.6
2025-11-25T00:00:00,0.81
2025-11-26T00:00:00,1.04
2025-11-27T00:00:00,0.7
2025-11-28T00:00:00,1.1
2025-11-29T00:00:00,2.5
2025-11-30T00:00:00,0.97
2025-12-01T00:00:00,1.8
2025-12-02T00:00:00,0.7
2025-12-03T00:00:00,0.84
2025-12-04T00:00:00,0.28
2025-12-05T00:00:00,0.1
2025-12-06T00:00:00,1.4
2025-12-07T00:00:00,1.8
2025-12-08T00:00:00,1.2
2025-12-09T00:00:00,1.4
2025-12-10T00:00:00,1.4
2025-12-11T00:00:00,1.4
2025-12-12T00:00:00,1.6
2025-12-13T00:00:00,1.08
2025-12-14T00:00:00,0.9
2025-12-15T00:00:00,1.4
2025-12-16T00:00:00,1
2025-12-17T00:00:00,1.45
2025-12-18T00:00:00,0.1
2025-12-19T00:00:00,0.52
2025-12-20T00:00:00,0.8
2025-12-21T00:00:00,0.7
2025-12-22T00:00:00,0.9
2025-12-23T00:00:00,1.09
2025-12-24T00:00:00,0.8
2025-12-25T00:00:00,1.3
2025-12-26T00:00:00,0.9
2025-12-27T00:00:00,0.6
2025-12-27T00:00:00,0.6
2025-12-28T00:00:00,1.9
2025-12-29T00:00:00,1.4
2025-12-30T00:00:00,1.2
2025-12-31T00:00:00,1.1
2026-01-01T00:00:00,2.1
2026-01-02T00:00:00,1.1
2026-01-03T00:00:00,2.9
2026-01-04T00:00:00,1.3
2026-01-05T00:00:00,0.9
2026-01-06T00:00:00,0.8
2026-01-07T00:00:00,1.35
2026-01-08T00:00:00,2.8
2026-01-09T00:00:00,1.7
2026-01-10T00:00:00,0.9
2026-01-11T00:00:00,1.8
2026-01-12T00:00:00,0.8
2026-01-13T00:00:00,1
2026-01-14T00:00:00,0.8
2026-01-15T00:00:00,0.5
2026-01-16T00:00:00,1.06
2026-01-17T00:00:00,0.7
2026-01-18T00:00:00,2.3
2026-01-19T00:00:00,1.6
2026-01-20T00:00:00,0.8
2026-01-21T00:00:00,0.8
2026-01-22T00:00:00,0.6
2026-01-23T00:00:00,1.4
2026-01-24T00:00:00,1.3
2026-01-25T00:00:00,1.1
2026-01-26T00:00:00,1.2
2026-01-27T00:00:00,1.2
2026-01-28T00:00:00,1.8
2026-01-29T00:00:00,0.8
2026-01-30T00:00:00,1.3
2026-01-31T00:00:00,1.2
2026-02-01T00:00:00,1.2
2026-02-02T00:00:00,1
2026-02-03T00:00:00,0.3
2026-02-04T00:00:00,1.1
2026-02-05T00:00:00,0.8
2026-02-06T00:00:00,1.2
2026-02-07T00:00:00,0.9
2026-02-08T00:00:00,1.4
2026-02-09T00:00:00,1.4
2026-02-10T00:00:00,0.6
2026-02-11T00:00:00,1
2026-02-12T00:00:00,1.7
2026-02-13T00:00:00,1
2026-02-14T00:00:00,2.1
2026-02-15T00:00:00,0.8
2026-02-16T00:00:00,0.9
2026-02-17T00:00:00,0.5
2026-02-18T00:00:00,1.2
2026-02-19T00:00:00,1
2026-02-20T00:00:00,1.5
2026-02-21T00:00:00,1.48
2026-02-22T00:00:00,1.44
2026-02-23T00:00:00,1.2
2026-02-24T00:00:00,1
2026-02-25T00:00:00,2.5
2026-02-26T00:00:00,1.8
2026-02-27T00:00:00,1.1
2026-02-28T00:00:00,0.6
2026-03-01T00:00:00,0.9
2026-03-02T00:00:00,1.1
2026-03-03T00:00:00,0.5
2026-03-04T00:00:00,0.6
2026-03-05T00:00:00,1
2026-03-06T00:00:00,1.5
2026-03-07T00:00:00,2
2026-03-08T00:00:00,1.2
2026-03-09T00:00:00,1.6
2026-03-10T00:00:00,0.9
2026-03-11T00:00:00,1.01
2026-03-12T00:00:00,1.17
2026-03-13T00:00:00,1
2026-03-14T00:00:00,1
2026-03-15T00:00:00,0.87
2026-03-16T00:00:00,0.4
2026-03-17T00:00:00,1.23
2026-03-18T00:00:00,1.2
2026-03-19T00:00:00,1.3
2026-03-20T00:00:00,1
2026-03-21T00:00:00,0.67
2026-03-22T00:00:00,0.6
2026-03-23T00:00:00,1.5
2026-03-24T00:00:00,0.7
2026-03-25T00:00:00,0.4
2026-03-26T00:00:00,1.5
2026-03-27T00:00:00,1.3
2026-03-28T00:00:00,0.98
2026-03-29T00:00:00,1.7
2026-03-30T00:00:00,0.7
2026-03-31T00:00:00,0.85
2026-04-01T00:00:00,0.6
2026-04-02T00:00:00,1.06
2026-04-03T00:00:00,0.8
2026-04-04T00:00:00,1.2
2026-04-05T00:00:00,2.1
2026-04-06T00:00:00,1.49
2026-04-07T00:00:00,1.2
2026-04-08T00:00:00,2.5
2026-04-09T00:00:00,1.53
2026-04-10T00:00:00,1
2026-04-11T00:00:00,1
2026-04-12T00:00:00,1
2026-04-13T00:00:00,1
2026-04-14T00:00:00,1
2026-04-15T00:00:00,0.5
2026-04-16T00:00:00,1.5
2026-04-17T00:00:00,0.7
2026-04-18T00:00:00,1.1
2026-04-19T00:00:00,0.8
2026-04-20T00:00:00,1.6
2026-04-21T00:00:00,1.6
2026-04-22T00:00:00,1.3
2026-04-23T00:00:00,1
2026-04-24T00:00:00,1.2
2026-04-25T00:00:00,1.5
2026-04-26T00:00:00,1.3
2026-04-27T00:00:00,0.1
2026-04-28T00:00:00,1.3
2026-04-29T00:00:00,0.38
2026-04-30T00:00:00,0.1
2026-05-01T00:00:00,0.8
2026-05-02T00:00:00,1
2026-05-03T00:00:00,1.3
2026-05-04T00:00:00,0.9
2026-05-05T00:00:00,0.8
2026-05-06T00:00:00,1.1
2026-05-07T00:00:00,0.8
2026-05-08T00:00:00,0.5
2026-05-09T00:00:00,0.2
2026-05-10T00:00:00,1.8
2026-05-11T00:00:00,1.4
2026-05-12T00:00:00,0.5
2026-05-13T00:00:00,1.7
2026-05-14T00:00:00,1.3
2026-05-15T00:00:00,0.8
2026-05-16T00:00:00,1.1
2026-05-17T00:00:00,1.6
2026-05-18T00:00:00,0.8
2026-05-19T00:00:00,0.9
2026-05-20T00:00:00,1.1
2026-05-21T00:00:00,1.5
2026-05-22T00:00:00,0.7
2026-05-23T00:00:00,0.9
2026-05-24T00:00:00,0.9
2026-05-25T00:00:00,0.6
2026-05-26T00:00:00,1
2026-05-27T00:00:00,0.9
2026-05-28T00:00:00,0.7
2026-05-29T00:00:00,0.8
2026-05-30T00:00:00,0.4
2026-05-31T00:00:00,0.6
2026-06-01T00:00:00,0.95
2026-06-02T00:00:00,0.9
2026-06-03T00:00:00,0.6
2026-06-04T00:00:00,0.5
2026-06-05T00:00:00,0.8
2026-06-06T00:00:00,0.8
2026-06-07T00:00:00,0.7
2026-06-08T00:00:00,1.16
2026-06-09T00:00:00,1
2026-06-10T00:00:00,0.7
2026-06-11T00:00:00,0.8
2026-06-12T00:00:00,1.3
2026-06-13T00:00:00,0.9
2026-06-14T00:00:00,1.5
2026-06-15T00:00:00,1
2026-06-16T00:00:00,0.7
2026-06-17T00:00:00,0.7
2026-06-18T00:00:00,1.2
2026-06-19T00:00:00,0.3
2026-06-20T00:00:00,1.46
2026-06-21T00:00:00,0.6
2026-06-22T00:00:00,0.9
2026-06-23T00:00:00,1.2
2026-06-24T00:00:00,1.2
2026-06-25T00:00:00,1.1
2026-06-26T00:00:00,1.2
2026-06-27T00:00:00,0.3
2026-06-28T00:00:00,1.2
2026-06-29T00:00:00,1.2
2026-06-30T00:00:00,1
2026-07-01T00:00:00,0.49
2026-07-02T00:00:00,2.5
2026-07-03T00:00:00,2.5
2026-07-04T00:00:00,0.8
2026-07-05T00:00:00,1.19
2026-07-06T00:00:00,0.7
2026-07-07T00:00:00,0.6
2026-07-08T00:00:00,0.3
2026-07-09T00:00:00,1.2
2026-07-10T00:00:00,1.1
2026-07-11T00:00:00,1.2
2026-07-12T00:00:00,1.4
2026-07-13T00:00:00,1.3
2026-07-14T00:00:00,0.2
2026-07-15T00:00:00,0.77
2026-07-16T00:00:00,0.6
2026-07-17T00:00:00,0.5
2026-07-18T00:00:00,0.8
2026-07-19T00:00:00,1.7
2026-07-20T00:00:00,1.5
2026-07-21T00:00:00,1.5
2026-07-22T00:00:00,1.7
2026-07-23T00:00:00,1.5
2026-07-24T00:00:00,1.2
2026-07-25T00:00:00,0.8
2026-07-26T00:00:00,0.8
2026-07-27T00:00:00,1.4
2026-07-28T00:00:00,0.74
2026-07-29T00:00:00,1.4
2026-07-30T00:00:00,1.2
2026-07-31T00:00:00,0.8
2026-08-01T00:00:00,0.1
2026-08-02T00:00:00,1.3
2026-08-03T00:00:00,0.6
2026-08-04T00:00:00,0.6
2026-08-05T00:00:00,0.7
2026-08-06T00:00:00,1.1
2026-08-07T00:00:00,1.79
2026-08-08T00:00:00,2
2026-08-09T00:00:00,1.4
2026-08-10T00:00:00,1.8
2026-08-11T00:00:00,1.7
2026-08-12T00:00:00,1.5
2026-08-13T00:00:00,1
2026-08-14T00:00:00,0.8
2026-08-15T00:00:00,0.5
2026-08-16T00:00:00,0.5
2026-08-17T00:00:00,0.8
2026-08-18T00:00:00,1.9
2026-08-19T00:00:00,1.1
2026-08-20T00:00:00,1.25
2026-08-21T00:00:00,1.5
2026-08-22T00:00:00,1.2
2026-08-23T00:00:00,1.6
2026-08-24T00:00:00,1.7
2026-08-25T00:00:00,1.7
2026-08-26T00:00:00,0.5
2026-08-27T00:00:00,0.42
2026-08-28T00:00:00,1
2026-08-29T00:00:00,0.6
2026-08-30T00:00:00,0.56
2026-08-31T00:00:00,0.5
2026-09-01T00:00:00,0.6
2026-09-02T00:00:00,0.6
2026-09-03T00:00:00,0.8
2026-09-04T00:00:00,1.2
2026-09-05T00:00:00,1.41
2026-09-06T00:00:00,2.3
2026-09-07T00:00:00,1.3
2026-09-08T00:00:00,1.4
2026-09-09T00:00:00,0.89
2026-09-10T00:00:00,0.9
2026-09-11T00:00:00,0.9
2026-09-12T00:00:00,1
2026-09-13T00:00:00,1.1
2026-09-14T00:00:00,0.6
2026-09-15T00:00:00,0.6
2026-09-16T00:00:00,2.22
2026-09-17T00:00:00,0.9
2026-09-18T00:00:00,0.7
2026-09-19T00:00:00,1.1
2026-09-20T00:00:00,0.9
2026-09-21T00:00:00,1.1
2026-09-21T00:00:00,1.1
2026-09-22T00:00:00,1.1
2026-09-23T00:00:00,1.3
2026-09-24T00:00:00,0.1
