timestart,valor
1974-01-01T07:00:00,2.08
1974-01-02T07:00:00,2.1
1974-01-03T07:00:00,2.12
1974-01-04T07:00:00,2.18
1974-01-05T07:00:00,2.18
1974-01-06T07:00:00,2.19
1974-01-07T07:00:00,2.28
1974-01-08T07:00:00,2.3
1974-01-09T07:00:00,2.32
1974-01-10T07:00:00,2.39
1974-01-11T07:00:00,2.42
1974-01-12T07:00:00,2.5
1974-01-13T07:00:00,2.48
1974-01-14T07:00:00,2.46
1974-01-15T07:00:00,2.5
1974-01-16T07:00:00,2.6
1974-01-17T07:00:00,2.64
1974-01-18T07:00:00,2.6
1974-01-19T07:00:00,2.7
1974-01-20T07:00:00,2.73
1974-01-21T07:00:00,2.74
1974-01-22T07:00:00,2.75
1974-01-23T07:00:00,2.86
1974-01-24T07:00:00,3
1974-01-25T07:00:00,3.05
1974-01-26T07:00:00,3.05
1974-01-27T07:00:00,3.07
1974-01-28T07:00:00,3.13
1974-01-29T07:00:00,3.11
1974-01-30T07:00:00,3.11
1974-01-31T07:00:00,3.1
1974-02-01T07:00:00,3.1
1974-02-02T07:00:00,3.1
1974-02-03T07:00:00,3.1
1974-02-04T07:00:00,3.1
1974-02-05T07:00:00,3.19
1974-02-06T07:00:00,3.2
1974-02-07T07:00:00,3.3
1974-02-08T07:00:00,3.35
1974-02-09T07:00:00,3.4
1974-02-10T07:00:00,3.31
1974-02-11T07:00:00,3.49
1974-02-12T07:00:00,3.49
1974-02-13T07:00:00,3.49
1974-02-14T07:00:00,3.49
1974-02-15T07:00:00,3.54
1974-02-16T07:00:00,3.57
1974-02-17T07:00:00,3.6
1974-02-18T07:00:00,3.59
1974-02-19T07:00:00,3.58
1974-02-20T07:00:00,3.59
1974-02-21T07:00:00,3.61
1974-02-22T07:00:00,3.58
1974-02-23T07:00:00,3.62
1974-02-24T07:00:00,3.62
1974-02-25T07:00:00,3.66
1974-02-26T07:00:00,3.7
1974-02-27T07:00:00,3.72
1974-02-28T07:00:00,3.72
1974-03-01T07:00:00,3.72
1974-03-02T07:00:00,3.7
1974-03-03T07:00:00,3.71
1974-03-04T07:00:00,3.7
1974-03-05T07:00:00,3.74
1974-03-06T07:00:00,3.74
1974-03-07T07:00:00,3.75
1974-03-08T07:00:00,3.77
1974-03-09T07:00:00,3.77
1974-03-10T07:00:00,3.77
1974-03-11T07:00:00,3.79
1974-03-12T07:00:00,3.78
1974-03-13T07:00:00,3.78
1974-03-14T07:00:00,3.8
1974-03-15T07:00:00,3.81
1974-03-16T07:00:00,3.78
1974-03-17T07:00:00,3.77
1974-03-18T07:00:00,3.77
1974-03-19T07:00:00,3.77
1974-03-20T07:00:00,3.74
1974-03-21T07:00:00,3.72
1974-03-22T07:00:00,3.71
1974-03-23T07:00:00,3.7
1974-03-24T07:00:00,3.69
1974-03-25T07:00:00,3.69
1974-03-26T07:00:00,3.66
1974-03-27T07:00:00,3.6
1974-03-28T07:00:00,3.6
1974-03-29T07:00:00,3.66
1974-03-30T07:00:00,3.66
1974-03-31T07:00:00,3.65
1974-04-01T07:00:00,3.62
1974-04-02T07:00:00,3.6
1974-04-03T07:00:00,3.55
1974-04-04T07:00:00,3.54
1974-04-05T07:00:00,3.54
1974-04-06T07:00:00,3.54
1974-04-07T07:00:00,3.54
1974-04-08T07:00:00,3.56
1974-04-09T07:00:00,3.55
1974-04-10T07:00:00,3.55
1974-04-11T07:00:00,3.58
1974-04-12T07:00:00,3.58
1974-04-13T07:00:00,3.58
1974-04-14T07:00:00,3.63
1974-04-15T07:00:00,3.6
1974-04-16T07:00:00,3.58
1974-04-17T07:00:00,3.6
1974-04-18T07:00:00,3.61
1974-04-19T07:00:00,3.61
1974-04-20T07:00:00,3.64
1974-04-21T07:00:00,3.66
1974-04-22T07:00:00,3.7
1974-04-23T07:00:00,3.72
1974-04-24T07:00:00,3.72
1974-04-25T07:00:00,3.74
1974-04-26T07:00:00,3.76
1974-04-27T07:00:00,3.77
1974-04-28T07:00:00,3.77
1974-04-29T07:00:00,3.77
1974-04-30T07:00:00,3.77
1974-05-01T07:00:00,3.77
1974-05-02T07:00:00,3.83
1974-05-03T07:00:00,3.83
1974-05-04T07:00:00,3.84
1974-05-05T07:00:00,3.86
1974-05-06T07:00:00,3.87
1974-05-07T07:00:00,3.89
1974-05-08T07:00:00,3.87
1974-05-09T07:00:00,3.87
1974-05-10T07:00:00,3.87
1974-05-11T07:00:00,3.87
1974-05-12T07:00:00,3.86
1974-05-13T07:00:00,3.84
1974-05-14T07:00:00,3.84
1974-05-15T07:00:00,3.87
1974-05-16T07:00:00,3.87
1974-05-17T07:00:00,3.86
1974-05-18T07:00:00,3.84
1974-05-19T07:00:00,3.83
1974-05-20T07:00:00,3.84
1974-05-21T07:00:00,3.84
1974-05-22T07:00:00,3.84
1974-05-23T07:00:00,3.84
1974-05-24T07:00:00,3.82
1974-05-25T07:00:00,3.82
1974-05-26T07:00:00,3.75
1974-05-27T07:00:00,3.74
1974-05-28T07:00:00,3.74
1974-05-29T07:00:00,3.75
1974-05-30T07:00:00,3.76
1974-05-31T07:00:00,3.73
1974-06-01T07:00:00,3.7
1974-06-02T07:00:00,3.7
1974-06-03T07:00:00,3.65
1974-06-04T07:00:00,3.65
1974-06-05T07:00:00,3.64
1974-06-06T07:00:00,3.64
1974-06-07T07:00:00,3.62
1974-06-08T07:00:00,3.6
1974-06-09T07:00:00,3.6
1974-06-10T07:00:00,3.59
1974-06-11T07:00:00,3.58
1974-06-12T07:00:00,3.56
1974-06-13T07:00:00,3.56
1974-06-14T07:00:00,3.55
1974-06-15T07:00:00,3.53
1974-06-16T07:00:00,3.53
1974-06-17T07:00:00,3.52
1974-06-18T07:00:00,3.5
1974-06-19T07:00:00,3.49
1974-06-20T07:00:00,3.46
1974-06-21T07:00:00,3.41
1974-06-22T07:00:00,3.4
1974-06-23T07:00:00,3.39
1974-06-24T07:00:00,3.38
1974-06-25T07:00:00,3.4
1974-06-26T07:00:00,3.41
1974-06-27T07:00:00,3.42
1974-06-28T07:00:00,3.4
1974-06-29T07:00:00,3.4
1974-06-30T07:00:00,3.4
1974-07-01T07:00:00,3.4
1974-07-02T07:00:00,3.4
1974-07-03T07:00:00,3.4
1974-07-04T07:00:00,3.39
1974-07-05T07:00:00,3.41
1974-07-06T07:00:00,3.42
1974-07-07T07:00:00,3.41
1974-07-08T07:00:00,3.41
1974-07-09T07:00:00,3.4
1974-07-10T07:00:00,3.4
1974-07-11T07:00:00,3.39
1974-07-12T07:00:00,3.41
1974-07-13T07:00:00,3.39
1974-07-14T07:00:00,3.39
1974-07-15T07:00:00,3.42
1974-07-16T07:00:00,3.39
1974-07-17T07:00:00,3.39
1974-07-18T07:00:00,3.36
1974-07-19T07:00:00,3.36
1974-07-20T07:00:00,3.38
1974-07-21T07:00:00,3.4
1974-07-22T07:00:00,3.4
1974-07-23T07:00:00,3.42
1974-07-24T07:00:00,3.45
1974-07-25T07:00:00,3.39
1974-07-26T07:00:00,3.36
1974-07-27T07:00:00,3.36
1974-07-28T07:00:00,3.35
1974-07-29T07:00:00,3.32
1974-07-30T07:00:00,3.3
1974-07-31T07:00:00,3.29
1974-08-01T07:00:00,3.3
1974-08-02T07:00:00,3.29
1974-08-03T07:00:00,3.29
1974-08-04T07:00:00,3.29
1974-08-05T07:00:00,3.3
1974-08-06T07:00:00,3.3
1974-08-07T07:00:00,3.25
1974-08-08T07:00:00,3.26
1974-08-09T07:00:00,3.25
1974-08-10T07:00:00,3.2
1974-08-11T07:00:00,3.25
1974-08-12T07:00:00,3.2
1974-08-13T07:00:00,3.2
1974-08-14T07:00:00,3.18
1974-08-15T07:00:00,3.16
1974-08-16T07:00:00,3.2
1974-08-17T07:00:00,3.2
1974-08-18T07:00:00,3.17
1974-08-19T07:00:00,3.17
1974-08-20T07:00:00,3.12
1974-08-21T07:00:00,3.1
1974-08-22T07:00:00,3.02
1974-08-23T07:00:00,2.98
1974-08-24T07:00:00,2.92
1974-08-25T07:00:00,2.87
1974-08-26T07:00:00,2.78
1974-08-27T07:00:00,2.68
1974-08-28T07:00:00,2.6
1974-08-29T07:00:00,2.57
1974-08-30T07:00:00,2.45
1974-08-31T07:00:00,2.36
1974-09-01T07:00:00,2.36
1974-09-02T07:00:00,2.26
1974-09-03T07:00:00,2.17
1974-09-04T07:00:00,2.16
1974-09-05T07:00:00,2.16
1974-09-06T07:00:00,2.1
1974-09-07T07:00:00,2.15
1974-09-08T07:00:00,2.15
1974-09-09T07:00:00,2.1
1974-09-10T07:00:00,2.21
1974-09-11T07:00:00,2.26
1974-09-12T07:00:00,2.3
1974-09-13T07:00:00,2.4
1974-09-14T07:00:00,2.4
1974-09-15T07:00:00,2.42
1974-09-16T07:00:00,2.5
1974-09-17T07:00:00,2.52
1974-09-18T07:00:00,2.7
1974-09-19T07:00:00,2.73
1974-09-20T07:00:00,2.73
1974-09-21T07:00:00,2.7
1974-09-22T07:00:00,2.7
1974-09-23T07:00:00,2.8
1974-09-24T07:00:00,2.83
1974-09-25T07:00:00,2.85
1974-09-26T07:00:00,2.82
1974-09-27T07:00:00,2.8
1974-09-28T07:00:00,2.76
1974-09-29T07:00:00,2.68
1974-09-30T07:00:00,2.7
1974-10-01T07:00:00,2.6
1974-10-02T07:00:00,2.55
1974-10-03T07:00:00,2.4
1974-10-04T07:00:00,2.3
1974-10-05T07:00:00,2.16
1974-10-06T07:00:00,2.1
1974-10-07T07:00:00,2.07
1974-10-08T07:00:00,2.02
1974-10-09T07:00:00,1.96
1974-10-10T07:00:00,1.8
1974-10-11T07:00:00,1.69
1974-10-12T07:00:00,1.7
1974-10-13T07:00:00,1.7
1974-10-14T07:00:00,1.66
1974-10-15T07:00:00,1.61
1974-10-16T07:00:00,1.56
1974-10-17T07:00:00,1.53
1974-10-18T07:00:00,1.7
1974-10-19T07:00:00,1.6
1974-10-20T07:00:00,1.58
1974-10-21T07:00:00,1.51
1974-10-22T07:00:00,1.52
1974-10-23T07:00:00,1.42
1974-10-24T07:00:00,1.37
1974-10-25T07:00:00,1.45
1974-10-26T07:00:00,1.5
1974-10-27T07:00:00,1.41
1974-10-28T07:00:00,1.31
1974-10-29T07:00:00,1.24
1974-10-30T07:00:00,1.25
1974-10-31T07:00:00,1.27
1974-11-01T07:00:00,1.36
1974-11-02T07:00:00,1.36
1974-11-03T07:00:00,1.18
1974-11-04T07:00:00,1.05
1974-11-05T07:00:00,1.32
1974-11-06T07:00:00,1.4
1974-11-07T07:00:00,1.39
1974-11-08T07:00:00,1.47
1974-11-09T07:00:00,1.63
1974-11-10T07:00:00,1.67
1974-11-11T07:00:00,1.81
1974-11-12T07:00:00,1.93
1974-11-13T07:00:00,2
1974-11-14T07:00:00,2.1
1974-11-15T07:00:00,2.21
1974-11-16T07:00:00,2.27
1974-11-17T07:00:00,2.35
1974-11-18T07:00:00,2.3
1974-11-19T07:00:00,2.21
1974-11-20T07:00:00,2.1
1974-11-21T07:00:00,2.08
1974-11-22T07:00:00,2
1974-11-23T07:00:00,1.99
1974-11-24T07:00:00,1.7
1974-11-25T07:00:00,1.65
1974-11-26T07:00:00,1.57
1974-11-27T07:00:00,1.62
1974-11-28T07:00:00,1.6
1974-11-29T07:00:00,1.48
1974-11-30T07:00:00,1.49
1974-12-01T07:00:00,1.49
1974-12-02T07:00:00,1.42
1974-12-03T07:00:00,1.44
1974-12-04T07:00:00,1.5
1974-12-05T07:00:00,1.5
1974-12-06T07:00:00,1.43
1974-12-07T07:00:00,1.5
1974-12-08T07:00:00,1.54
1974-12-09T07:00:00,1.57
1974-12-10T07:00:00,1.59
1974-12-11T07:00:00,1.69
1974-12-12T07:00:00,2
1974-12-13T07:00:00,2.1
1974-12-14T07:00:00,2.1
1974-12-15T07:00:00,2.1
1974-12-16T07:00:00,2.2
1974-12-17T07:00:00,2.2
1974-12-18T07:00:00,2.2
1974-12-19T07:00:00,2.2
1974-12-20T07:00:00,2.09
1974-12-21T07:00:00,2
1974-12-22T07:00:00,1.88
1974-12-23T07:00:00,1.84
1974-12-24T07:00:00,1.8
1974-12-25T07:00:00,1.84
1974-12-26T07:00:00,1.8
1974-12-27T07:00:00,1.78
1974-12-28T07:00:00,1.7
1974-12-29T07:00:00,1.7
1974-12-30T07:00:00,1.67
1974-12-31T07:00:00,1.7
1975-01-01T07:00:00,1.75
1975-01-02T07:00:00,1.8
1975-01-03T07:00:00,1.8
1975-01-04T07:00:00,1.83
1975-01-05T07:00:00,1.8
1975-01-06T07:00:00,1.9
1975-01-07T07:00:00,1.9
1975-01-08T07:00:00,1.85
1975-01-09T07:00:00,1.91
1975-01-10T07:00:00,2.1
1975-01-11T07:00:00,2.25
1975-01-12T07:00:00,2.34
1975-01-13T07:00:00,2.36
1975-01-14T07:00:00,2.36
1975-01-15T07:00:00,2.29
1975-01-16T07:00:00,2.3
1975-01-17T07:00:00,2.38
1975-01-18T07:00:00,2.47
1975-01-19T07:00:00,2.55
1975-01-20T07:00:00,2.55
1975-01-21T07:00:00,2.5
1975-01-22T07:00:00,2.52
1975-01-23T07:00:00,2.55
1975-01-24T07:00:00,2.57
1975-01-25T07:00:00,2.58
1975-01-26T07:00:00,2.59
1975-01-27T07:00:00,2.7
1975-01-28T07:00:00,2.85
1975-01-29T07:00:00,2.86
1975-01-30T07:00:00,2.87
1975-01-31T07:00:00,2.87
1975-02-01T07:00:00,2.9
1975-02-02T07:00:00,2.93
1975-02-03T07:00:00,2.9
1975-02-04T07:00:00,2.9
1975-02-05T07:00:00,2.95
1975-02-06T07:00:00,2.98
1975-02-07T07:00:00,2.96
1975-02-08T07:00:00,2.9
1975-02-09T07:00:00,2.85
1975-02-10T07:00:00,2.97
1975-02-11T07:00:00,2.85
1975-02-12T07:00:00,2.87
1975-02-13T07:00:00,2.9
1975-02-14T07:00:00,2.9
1975-02-15T07:00:00,2.9
1975-02-16T07:00:00,2.93
1975-02-17T07:00:00,2.88
1975-02-18T07:00:00,2.82
1975-02-19T07:00:00,2.83
1975-02-20T07:00:00,2.8
1975-02-21T07:00:00,2.82
1975-02-22T07:00:00,2.8
1975-02-23T07:00:00,2.86
1975-02-24T07:00:00,2.8
1975-02-25T07:00:00,2.91
1975-02-26T07:00:00,2.9
1975-02-27T07:00:00,2.9
1975-02-28T07:00:00,2.8
1975-03-01T07:00:00,2.81
1975-03-02T07:00:00,2.8
1975-03-03T07:00:00,2.8
1975-03-04T07:00:00,2.8
1975-03-05T07:00:00,2.78
1975-03-06T07:00:00,2.8
1975-03-07T07:00:00,2.85
1975-03-08T07:00:00,2.87
1975-03-09T07:00:00,2.84
1975-03-10T07:00:00,2.86
1975-03-11T07:00:00,2.75
1975-03-12T07:00:00,2.75
1975-03-13T07:00:00,2.8
1975-03-14T07:00:00,2.81
1975-03-15T07:00:00,2.8
1975-03-16T07:00:00,2.82
1975-03-17T07:00:00,2.9
1975-03-18T07:00:00,2.85
1975-03-19T07:00:00,2.88
1975-03-20T07:00:00,2.9
1975-03-21T07:00:00,2.88
1975-03-22T07:00:00,3
1975-03-23T07:00:00,3
1975-03-24T07:00:00,3.04
1975-03-25T07:00:00,3.05
1975-03-26T07:00:00,3.05
1975-03-27T07:00:00,3.05
1975-03-28T07:00:00,3.15
1975-03-29T07:00:00,3.15
1975-03-30T07:00:00,3.15
1975-03-31T07:00:00,3.13
1975-04-01T07:00:00,3.1
1975-04-02T07:00:00,3.06
1975-04-03T07:00:00,3.06
1975-04-04T07:00:00,3.08
1975-04-05T07:00:00,2.96
1975-04-06T07:00:00,2.93
1975-04-07T07:00:00,2.88
1975-04-08T07:00:00,2.81
1975-04-09T07:00:00,2.83
1975-04-10T07:00:00,2.84
1975-04-11T07:00:00,2.83
1975-04-12T07:00:00,2.81
1975-04-13T07:00:00,2.9
1975-04-14T07:00:00,2.85
1975-04-15T07:00:00,2.9
1975-04-16T07:00:00,2.9
1975-04-17T07:00:00,2.83
1975-04-18T07:00:00,2.83
1975-04-19T07:00:00,2.83
1975-04-20T07:00:00,2.83
1975-04-21T07:00:00,2.75
1975-04-22T07:00:00,2.62
1975-04-23T07:00:00,2.62
1975-04-24T07:00:00,2.6
1975-04-25T07:00:00,2.59
1975-04-26T07:00:00,2.59
1975-04-27T07:00:00,2.61
1975-04-28T07:00:00,2.62
1975-04-29T07:00:00,2.62
1975-04-30T07:00:00,2.63
1975-05-01T07:00:00,2.7
1975-05-02T07:00:00,2.74
1975-05-03T07:00:00,2.8
1975-05-04T07:00:00,2.82
1975-05-05T07:00:00,2.88
1975-05-06T07:00:00,2.9
1975-05-07T07:00:00,2.92
1975-05-08T07:00:00,2.88
1975-05-09T07:00:00,2.9
1975-05-10T07:00:00,2.88
1975-05-11T07:00:00,2.8
1975-05-12T07:00:00,2.85
1975-05-13T07:00:00,2.98
1975-05-14T07:00:00,3.02
1975-05-15T07:00:00,3.05
1975-05-16T07:00:00,3.1
1975-05-17T07:00:00,3.15
1975-05-18T07:00:00,3.17
1975-05-19T07:00:00,3.2
1975-05-20T07:00:00,3.1
1975-05-21T07:00:00,3.08
1975-05-22T07:00:00,3.06
1975-05-23T07:00:00,3.03
1975-05-24T07:00:00,3.01
1975-05-25T07:00:00,3
1975-05-26T07:00:00,2.98
1975-05-27T07:00:00,2.94
1975-05-28T07:00:00,2.91
1975-05-29T07:00:00,2.86
1975-05-30T07:00:00,2.84
1975-05-31T07:00:00,2.84
1975-06-01T07:00:00,2.85
1975-06-02T07:00:00,2.89
1975-06-03T07:00:00,2.89
1975-06-04T07:00:00,2.8
1975-06-05T07:00:00,2.75
1975-06-06T07:00:00,2.7
1975-06-07T07:00:00,2.65
1975-06-08T07:00:00,2.61
1975-06-09T07:00:00,2.6
1975-06-10T07:00:00,2.58
1975-06-11T07:00:00,2.55
1975-06-12T07:00:00,2.53
1975-06-13T07:00:00,2.51
1975-06-14T07:00:00,2.5
1975-06-15T07:00:00,2.46
1975-06-16T07:00:00,2.44
1975-06-17T07:00:00,2.4
1975-06-18T07:00:00,2.4
1975-06-19T07:00:00,2.38
1975-06-20T07:00:00,2.4
1975-06-21T07:00:00,2.4
1975-06-22T07:00:00,2.38
1975-06-23T07:00:00,2.36
1975-06-24T07:00:00,2.34
1975-06-25T07:00:00,2.32
1975-06-26T07:00:00,2.3
1975-06-27T07:00:00,2.27
1975-06-28T07:00:00,2.26
1975-06-29T07:00:00,2.26
1975-06-30T07:00:00,2.26
1975-07-01T07:00:00,2.24
1975-07-02T07:00:00,2.24
1975-07-03T07:00:00,2.2
1975-07-04T07:00:00,2.19
1975-07-05T07:00:00,2.18
1975-07-06T07:00:00,2.1
1975-07-07T07:00:00,2
1975-07-08T07:00:00,1.93
1975-07-09T07:00:00,1.85
1975-07-10T07:00:00,1.83
1975-07-11T07:00:00,1.88
1975-07-12T07:00:00,1.9
1975-07-13T07:00:00,1.94
1975-07-14T07:00:00,1.9
1975-07-15T07:00:00,1.84
1975-07-16T07:00:00,1.78
1975-07-17T07:00:00,1.78
1975-07-18T07:00:00,1.72
1975-07-19T07:00:00,1.65
1975-07-20T07:00:00,1.55
1975-07-21T07:00:00,1.5
1975-07-22T07:00:00,1.54
1975-07-23T07:00:00,1.6
1975-07-24T07:00:00,1.6
1975-07-25T07:00:00,1.55
1975-07-26T07:00:00,1.6
1975-07-27T07:00:00,1.72
1975-07-28T07:00:00,1.77
1975-07-29T07:00:00,1.7
1975-07-30T07:00:00,1.69
1975-07-31T07:00:00,1.59
1975-08-01T07:00:00,1.65
1975-08-02T07:00:00,1.7
1975-08-03T07:00:00,1.74
1975-08-04T07:00:00,1.8
1975-08-05T07:00:00,1.82
1975-08-06T07:00:00,1.8
1975-08-07T07:00:00,1.82
1975-08-08T07:00:00,1.85
1975-08-09T07:00:00,2
1975-08-10T07:00:00,1.95
1975-08-11T07:00:00,2
1975-08-12T07:00:00,1.85
1975-08-13T07:00:00,1.69
1975-08-14T07:00:00,1.62
1975-08-15T07:00:00,1.49
1975-08-16T07:00:00,1.42
1975-08-17T07:00:00,1.4
1975-08-18T07:00:00,1.39
1975-08-19T07:00:00,1.4
1975-08-20T07:00:00,1.45
1975-08-21T07:00:00,1.58
1975-08-22T07:00:00,1.64
1975-08-23T07:00:00,1.8
1975-08-24T07:00:00,2.1
1975-08-25T07:00:00,2.1
1975-08-26T07:00:00,2.25
1975-08-27T07:00:00,2.2
1975-08-28T07:00:00,2.12
1975-08-29T07:00:00,2.08
1975-08-30T07:00:00,2.05
1975-08-31T07:00:00,2
1975-09-01T07:00:00,1.94
1975-09-02T07:00:00,1.84
1975-09-03T07:00:00,1.8
1975-09-04T07:00:00,1.7
1975-09-05T07:00:00,1.7
1975-09-06T07:00:00,1.69
1975-09-07T07:00:00,1.8
1975-09-08T07:00:00,1.75
1975-09-09T07:00:00,1.6
1975-09-10T07:00:00,1.5
1975-09-11T07:00:00,1.5
1975-09-12T07:00:00,1.5
1975-09-13T07:00:00,1.35
1975-09-14T07:00:00,1.3
1975-09-15T07:00:00,1.3
1975-09-16T07:00:00,1.3
1975-09-17T07:00:00,1.3
1975-09-18T07:00:00,1.42
1975-09-19T07:00:00,1.57
1975-09-20T07:00:00,1.63
1975-09-21T07:00:00,1.73
1975-09-22T07:00:00,1.85
1975-09-23T07:00:00,1.91
1975-09-24T07:00:00,2
1975-09-25T07:00:00,2.19
1975-09-26T07:00:00,2.2
1975-09-27T07:00:00,2.2
1975-09-28T07:00:00,2.23
1975-09-29T07:00:00,2.24
1975-09-30T07:00:00,2.24
1975-10-01T07:00:00,2.3
1975-10-02T07:00:00,2.35
1975-10-03T07:00:00,2.37
1975-10-04T07:00:00,2.37
1975-10-05T07:00:00,2.36
1975-10-06T07:00:00,2.36
1975-10-07T07:00:00,2.35
1975-10-08T07:00:00,2.35
1975-10-09T07:00:00,2.42
1975-10-10T07:00:00,2.42
1975-10-11T07:00:00,2.44
1975-10-12T07:00:00,2.44
1975-10-13T07:00:00,2.4
1975-10-14T07:00:00,2.4
1975-10-15T07:00:00,2.45
1975-10-16T07:00:00,2.46
1975-10-17T07:00:00,2.5
1975-10-18T07:00:00,2.55
1975-10-19T07:00:00,2.56
1975-10-20T07:00:00,2.59
1975-10-21T07:00:00,2.58
1975-10-22T07:00:00,2.74
1975-10-23T07:00:00,2.77
1975-10-24T07:00:00,2.8
1975-10-25T07:00:00,2.8
1975-10-26T07:00:00,2.8
1975-10-27T07:00:00,2.82
1975-10-28T07:00:00,2.84
1975-10-29T07:00:00,2.84
1975-10-30T07:00:00,2.9
1975-10-31T07:00:00,2.9
1975-11-01T07:00:00,2.92
1975-11-02T07:00:00,2.94
1975-11-03T07:00:00,2.92
1975-11-04T07:00:00,2.98
1975-11-05T07:00:00,2.98
1975-11-06T07:00:00,3
1975-11-07T07:00:00,3
1975-11-08T07:00:00,3.05
1975-11-09T07:00:00,3.05
1975-11-10T07:00:00,3.08
1975-11-11T07:00:00,2.97
1975-11-12T07:00:00,2.96
1975-11-13T07:00:00,2.91
1975-11-14T07:00:00,2.9
1975-11-15T07:00:00,2.9
1975-11-16T07:00:00,2.8
1975-11-17T07:00:00,2.78
1975-11-18T07:00:00,2.75
1975-11-19T07:00:00,2.75
1975-11-20T07:00:00,2.7
1975-11-21T07:00:00,2.7
1975-11-22T07:00:00,2.69
1975-11-23T07:00:00,2.65
1975-11-24T07:00:00,2.65
1975-11-25T07:00:00,2.6
1975-11-26T07:00:00,2.6
1975-11-27T07:00:00,2.67
1975-11-28T07:00:00,2.58
1975-11-29T07:00:00,2.55
1975-11-30T07:00:00,2.65
1975-12-01T07:00:00,2.66
1975-12-02T07:00:00,2.61
1975-12-03T07:00:00,2.5
1975-12-04T07:00:00,2.48
1975-12-05T07:00:00,2.47
1975-12-06T07:00:00,2.48
1975-12-07T07:00:00,2.48
1975-12-08T07:00:00,2.47
1975-12-09T07:00:00,2.49
1975-12-10T07:00:00,2.5
1975-12-11T07:00:00,2.55
1975-12-12T07:00:00,2.55
1975-12-13T07:00:00,2.55
1975-12-14T07:00:00,2.68
1975-12-15T07:00:00,2.6
1975-12-16T07:00:00,2.52
1975-12-17T07:00:00,2.57
1975-12-18T07:00:00,2.6
1975-12-19T07:00:00,2.62
1975-12-20T07:00:00,2.7
1975-12-21T07:00:00,2.75
1975-12-22T07:00:00,2.75
1975-12-23T07:00:00,2.76
1975-12-24T07:00:00,2.8
1975-12-25T07:00:00,2.8
1975-12-26T07:00:00,2.8
1975-12-27T07:00:00,2.85
1975-12-28T07:00:00,2.85
1975-12-29T07:00:00,2.85
1975-12-30T07:00:00,2.85
1975-12-31T07:00:00,2.97
1976-01-01T07:00:00,3
1976-01-02T07:00:00,3
1976-01-03T07:00:00,3
1976-01-04T07:00:00,3.05
1976-01-05T07:00:00,3.06
1976-01-06T07:00:00,3.1
1976-01-07T07:00:00,3.15
1976-01-08T07:00:00,3.16
1976-01-09T07:00:00,3.1
1976-01-10T07:00:00,3.05
1976-01-11T07:00:00,3.06
1976-01-12T07:00:00,3.1
1976-01-13T07:00:00,3.09
1976-01-14T07:00:00,3.23
1976-01-15T07:00:00,3.18
1976-01-16T07:00:00,3.15
1976-01-17T07:00:00,3.12
1976-01-18T07:00:00,3.1
1976-01-19T07:00:00,3.1
1976-01-20T07:00:00,3.09
1976-01-21T07:00:00,3.2
1976-01-22T07:00:00,3.2
1976-01-23T07:00:00,3.2
1976-01-24T07:00:00,3.2
1976-01-25T07:00:00,3.23
1976-01-26T07:00:00,3.19
1976-01-27T07:00:00,3.21
1976-01-28T07:00:00,3.21
1976-01-29T07:00:00,3.18
1976-01-30T07:00:00,3.18
1976-01-31T07:00:00,3.17
1976-02-01T07:00:00,3.15
1976-02-02T07:00:00,3.16
1976-02-03T07:00:00,3.17
1976-02-04T07:00:00,3.18
1976-02-05T07:00:00,3.15
1976-02-06T07:00:00,3.15
1976-02-07T07:00:00,3.16
1976-02-08T07:00:00,3.16
1976-02-09T07:00:00,3.18
1976-02-10T07:00:00,3.2
1976-02-11T07:00:00,3.18
1976-02-12T07:00:00,3.2
1976-02-13T07:00:00,3.27
1976-02-14T07:00:00,3.16
1976-02-15T07:00:00,3.18
1976-02-16T07:00:00,3.18
1976-02-17T07:00:00,3.15
1976-02-18T07:00:00,3.17
1976-02-19T07:00:00,3.15
1976-02-20T07:00:00,3.2
1976-02-21T07:00:00,3.17
1976-02-22T07:00:00,3.2
1976-02-23T07:00:00,3.2
1976-02-24T07:00:00,3.2
1976-02-25T07:00:00,3.2
1976-02-26T07:00:00,3.23
1976-02-27T07:00:00,3.25
1976-02-28T07:00:00,3.2
1976-02-29T07:00:00,3.22
1976-03-01T07:00:00,3.28
1976-03-02T07:00:00,3.26
1976-03-03T07:00:00,3.28
1976-03-04T07:00:00,3.3
1976-03-05T07:00:00,3.29
1976-03-06T07:00:00,3.32
1976-03-07T07:00:00,3.3
1976-03-08T07:00:00,3.37
1976-03-09T07:00:00,3.4
1976-03-10T07:00:00,3.4
1976-03-11T07:00:00,3.43
1976-03-12T07:00:00,3.45
1976-03-13T07:00:00,3.42
1976-03-14T07:00:00,3.46
1976-03-15T07:00:00,3.5
1976-03-16T07:00:00,3.5
1976-03-17T07:00:00,3.55
1976-03-18T07:00:00,3.55
1976-03-19T07:00:00,3.54
1976-03-20T07:00:00,3.54
1976-03-21T07:00:00,3.57
1976-03-22T07:00:00,3.54
1976-03-23T07:00:00,3.52
1976-03-24T07:00:00,3.51
1976-03-25T07:00:00,3.54
1976-03-26T07:00:00,3.52
1976-03-27T07:00:00,3.51
1976-03-28T07:00:00,3.47
1976-03-29T07:00:00,3.45
1976-03-30T07:00:00,3.5
1976-03-31T07:00:00,3.49
1976-04-01T07:00:00,3.49
1976-04-02T07:00:00,3.49
1976-04-03T07:00:00,3.48
1976-04-04T07:00:00,3.47
1976-04-05T07:00:00,3.45
1976-04-06T07:00:00,3.41
1976-04-07T07:00:00,3.44
1976-04-08T07:00:00,3.42
1976-04-09T07:00:00,3.4
1976-04-10T07:00:00,3.39
1976-04-11T07:00:00,3.39
1976-04-12T07:00:00,3.4
1976-04-13T07:00:00,3.4
1976-04-14T07:00:00,3.38
1976-04-15T07:00:00,3.38
1976-04-16T07:00:00,3.38
1976-04-17T07:00:00,3.37
1976-04-18T07:00:00,3.37
1976-04-19T07:00:00,3.37
1976-04-20T07:00:00,3.32
1976-04-21T07:00:00,3.26
1976-04-22T07:00:00,3.28
1976-04-23T07:00:00,3.31
1976-04-24T07:00:00,3.31
1976-04-25T07:00:00,3.3
1976-04-26T07:00:00,3.29
1976-04-27T07:00:00,3.26
1976-04-28T07:00:00,3.25
1976-04-29T07:00:00,3.25
1976-04-30T07:00:00,3.22
1976-05-01T07:00:00,3.22
1976-05-02T07:00:00,3.22
1976-05-03T07:00:00,3.14
1976-05-04T07:00:00,3.11
1976-05-05T07:00:00,3.1
1976-05-06T07:00:00,3.1
1976-05-07T07:00:00,3.1
1976-05-08T07:00:00,3.05
1976-05-09T07:00:00,3.05
1976-05-10T07:00:00,3.05
1976-05-11T07:00:00,3.04
1976-05-12T07:00:00,3
1976-05-13T07:00:00,3
1976-05-14T07:00:00,2.92
1976-05-15T07:00:00,2.78
1976-05-16T07:00:00,2.7
1976-05-17T07:00:00,2.61
1976-05-18T07:00:00,2.6
1976-05-19T07:00:00,2.54
1976-05-20T07:00:00,2.44
1976-05-21T07:00:00,2.39
1976-05-22T07:00:00,2.25
1976-05-23T07:00:00,2.24
1976-05-24T07:00:00,2.15
1976-05-25T07:00:00,2.15
1976-05-26T07:00:00,2
1976-05-27T07:00:00,1.95
1976-05-28T07:00:00,1.92
1976-05-29T07:00:00,1.94
1976-05-30T07:00:00,1.92
1976-05-31T07:00:00,1.82
1976-06-01T07:00:00,1.75
1976-06-02T07:00:00,1.74
1976-06-03T07:00:00,1.64
1976-06-04T07:00:00,1.85
1976-06-05T07:00:00,2
1976-06-06T07:00:00,2
1976-06-07T07:00:00,2.08
1976-06-08T07:00:00,2.15
1976-06-09T07:00:00,2.2
1976-06-10T07:00:00,2.2
1976-06-11T07:00:00,2.28
1976-06-12T07:00:00,2.3
1976-06-13T07:00:00,2.32
1976-06-14T07:00:00,2.4
1976-06-15T07:00:00,2.43
1976-06-16T07:00:00,2.45
1976-06-17T07:00:00,2.5
1976-06-18T07:00:00,2.58
1976-06-19T07:00:00,2.58
1976-06-20T07:00:00,2.6
1976-06-21T07:00:00,2.72
1976-06-22T07:00:00,2.79
1976-06-23T07:00:00,2.81
1976-06-24T07:00:00,2.82
1976-06-25T07:00:00,2.84
1976-06-26T07:00:00,2.89
1976-06-27T07:00:00,2.9
1976-06-28T07:00:00,2.9
1976-06-29T07:00:00,2.95
1976-06-30T07:00:00,2.95
1976-07-01T07:00:00,3.05
1976-07-02T07:00:00,3.05
1976-07-03T07:00:00,3.04
1976-07-04T07:00:00,3.06
1976-07-05T07:00:00,3.12
1976-07-06T07:00:00,3.05
1976-07-07T07:00:00,2.99
1976-07-08T07:00:00,2.96
1976-07-09T07:00:00,2.98
1976-07-10T07:00:00,2.97
1976-07-11T07:00:00,2.92
1976-07-12T07:00:00,2.9
1976-07-13T07:00:00,2.77
1976-07-14T07:00:00,2.7
1976-07-15T07:00:00,2.64
1976-07-16T07:00:00,2.5
1976-07-17T07:00:00,2.42
1976-07-18T07:00:00,2.39
1976-07-19T07:00:00,2.3
1976-07-20T07:00:00,2.25
1976-07-21T07:00:00,2.15
1976-07-22T07:00:00,2.1
1976-07-23T07:00:00,2.1
1976-07-24T07:00:00,2.13
1976-07-25T07:00:00,2.3
1976-07-26T07:00:00,2.44
1976-07-27T07:00:00,2.36
1976-07-28T07:00:00,2.34
1976-07-29T07:00:00,2.3
1976-07-30T07:00:00,2.26
1976-07-31T07:00:00,2.4
1976-08-01T07:00:00,2.42
1976-08-02T07:00:00,2.5
1976-08-03T07:00:00,2.51
1976-08-04T07:00:00,2.52
1976-08-05T07:00:00,2.5
1976-08-06T07:00:00,2.45
1976-08-07T07:00:00,2.4
1976-08-08T07:00:00,2.35
1976-08-09T07:00:00,2.15
1976-08-10T07:00:00,2.13
1976-08-11T07:00:00,2.15
1976-08-12T07:00:00,2.12
1976-08-13T07:00:00,2
1976-08-14T07:00:00,2
1976-08-15T07:00:00,2.1
1976-08-16T07:00:00,2.04
1976-08-17T07:00:00,1.95
1976-08-18T07:00:00,1.94
1976-08-19T07:00:00,1.87
1976-08-20T07:00:00,1.9
1976-08-21T07:00:00,1.9
1976-08-22T07:00:00,1.9
1976-08-23T07:00:00,1.85
1976-08-24T07:00:00,1.92
1976-08-25T07:00:00,2.1
1976-08-26T07:00:00,2.29
1976-08-27T07:00:00,2.4
1976-08-28T07:00:00,2.41
1976-08-29T07:00:00,2.43
1976-08-30T07:00:00,2.46
1976-08-31T07:00:00,2.44
1976-09-01T07:00:00,2.44
1976-09-02T07:00:00,2.52
1976-09-03T07:00:00,2.61
1976-09-04T07:00:00,2.63
1976-09-05T07:00:00,2.64
1976-09-06T07:00:00,2.74
1976-09-07T07:00:00,2.74
1976-09-08T07:00:00,2.76
1976-09-09T07:00:00,2.7
1976-09-10T07:00:00,2.65
1976-09-11T07:00:00,2.6
1976-09-12T07:00:00,2.56
1976-09-13T07:00:00,2.56
1976-09-14T07:00:00,2.48
1976-09-15T07:00:00,2.34
1976-09-16T07:00:00,2.23
1976-09-17T07:00:00,2.21
1976-09-18T07:00:00,2.2
1976-09-19T07:00:00,2.25
1976-09-20T07:00:00,2.23
1976-09-21T07:00:00,2.15
1976-09-22T07:00:00,2.08
1976-09-23T07:00:00,2
1976-09-24T07:00:00,2.15
1976-09-25T07:00:00,2.19
1976-09-26T07:00:00,2.21
1976-09-27T07:00:00,2.3
1976-09-28T07:00:00,2.32
1976-09-29T07:00:00,2.3
1976-09-30T07:00:00,2.3
1976-10-01T07:00:00,2.35
1976-10-02T07:00:00,2.42
1976-10-03T07:00:00,2.47
1976-10-04T07:00:00,2.45
1976-10-05T07:00:00,2.36
1976-10-06T07:00:00,2.28
1976-10-07T07:00:00,2.35
1976-10-08T07:00:00,2.42
1976-10-09T07:00:00,2.4
1976-10-10T07:00:00,2.43
1976-10-11T07:00:00,2.45
1976-10-12T07:00:00,2.41
1976-10-13T07:00:00,2.38
1976-10-14T07:00:00,2.31
1976-10-15T07:00:00,2.31
1976-10-16T07:00:00,2.29
1976-10-17T07:00:00,2.18
1976-10-18T07:00:00,2.2
1976-10-19T07:00:00,2.34
1976-10-20T07:00:00,2.3
1976-10-21T07:00:00,2.25
1976-10-22T07:00:00,2.19
1976-10-23T07:00:00,2.09
1976-10-24T07:00:00,2.12
1976-10-25T07:00:00,2.12
1976-10-26T07:00:00,2.2
1976-10-27T07:00:00,2.23
1976-10-28T07:00:00,2.25
1976-10-29T07:00:00,2.3
1976-10-30T07:00:00,2.32
1976-10-31T07:00:00,2.35
1976-11-01T07:00:00,2.32
1976-11-02T07:00:00,2.33
1976-11-03T07:00:00,2.4
1976-11-04T07:00:00,2.42
1976-11-05T07:00:00,2.44
1976-11-06T07:00:00,2.46
1976-11-07T07:00:00,2.5
1976-11-08T07:00:00,2.58
1976-11-09T07:00:00,2.6
1976-11-10T07:00:00,2.65
1976-11-11T07:00:00,2.67
1976-11-12T07:00:00,2.6
1976-11-13T07:00:00,2.66
1976-11-14T07:00:00,2.7
1976-11-15T07:00:00,2.7
1976-11-16T07:00:00,2.65
1976-11-17T07:00:00,2.65
1976-11-18T07:00:00,2.68
1976-11-19T07:00:00,2.7
1976-11-20T07:00:00,2.73
1976-11-21T07:00:00,2.78
1976-11-22T07:00:00,2.73
1976-11-23T07:00:00,2.83
1976-11-24T07:00:00,2.9
1976-11-25T07:00:00,2.95
1976-11-26T07:00:00,2.95
1976-11-27T07:00:00,2.98
1976-11-28T07:00:00,2.96
1976-11-29T07:00:00,2.96
1976-11-30T07:00:00,2.92
1976-12-01T07:00:00,2.99
1976-12-02T07:00:00,2.99
1976-12-03T07:00:00,2.94
1976-12-04T07:00:00,2.9
1976-12-05T07:00:00,2.89
1976-12-06T07:00:00,2.9
1976-12-07T07:00:00,2.9
1976-12-08T07:00:00,2.86
1976-12-09T07:00:00,2.85
1976-12-10T07:00:00,2.9
1976-12-11T07:00:00,2.85
1976-12-12T07:00:00,2.83
1976-12-13T07:00:00,2.87
1976-12-14T07:00:00,2.9
1976-12-15T07:00:00,3.05
1976-12-16T07:00:00,3.08
1976-12-17T07:00:00,3.1
1976-12-18T07:00:00,3.08
1976-12-19T07:00:00,3.03
1976-12-20T07:00:00,3.02
1976-12-21T07:00:00,3.05
1976-12-22T07:00:00,3.04
1976-12-23T07:00:00,3.08
1976-12-24T07:00:00,3.05
1976-12-25T07:00:00,3.06
1976-12-26T07:00:00,3.07
1976-12-27T07:00:00,3.12
1976-12-28T07:00:00,3.1
1976-12-29T07:00:00,3.1
1976-12-30T07:00:00,3.1
1976-12-31T07:00:00,3.88
1977-01-01T07:00:00,3.28
1977-01-02T07:00:00,3.11
1977-01-03T07:00:00,3.1
1977-01-04T07:00:00,3.15
1977-01-05T07:00:00,3.18
1977-01-06T07:00:00,3.22
1977-01-07T07:00:00,3.14
1977-01-08T07:00:00,3.12
1977-01-09T07:00:00,3.18
1977-01-10T07:00:00,3.14
1977-01-11T07:00:00,3.16
1977-01-12T07:00:00,3.2
1977-01-13T07:00:00,3.23
1977-01-14T07:00:00,3.3
1977-01-15T07:00:00,3.31
1977-01-16T07:00:00,3.27
1977-01-17T07:00:00,3.29
1977-01-18T07:00:00,3.32
1977-01-19T07:00:00,3.34
1977-01-20T07:00:00,3.34
1977-01-21T07:00:00,3.36
1977-01-22T07:00:00,3.36
1977-01-23T07:00:00,3.37
1977-01-24T07:00:00,3.37
1977-01-25T07:00:00,3.42
1977-01-26T07:00:00,3.46
1977-01-27T07:00:00,3.46
1977-01-28T07:00:00,3.46
1977-01-29T07:00:00,3.47
1977-01-30T07:00:00,3.47
1977-01-31T07:00:00,3.5
1977-02-01T07:00:00,3.55
1977-02-02T07:00:00,3.57
1977-02-03T07:00:00,3.59
1977-02-04T07:00:00,3.6
1977-02-05T07:00:00,3.65
1977-02-06T07:00:00,3.65
1977-02-07T07:00:00,3.65
1977-02-08T07:00:00,3.68
1977-02-09T07:00:00,3.69
1977-02-10T07:00:00,3.71
1977-02-11T07:00:00,3.72
1977-02-12T07:00:00,3.77
1977-02-13T07:00:00,3.8
1977-02-14T07:00:00,3.85
1977-02-15T07:00:00,3.9
1977-02-16T07:00:00,3.93
1977-02-17T07:00:00,3.92
1977-02-18T07:00:00,4
1977-02-19T07:00:00,4.06
1977-02-20T07:00:00,4.1
1977-02-21T07:00:00,4.14
1977-02-22T07:00:00,4.29
1977-02-23T07:00:00,4.39
1977-02-24T07:00:00,4.48
1977-02-25T07:00:00,4.52
1977-02-26T07:00:00,4.55
1977-02-27T07:00:00,4.66
1977-02-28T07:00:00,4.62
1977-03-01T07:00:00,4.63
1977-03-02T07:00:00,4.76
1977-03-03T07:00:00,4.84
1977-03-04T07:00:00,4.9
1977-03-05T07:00:00,4.97
1977-03-06T07:00:00,5.03
1977-03-07T07:00:00,5.09
1977-03-08T07:00:00,5.12
1977-03-09T07:00:00,5.13
1977-03-10T07:00:00,5.14
1977-03-11T07:00:00,5.1
1977-03-12T07:00:00,5.25
1977-03-13T07:00:00,5.3
1977-03-14T07:00:00,5.36
1977-03-15T07:00:00,5.37
1977-03-16T07:00:00,5.37
1977-03-17T07:00:00,5.32
1977-03-18T07:00:00,5.28
1977-03-19T07:00:00,5.2
1977-03-20T07:00:00,5.19
1977-03-21T07:00:00,5.24
1977-03-22T07:00:00,5.14
1977-03-23T07:00:00,5.04
1977-03-24T07:00:00,5.04
1977-03-25T07:00:00,4.98
1977-03-26T07:00:00,4.94
1977-03-27T07:00:00,4.76
1977-03-28T07:00:00,4.76
1977-03-29T07:00:00,4.75
1977-03-30T07:00:00,4.7
1977-03-31T07:00:00,4.62
1977-04-01T07:00:00,4.64
1977-04-02T07:00:00,4.59
1977-04-03T07:00:00,4.54
1977-04-04T07:00:00,4.47
1977-04-05T07:00:00,4.4
1977-04-06T07:00:00,4.36
1977-04-07T07:00:00,4.32
1977-04-08T07:00:00,4.28
1977-04-09T07:00:00,4.05
1977-04-10T07:00:00,3.96
1977-04-11T07:00:00,4.02
1977-04-12T07:00:00,3.98
1977-04-13T07:00:00,3.98
1977-04-14T07:00:00,3.93
1977-04-15T07:00:00,3.9
1977-04-16T07:00:00,3.9
1977-04-17T07:00:00,3.85
1977-04-18T07:00:00,3.8
1977-04-19T07:00:00,3.8
1977-04-20T07:00:00,3.79
1977-04-21T07:00:00,3.7
1977-04-22T07:00:00,3.73
1977-04-23T07:00:00,3.72
1977-04-24T07:00:00,3.72
1977-04-25T07:00:00,3.7
1977-04-26T07:00:00,3.7
1977-04-27T07:00:00,3.7
1977-04-28T07:00:00,3.7
1977-04-29T07:00:00,3.67
1977-04-30T07:00:00,3.65
1977-05-01T07:00:00,3.64
1977-05-02T07:00:00,3.64
1977-05-03T07:00:00,3.61
1977-05-04T07:00:00,3.65
1977-05-05T07:00:00,3.62
1977-05-06T07:00:00,3.62
1977-05-07T07:00:00,3.61
1977-05-08T07:00:00,3.65
1977-05-09T07:00:00,3.66
1977-05-10T07:00:00,3.65
1977-05-11T07:00:00,3.65
1977-05-12T07:00:00,3.63
1977-05-13T07:00:00,3.61
1977-05-14T07:00:00,3.6
1977-05-15T07:00:00,3.58
1977-05-16T07:00:00,3.53
1977-05-17T07:00:00,3.56
1977-05-18T07:00:00,3.54
1977-05-19T07:00:00,3.54
1977-05-20T07:00:00,3.51
1977-05-21T07:00:00,3.48
1977-05-22T07:00:00,3.44
1977-05-23T07:00:00,3.43
1977-05-24T07:00:00,3.41
1977-05-25T07:00:00,3.45
1977-05-26T07:00:00,3.35
1977-05-27T07:00:00,3.29
1977-05-28T07:00:00,3.28
1977-05-29T07:00:00,3.18
1977-05-30T07:00:00,3.18
1977-05-31T07:00:00,3.12
1977-06-01T07:00:00,3.02
1977-06-02T07:00:00,3
1977-06-03T07:00:00,2.95
1977-06-04T07:00:00,2.95
1977-06-05T07:00:00,2.94
1977-06-06T07:00:00,2.94
1977-06-07T07:00:00,2.93
1977-06-08T07:00:00,2.89
1977-06-09T07:00:00,2.8
1977-06-10T07:00:00,2.72
1977-06-11T07:00:00,2.7
1977-06-12T07:00:00,2.7
1977-06-13T07:00:00,2.6
1977-06-14T07:00:00,2.55
1977-06-15T07:00:00,2.54
1977-06-16T07:00:00,2.44
1977-06-17T07:00:00,2.42
1977-06-18T07:00:00,2.35
1977-06-19T07:00:00,2.34
1977-06-20T07:00:00,2.27
1977-06-21T07:00:00,2.4
1977-06-22T07:00:00,2.4
1977-06-23T07:00:00,2.38
1977-06-24T07:00:00,2.25
1977-06-25T07:00:00,2.1
1977-06-26T07:00:00,2.1
1977-06-27T07:00:00,2.08
1977-06-28T07:00:00,1.92
1977-06-29T07:00:00,1.98
1977-06-30T07:00:00,2.08
1977-07-01T07:00:00,2.12
1977-07-02T07:00:00,2.17
1977-07-03T07:00:00,2.21
1977-07-04T07:00:00,2.32
1977-07-05T07:00:00,2.4
1977-07-06T07:00:00,2.48
1977-07-07T07:00:00,2.53
1977-07-08T07:00:00,2.58
1977-07-09T07:00:00,2.5
1977-07-10T07:00:00,2.6
1977-07-11T07:00:00,2.66
1977-07-12T07:00:00,2.62
1977-07-13T07:00:00,2.76
1977-07-14T07:00:00,2.79
1977-07-15T07:00:00,2.79
1977-07-16T07:00:00,2.7
1977-07-17T07:00:00,2.6
1977-07-18T07:00:00,2.57
1977-07-19T07:00:00,2.5
1977-07-20T07:00:00,2.43
1977-07-21T07:00:00,2.4
1977-07-22T07:00:00,2.43
1977-07-23T07:00:00,2.4
1977-07-24T07:00:00,2.34
1977-07-25T07:00:00,2.3
1977-07-26T07:00:00,2.25
1977-07-27T07:00:00,2.24
1977-07-28T07:00:00,2.27
1977-07-29T07:00:00,2.25
1977-07-30T07:00:00,2.18
1977-07-31T07:00:00,2.18
1977-08-01T07:00:00,2.1
1977-08-02T07:00:00,2.1
1977-08-03T07:00:00,2.1
1977-08-04T07:00:00,2.1
1977-08-05T07:00:00,2.1
1977-08-06T07:00:00,2.19
1977-08-07T07:00:00,2.22
1977-08-08T07:00:00,2.22
1977-08-09T07:00:00,2.19
1977-08-10T07:00:00,2.14
1977-08-11T07:00:00,2.11
1977-08-12T07:00:00,2.05
1977-08-13T07:00:00,2.03
1977-08-14T07:00:00,1.99
1977-08-15T07:00:00,2
1977-08-16T07:00:00,2.03
1977-08-17T07:00:00,2.03
1977-08-18T07:00:00,2
1977-08-19T07:00:00,2
1977-08-20T07:00:00,1.9
1977-08-21T07:00:00,1.84
1977-08-22T07:00:00,1.84
1977-08-23T07:00:00,1.85
1977-08-24T07:00:00,1.76
1977-08-25T07:00:00,1.78
1977-08-26T07:00:00,1.71
1977-08-27T07:00:00,1.74
1977-08-28T07:00:00,1.82
1977-08-29T07:00:00,1.75
1977-08-30T07:00:00,1.68
1977-08-31T07:00:00,1.68
1977-09-01T07:00:00,1.6
1977-09-02T07:00:00,1.75
1977-09-03T07:00:00,1.7
1977-09-04T07:00:00,1.69
1977-09-05T07:00:00,1.65
1977-09-06T07:00:00,1.66
1977-09-07T07:00:00,1.62
1977-09-08T07:00:00,1.58
1977-09-09T07:00:00,1.56
1977-09-10T07:00:00,1.6
1977-09-11T07:00:00,1.64
1977-09-12T07:00:00,1.72
1977-09-13T07:00:00,1.71
1977-09-14T07:00:00,1.72
1977-09-15T07:00:00,1.73
1977-09-16T07:00:00,1.73
1977-09-17T07:00:00,1.71
1977-09-18T07:00:00,1.76
1977-09-19T07:00:00,1.7
1977-09-20T07:00:00,1.65
1977-09-21T07:00:00,1.62
1977-09-22T07:00:00,1.65
1977-09-23T07:00:00,1.54
1977-09-24T07:00:00,1.51
1977-09-25T07:00:00,1.6
1977-09-26T07:00:00,1.55
1977-09-27T07:00:00,1.5
1977-09-28T07:00:00,1.52
1977-09-29T07:00:00,1.6
1977-09-30T07:00:00,1.69
1977-10-01T07:00:00,1.65
1977-10-02T07:00:00,1.63
1977-10-03T07:00:00,1.6
1977-10-04T07:00:00,1.44
1977-10-05T07:00:00,1.33
1977-10-06T07:00:00,1.3
1977-10-07T07:00:00,1.3
1977-10-08T07:00:00,1.26
1977-10-09T07:00:00,1.4
1977-10-10T07:00:00,1.62
1977-10-11T07:00:00,1.68
1977-10-12T07:00:00,1.68
1977-10-13T07:00:00,1.7
1977-10-14T07:00:00,1.65
1977-10-15T07:00:00,1.71
1977-10-16T07:00:00,1.8
1977-10-17T07:00:00,1.82
1977-10-18T07:00:00,1.82
1977-10-19T07:00:00,1.72
1977-10-20T07:00:00,1.8
1977-10-21T07:00:00,1.75
1977-10-22T07:00:00,1.68
1977-10-23T07:00:00,1.72
1977-10-24T07:00:00,1.8
1977-10-25T07:00:00,1.82
1977-10-26T07:00:00,1.82
1977-10-27T07:00:00,1.85
1977-10-28T07:00:00,1.84
1977-10-29T07:00:00,1.8
1977-10-30T07:00:00,1.86
1977-10-31T07:00:00,1.78
1977-11-01T07:00:00,1.85
1977-11-02T07:00:00,1.96
1977-11-03T07:00:00,1.88
1977-11-04T07:00:00,1.98
1977-11-05T07:00:00,1.8
1977-11-06T07:00:00,1.77
1977-11-07T07:00:00,1.7
1977-11-08T07:00:00,1.68
1977-11-09T07:00:00,1.65
1977-11-10T07:00:00,1.6
1977-11-11T07:00:00,1.6
1977-11-12T07:00:00,1.65
1977-11-13T07:00:00,1.8
1977-11-14T07:00:00,1.8
1977-11-15T07:00:00,1.74
1977-11-16T07:00:00,1.55
1977-11-17T07:00:00,1.6
1977-11-18T07:00:00,1.58
1977-11-19T07:00:00,1.6
1977-11-20T07:00:00,1.72
1977-11-21T07:00:00,1.79
1977-11-22T07:00:00,1.7
1977-11-23T07:00:00,1.81
1977-11-24T07:00:00,1.86
1977-11-25T07:00:00,1.9
1977-11-26T07:00:00,1.9
1977-11-27T07:00:00,1.82
1977-11-28T07:00:00,1.98
1977-11-29T07:00:00,2
1977-11-30T07:00:00,1.92
1977-12-01T07:00:00,1.9
1977-12-02T07:00:00,1.89
1977-12-03T07:00:00,1.9
1977-12-04T07:00:00,1.8
1977-12-05T07:00:00,1.92
1977-12-06T07:00:00,1.93
1977-12-07T07:00:00,2.1
1977-12-08T07:00:00,2.16
1977-12-09T07:00:00,2.2
1977-12-10T07:00:00,2.18
1977-12-11T07:00:00,2.2
1977-12-12T07:00:00,2.25
1977-12-13T07:00:00,2.39
1977-12-14T07:00:00,2.49
1977-12-15T07:00:00,2.39
1977-12-16T07:00:00,2.45
1977-12-17T07:00:00,2.45
1977-12-18T07:00:00,2.47
1977-12-19T07:00:00,2.47
1977-12-20T07:00:00,2.6
1977-12-21T07:00:00,2.74
1977-12-22T07:00:00,2.8
1977-12-23T07:00:00,2.8
1977-12-24T07:00:00,2.8
1977-12-25T07:00:00,2.75
1977-12-26T07:00:00,2.77
1977-12-27T07:00:00,2.8
1977-12-28T07:00:00,2.88
1977-12-29T07:00:00,2.78
1977-12-30T07:00:00,3
1978-01-01T07:00:00,3.1
1978-01-02T07:00:00,3.12
1978-01-03T07:00:00,3.1
1978-01-04T07:00:00,3.08
1978-01-05T07:00:00,3
1978-01-06T07:00:00,3
1978-01-07T07:00:00,3.09
1978-01-08T07:00:00,3.08
1978-01-09T07:00:00,3.07
1978-01-10T07:00:00,3.07
1978-01-11T07:00:00,3
1978-01-12T07:00:00,3
1978-01-13T07:00:00,3
1978-01-14T07:00:00,3
1978-01-15T07:00:00,2.94
1978-01-16T07:00:00,2.83
1978-01-17T07:00:00,2.83
1978-01-18T07:00:00,2.85
1978-01-19T07:00:00,2.85
1978-01-20T07:00:00,2.88
1978-01-21T07:00:00,2.9
1978-01-22T07:00:00,2.9
1978-01-23T07:00:00,2.9
1978-01-24T07:00:00,3
1978-01-25T07:00:00,2.99
1978-01-26T07:00:00,2.98
1978-01-27T07:00:00,3.02
1978-01-28T07:00:00,3.04
1978-01-29T07:00:00,3.08
1978-01-30T07:00:00,3.18
1978-01-31T07:00:00,3.32
1978-02-01T07:00:00,3.37
1978-02-02T07:00:00,3.34
1978-02-03T07:00:00,3.3
1978-02-04T07:00:00,3.3
1978-02-05T07:00:00,3.3
1978-02-06T07:00:00,3.33
1978-02-07T07:00:00,3.35
1978-02-08T07:00:00,3.35
1978-02-09T07:00:00,3.34
1978-02-10T07:00:00,3.34
1978-02-11T07:00:00,3.34
1978-02-12T07:00:00,3.35
1978-02-13T07:00:00,3.38
1978-02-14T07:00:00,3.39
1978-02-15T07:00:00,3.35
1978-02-16T07:00:00,3.32
1978-02-17T07:00:00,3.38
1978-02-18T07:00:00,3.38
1978-02-19T07:00:00,3.37
1978-02-20T07:00:00,3.3
1978-02-21T07:00:00,3.3
1978-02-22T07:00:00,3.33
1978-02-23T07:00:00,3.33
1978-02-24T07:00:00,3.28
1978-02-25T07:00:00,3.24
1978-02-26T07:00:00,3.21
1978-02-27T07:00:00,3.21
1978-02-28T07:00:00,3.11
1978-03-01T07:00:00,3.08
1978-03-02T07:00:00,3.05
1978-03-03T07:00:00,3
1978-03-04T07:00:00,2.96
1978-03-05T07:00:00,2.9
1978-03-06T07:00:00,2.9
1978-03-07T07:00:00,2.9
1978-03-08T07:00:00,2.86
1978-03-09T07:00:00,2.79
1978-03-10T07:00:00,2.74
1978-03-11T07:00:00,2.6
1978-03-12T07:00:00,2.69
1978-03-13T07:00:00,2.67
1978-03-14T07:00:00,2.7
1978-03-15T07:00:00,2.74
1978-03-16T07:00:00,2.79
1978-03-17T07:00:00,2.8
1978-03-18T07:00:00,2.84
1978-03-19T07:00:00,3.14
1978-03-20T07:00:00,3.12
1978-03-21T07:00:00,3.15
1978-03-22T07:00:00,3.18
1978-03-23T07:00:00,3.21
1978-03-24T07:00:00,3.24
1978-03-25T07:00:00,3.26
1978-03-26T07:00:00,3.38
1978-03-27T07:00:00,3.4
1978-03-28T07:00:00,3.41
1978-03-29T07:00:00,3.4
1978-03-30T07:00:00,3.4
1978-03-31T07:00:00,3.35
1978-04-01T07:00:00,3.31
1978-04-02T07:00:00,3.38
1978-04-03T07:00:00,3.34
1978-04-04T07:00:00,3.35
1978-04-05T07:00:00,3.32
1978-04-06T07:00:00,3.27
1978-04-07T07:00:00,3.27
1978-04-08T07:00:00,3.29
1978-04-09T07:00:00,3.25
1978-04-10T07:00:00,3.25
1978-04-11T07:00:00,3.12
1978-04-12T07:00:00,3.05
1978-04-13T07:00:00,3.05
1978-04-14T07:00:00,3.05
1978-04-15T07:00:00,2.85
1978-04-16T07:00:00,2.75
1978-04-17T07:00:00,2.7
1978-04-18T07:00:00,2.62
1978-04-19T07:00:00,2.51
1978-04-20T07:00:00,2.46
1978-04-21T07:00:00,2.45
1978-04-22T07:00:00,2.44
1978-04-23T07:00:00,2.44
1978-04-24T07:00:00,2.5
1978-04-25T07:00:00,2.45
1978-04-26T07:00:00,2.42
1978-04-27T07:00:00,2.33
1978-04-28T07:00:00,2.2
1978-04-29T07:00:00,2.18
1978-04-30T07:00:00,2.15
1978-05-01T07:00:00,2.07
1978-05-02T07:00:00,2.07
1978-05-03T07:00:00,1.9
1978-05-04T07:00:00,1.8
1978-05-05T07:00:00,1.8
1978-05-06T07:00:00,1.8
1978-05-07T07:00:00,1.75
1978-05-08T07:00:00,1.7
1978-05-09T07:00:00,1.6
1978-05-10T07:00:00,1.5
1978-05-11T07:00:00,1.55
1978-05-12T07:00:00,1.56
1978-05-13T07:00:00,1.5
1978-05-14T07:00:00,1.45
1978-05-15T07:00:00,1.39
1978-05-16T07:00:00,1.3
1978-05-17T07:00:00,1.26
1978-05-18T07:00:00,1.21
1978-05-19T07:00:00,1.2
1978-05-20T07:00:00,1.09
1978-05-21T07:00:00,1.07
1978-05-22T07:00:00,1.19
1978-05-23T07:00:00,1.2
1978-05-24T07:00:00,1.19
1978-05-25T07:00:00,1.2
1978-05-26T07:00:00,1.06
1978-05-27T07:00:00,1.08
1978-05-28T07:00:00,1.08
1978-05-29T07:00:00,1.07
1978-05-30T07:00:00,1.05
1978-05-31T07:00:00,1
1978-06-01T07:00:00,1.1
1978-06-02T07:00:00,1.12
1978-06-03T07:00:00,1.04
1978-06-04T07:00:00,1.07
1978-06-05T07:00:00,1.14
1978-06-06T07:00:00,1.14
1978-06-07T07:00:00,1.15
1978-06-08T07:00:00,1.21
1978-06-09T07:00:00,1.21
1978-06-10T07:00:00,1.25
1978-06-11T07:00:00,1.25
1978-06-12T07:00:00,1.24
1978-06-13T07:00:00,1.24
1978-06-14T07:00:00,1.35
1978-06-15T07:00:00,1.44
1978-06-16T07:00:00,1.4
1978-06-17T07:00:00,1.47
1978-06-18T07:00:00,1.47
1978-06-19T07:00:00,1.5
1978-06-20T07:00:00,1.5
1978-06-21T07:00:00,1.65
1978-06-22T07:00:00,1.55
1978-06-23T07:00:00,1.56
1978-06-24T07:00:00,1.58
1978-06-25T07:00:00,1.56
1978-06-26T07:00:00,1.5
1978-06-27T07:00:00,1.6
1978-06-28T07:00:00,1.59
1978-06-29T07:00:00,1.59
1978-06-30T07:00:00,1.64
1978-07-01T07:00:00,1.65
1978-07-02T07:00:00,1.65
1978-07-03T07:00:00,1.64
1978-07-04T07:00:00,1.65
1978-07-05T07:00:00,1.58
1978-07-06T07:00:00,1.52
1978-07-07T07:00:00,1.68
1978-07-08T07:00:00,1.66
1978-07-09T07:00:00,1.67
1978-07-10T07:00:00,1.72
1978-07-11T07:00:00,1.7
1978-07-12T07:00:00,1.7
1978-07-13T07:00:00,1.7
1978-07-14T07:00:00,1.77
1978-07-15T07:00:00,1.7
1978-07-16T07:00:00,1.72
1978-07-17T07:00:00,1.76
1978-07-18T07:00:00,1.62
1978-07-19T07:00:00,1.62
1978-07-20T07:00:00,1.55
1978-07-21T07:00:00,1.55
1978-07-22T07:00:00,1.44
1978-07-23T07:00:00,1.41
1978-07-24T07:00:00,1.47
1978-07-25T07:00:00,1.49
1978-07-26T07:00:00,1.42
1978-07-27T07:00:00,1.52
1978-07-28T07:00:00,1.55
1978-07-29T07:00:00,1.55
1978-07-30T07:00:00,1.65
1978-07-31T07:00:00,1.87
1978-08-01T07:00:00,1.85
1978-08-02T07:00:00,1.9
1978-08-03T07:00:00,1.96
1978-08-04T07:00:00,2
1978-08-05T07:00:00,2.1
1978-08-06T07:00:00,2.12
1978-08-07T07:00:00,2.26
1978-08-08T07:00:00,2.45
1978-08-09T07:00:00,2.47
1978-08-10T07:00:00,2.48
1978-08-11T07:00:00,2.4
1978-08-12T07:00:00,2.55
1978-08-13T07:00:00,2.59
1978-08-14T07:00:00,2.61
1978-08-15T07:00:00,2.63
1978-08-16T07:00:00,2.56
1978-08-17T07:00:00,2.43
1978-08-18T07:00:00,2.37
1978-08-19T07:00:00,2.37
1978-08-20T07:00:00,2.35
1978-08-21T07:00:00,2.33
1978-08-22T07:00:00,2.25
1978-08-23T07:00:00,2.26
1978-08-24T07:00:00,2.18
1978-08-25T07:00:00,2.08
1978-08-26T07:00:00,2.06
1978-08-27T07:00:00,1.96
1978-08-28T07:00:00,1.95
1978-08-29T07:00:00,1.89
1978-08-30T07:00:00,1.92
1978-08-31T07:00:00,2
1978-09-01T07:00:00,1.95
1978-09-02T07:00:00,1.79
1978-09-03T07:00:00,1.84
1978-09-04T07:00:00,1.93
1978-09-05T07:00:00,1.95
1978-09-06T07:00:00,1.9
1978-09-07T07:00:00,1.7
1978-09-08T07:00:00,1.68
1978-09-09T07:00:00,1.65
1978-09-10T07:00:00,1.62
1978-09-11T07:00:00,1.65
1978-09-12T07:00:00,1.6
1978-09-13T07:00:00,1.6
1978-09-14T07:00:00,1.48
1978-09-15T07:00:00,1.31
1978-09-16T07:00:00,1.36
1978-09-17T07:00:00,1.36
1978-09-18T07:00:00,1.37
1978-09-19T07:00:00,1.43
1978-09-20T07:00:00,1.6
1978-09-21T07:00:00,1.58
1978-09-22T07:00:00,1.83
1978-09-23T07:00:00,2.23
1978-09-24T07:00:00,2.37
1978-09-25T07:00:00,2.66
1978-09-26T07:00:00,2.56
1978-09-27T07:00:00,2.58
1978-09-28T07:00:00,2.58
1978-09-29T07:00:00,2.58
1978-09-30T07:00:00,2.6
1978-10-01T07:00:00,2.55
1978-10-02T07:00:00,2.57
1978-10-03T07:00:00,2.7
1978-10-04T07:00:00,2.75
1978-10-05T07:00:00,2.7
1978-10-06T07:00:00,2.6
1978-10-07T07:00:00,2.6
1978-10-08T07:00:00,2.57
1978-10-09T07:00:00,2.5
1978-10-10T07:00:00,2.35
1978-10-11T07:00:00,2.35
1978-10-12T07:00:00,2.28
1978-10-13T07:00:00,2.3
1978-10-14T07:00:00,2.29
1978-10-15T07:00:00,2.23
1978-10-16T07:00:00,2.03
1978-10-17T07:00:00,2
1978-10-18T07:00:00,1.9
1978-10-19T07:00:00,1.8
1978-10-20T07:00:00,1.72
1978-10-21T07:00:00,1.67
1978-10-22T07:00:00,1.64
1978-10-23T07:00:00,1.5
1978-10-24T07:00:00,1.46
1978-10-25T07:00:00,1.45
1978-10-26T07:00:00,1.45
1978-10-27T07:00:00,1.45
1978-10-28T07:00:00,1.43
1978-10-29T07:00:00,1.31
1978-10-30T07:00:00,1.5
1978-10-31T07:00:00,1.54
1978-11-01T07:00:00,1.64
1978-11-02T07:00:00,1.66
1978-11-03T07:00:00,1.67
1978-11-04T07:00:00,1.75
1978-11-05T07:00:00,1.79
1978-11-06T07:00:00,1.7
1978-11-07T07:00:00,1.88
1978-11-08T07:00:00,1.87
1978-11-09T07:00:00,1.81
1978-11-10T07:00:00,1.78
1978-11-11T07:00:00,1.85
1978-11-12T07:00:00,1.87
1978-11-13T07:00:00,1.94
1978-11-14T07:00:00,2
1978-11-15T07:00:00,1.98
1978-11-16T07:00:00,1.9
1978-11-17T07:00:00,1.86
1978-11-18T07:00:00,1.93
1978-11-19T07:00:00,1.98
1978-11-20T07:00:00,2
1978-11-21T07:00:00,1.98
1978-11-22T07:00:00,2
1978-11-23T07:00:00,2.05
1978-11-24T07:00:00,2.1
1978-11-25T07:00:00,2.3
1978-11-26T07:00:00,2.3
1978-11-27T07:00:00,2.3
1978-11-28T07:00:00,2.29
1978-11-29T07:00:00,2.28
1978-11-30T07:00:00,2.3
1978-12-01T07:00:00,2.3
1978-12-02T07:00:00,2.45
1978-12-03T07:00:00,2.48
1978-12-04T07:00:00,2.65
1978-12-05T07:00:00,2.91
1978-12-06T07:00:00,2.95
1978-12-07T07:00:00,2.88
1978-12-08T07:00:00,2.9
1978-12-09T07:00:00,2.8
1978-12-10T07:00:00,2.8
1978-12-11T07:00:00,2.87
1978-12-12T07:00:00,2.8
1978-12-13T07:00:00,2.75
1978-12-14T07:00:00,2.79
1978-12-15T07:00:00,2.8
1978-12-16T07:00:00,2.79
1978-12-17T07:00:00,2.8
1978-12-18T07:00:00,2.78
1978-12-19T07:00:00,2.63
1978-12-20T07:00:00,2.62
1978-12-21T07:00:00,2.6
1978-12-22T07:00:00,2.46
1978-12-23T07:00:00,2.33
1978-12-24T07:00:00,2.37
1978-12-25T07:00:00,2.35
1978-12-26T07:00:00,2.3
1978-12-27T07:00:00,2.2
1978-12-28T07:00:00,2.15
1978-12-29T07:00:00,2.11
1978-12-30T07:00:00,2
1978-12-31T07:00:00,2.05
1979-01-01T07:00:00,2
1979-01-02T07:00:00,1.91
1979-01-03T07:00:00,1.9
1979-01-04T07:00:00,2.02
1979-01-05T07:00:00,1.92
1979-01-06T07:00:00,1.9
1979-01-07T07:00:00,1.83
1979-01-08T07:00:00,1.8
1979-01-09T07:00:00,1.7
1979-01-10T07:00:00,1.65
1979-01-11T07:00:00,1.63
1979-01-12T07:00:00,1.6
1979-01-13T07:00:00,1.65
1979-01-14T07:00:00,1.64
1979-01-15T07:00:00,1.6
1979-01-16T07:00:00,1.69
1979-01-17T07:00:00,1.72
1979-01-18T07:00:00,1.75
1979-01-19T07:00:00,1.78
1979-01-20T07:00:00,1.88
1979-01-21T07:00:00,1.9
1979-01-22T07:00:00,1.88
1979-01-23T07:00:00,1.8
1979-01-24T07:00:00,1.8
1979-01-25T07:00:00,1.86
1979-01-26T07:00:00,1.9
1979-01-27T07:00:00,1.96
1979-01-28T07:00:00,2.1
1979-01-29T07:00:00,2.3
1979-01-30T07:00:00,2.3
1979-01-31T07:00:00,2.36
1979-02-01T07:00:00,2.38
1979-02-02T07:00:00,2.38
1979-02-03T07:00:00,2.4
1979-02-04T07:00:00,2.38
1979-02-05T07:00:00,2.41
1979-02-06T07:00:00,2.4
1979-02-07T07:00:00,2.41
1979-02-08T07:00:00,2.53
1979-02-09T07:00:00,2.6
1979-02-10T07:00:00,2.58
1979-02-11T07:00:00,2.58
1979-02-12T07:00:00,2.62
1979-02-13T07:00:00,2.55
1979-02-14T07:00:00,2.52
1979-02-15T07:00:00,2.52
1979-02-16T07:00:00,2.6
1979-02-17T07:00:00,2.8
1979-02-18T07:00:00,2.83
1979-02-19T07:00:00,2.87
1979-02-20T07:00:00,2.86
1979-02-21T07:00:00,2.79
1979-02-22T07:00:00,2.79
1979-02-23T07:00:00,2.8
1979-02-24T07:00:00,2.85
1979-02-25T07:00:00,2.72
1979-02-26T07:00:00,2.74
1979-02-27T07:00:00,2.7
1979-02-28T07:00:00,2.89
1979-03-01T07:00:00,2.88
1979-03-02T07:00:00,2.98
1979-03-03T07:00:00,2.96
1979-03-04T07:00:00,2.96
1979-03-05T07:00:00,3.02
1979-03-06T07:00:00,3.08
1979-03-07T07:00:00,3.09
1979-03-08T07:00:00,3.1
1979-03-09T07:00:00,3.15
1979-03-10T07:00:00,3.13
1979-03-11T07:00:00,3.13
1979-03-12T07:00:00,3.12
1979-03-13T07:00:00,3.1
1979-03-14T07:00:00,3.1
1979-03-15T07:00:00,3.08
1979-03-16T07:00:00,3.04
1979-03-17T07:00:00,3.02
1979-03-18T07:00:00,2.97
1979-03-19T07:00:00,3.1
1979-03-20T07:00:00,3.09
1979-03-21T07:00:00,3.1
1979-03-22T07:00:00,3.16
1979-03-23T07:00:00,3.17
1979-03-24T07:00:00,3.17
1979-03-25T07:00:00,3.15
1979-03-26T07:00:00,3.08
1979-03-27T07:00:00,3.06
1979-03-28T07:00:00,3.03
1979-03-29T07:00:00,3
1979-03-30T07:00:00,2.97
1979-03-31T07:00:00,3.02
1979-04-01T07:00:00,3.02
1979-04-02T07:00:00,2.96
1979-04-03T07:00:00,2.96
1979-04-04T07:00:00,3.05
1979-04-05T07:00:00,3.07
1979-04-06T07:00:00,3.08
1979-04-07T07:00:00,3.08
1979-04-08T07:00:00,3.08
1979-04-09T07:00:00,3.02
1979-04-10T07:00:00,2.98
1979-04-11T07:00:00,2.98
1979-04-12T07:00:00,3.02
1979-04-13T07:00:00,3.03
1979-04-14T07:00:00,3.02
1979-04-15T07:00:00,2.99
1979-04-16T07:00:00,2.94
1979-04-17T07:00:00,2.9
1979-04-18T07:00:00,2.89
1979-04-19T07:00:00,2.86
1979-04-20T07:00:00,2.83
1979-04-21T07:00:00,2.83
1979-04-22T07:00:00,2.84
1979-04-23T07:00:00,2.78
1979-04-24T07:00:00,2.78
1979-04-25T07:00:00,2.75
1979-04-26T07:00:00,2.72
1979-04-27T07:00:00,2.74
1979-04-28T07:00:00,2.72
1979-04-29T07:00:00,2.7
1979-04-30T07:00:00,2.65
1979-05-01T07:00:00,2.59
1979-05-02T07:00:00,2.64
1979-05-03T07:00:00,2.65
1979-05-04T07:00:00,2.59
1979-05-05T07:00:00,2.57
1979-05-06T07:00:00,2.55
1979-05-07T07:00:00,2.46
1979-05-08T07:00:00,2.45
1979-05-09T07:00:00,2.53
1979-05-10T07:00:00,2.45
1979-05-11T07:00:00,2.36
1979-05-12T07:00:00,2.35
1979-05-13T07:00:00,2.32
1979-05-14T07:00:00,2.28
1979-05-15T07:00:00,2.24
1979-05-16T07:00:00,2.24
1979-05-17T07:00:00,2.21
1979-05-18T07:00:00,2.29
1979-05-19T07:00:00,2.3
1979-05-20T07:00:00,2.33
1979-05-21T07:00:00,2.45
1979-05-22T07:00:00,2.49
1979-05-23T07:00:00,2.66
1979-05-24T07:00:00,2.7
1979-05-25T07:00:00,2.71
1979-05-26T07:00:00,2.72
1979-05-27T07:00:00,2.7
1979-05-28T07:00:00,2.81
1979-05-29T07:00:00,2.81
1979-05-30T07:00:00,2.87
1979-05-31T07:00:00,2.97
1979-06-01T07:00:00,3.03
1979-06-02T07:00:00,3.02
1979-06-03T07:00:00,3.03
1979-06-04T07:00:00,3.05
1979-06-05T07:00:00,3.1
1979-06-06T07:00:00,3.18
1979-06-07T07:00:00,3.2
1979-06-08T07:00:00,3.29
1979-06-09T07:00:00,3.2
1979-06-10T07:00:00,3.22
1979-06-11T07:00:00,3.24
1979-06-12T07:00:00,3.24
1979-06-13T07:00:00,3.2
1979-06-14T07:00:00,3.2
1979-06-15T07:00:00,3.27
1979-06-16T07:00:00,3.26
1979-06-17T07:00:00,3.23
1979-06-18T07:00:00,3.22
1979-06-19T07:00:00,3.23
1979-06-20T07:00:00,3.25
1979-06-21T07:00:00,3.27
1979-06-22T07:00:00,3.29
1979-06-23T07:00:00,3.3
1979-06-24T07:00:00,3.3
1979-06-25T07:00:00,3.28
1979-06-26T07:00:00,3.24
1979-06-27T07:00:00,3.21
1979-06-28T07:00:00,3.2
1979-06-29T07:00:00,3.2
1979-06-30T07:00:00,3.25
1979-07-01T07:00:00,3.26
1979-07-02T07:00:00,3.29
1979-07-03T07:00:00,3.29
1979-07-04T07:00:00,3.26
1979-07-05T07:00:00,3.19
1979-07-06T07:00:00,3.18
1979-07-07T07:00:00,3.18
1979-07-08T07:00:00,3.15
1979-07-09T07:00:00,3.15
1979-07-10T07:00:00,3.17
1979-07-11T07:00:00,3.11
1979-07-12T07:00:00,3.08
1979-07-13T07:00:00,3.05
1979-07-14T07:00:00,3.04
1979-07-15T07:00:00,3.06
1979-07-16T07:00:00,3.05
1979-07-17T07:00:00,3.09
1979-07-18T07:00:00,3.07
1979-07-19T07:00:00,3.02
1979-07-20T07:00:00,3.05
1979-07-21T07:00:00,3.07
1979-07-22T07:00:00,3.02
1979-07-23T07:00:00,3
1979-07-24T07:00:00,3.04
1979-07-25T07:00:00,3
1979-07-26T07:00:00,3.02
1979-07-27T07:00:00,3.02
1979-07-28T07:00:00,2.99
1979-07-29T07:00:00,2.98
1979-07-30T07:00:00,2.95
1979-07-31T07:00:00,3
1979-08-01T07:00:00,2.9
1979-08-02T07:00:00,2.89
1979-08-03T07:00:00,2.92
1979-08-04T07:00:00,2.92
1979-08-05T07:00:00,2.89
1979-08-06T07:00:00,2.87
1979-08-07T07:00:00,2.87
1979-08-08T07:00:00,2.8
1979-08-09T07:00:00,2.78
1979-08-10T07:00:00,2.8
1979-08-11T07:00:00,2.8
1979-08-12T07:00:00,2.86
1979-08-13T07:00:00,2.85
1979-08-14T07:00:00,2.79
1979-08-15T07:00:00,2.79
1979-08-16T07:00:00,2.76
1979-08-17T07:00:00,2.7
1979-08-18T07:00:00,2.69
1979-08-19T07:00:00,2.68
1979-08-20T07:00:00,2.68
1979-08-21T07:00:00,2.64
1979-08-22T07:00:00,2.61
1979-08-23T07:00:00,2.6
1979-08-24T07:00:00,2.66
1979-08-25T07:00:00,2.66
1979-08-26T07:00:00,2.65
1979-08-27T07:00:00,2.71
1979-08-28T07:00:00,2.74
1979-08-29T07:00:00,2.68
1979-08-30T07:00:00,2.72
1979-08-31T07:00:00,2.78
1979-09-01T07:00:00,2.73
1979-09-02T07:00:00,2.74
1979-09-03T07:00:00,2.81
1979-09-04T07:00:00,2.81
1979-09-05T07:00:00,2.88
1979-09-06T07:00:00,2.88
1979-09-07T07:00:00,2.94
1979-09-08T07:00:00,2.96
1979-09-09T07:00:00,3
1979-09-10T07:00:00,3
1979-09-11T07:00:00,3
1979-09-12T07:00:00,2.98
1979-09-13T07:00:00,3.02
1979-09-14T07:00:00,2.98
1979-09-15T07:00:00,3.02
1979-09-16T07:00:00,2.98
1979-09-17T07:00:00,2.93
1979-09-18T07:00:00,2.97
1979-09-19T07:00:00,3.02
1979-09-20T07:00:00,2.97
1979-09-21T07:00:00,2.94
1979-09-22T07:00:00,2.9
1979-09-23T07:00:00,2.93
1979-09-24T07:00:00,2.98
1979-09-25T07:00:00,3
1979-09-26T07:00:00,3.06
1979-09-27T07:00:00,3.06
1979-09-28T07:00:00,3.08
1979-09-29T07:00:00,3.12
1979-09-30T07:00:00,3.15
1979-10-01T07:00:00,3.17
1979-10-02T07:00:00,3.22
1979-10-03T07:00:00,3.24
1979-10-04T07:00:00,3.24
1979-10-05T07:00:00,3.26
1979-10-06T07:00:00,3.27
1979-10-07T07:00:00,3.28
1979-10-08T07:00:00,3.29
1979-10-09T07:00:00,3.29
1979-10-10T07:00:00,3.3
1979-10-11T07:00:00,3.39
1979-10-12T07:00:00,3.39
1979-10-13T07:00:00,3.39
1979-10-14T07:00:00,3.36
1979-10-15T07:00:00,3.37
1979-10-16T07:00:00,3.41
1979-10-17T07:00:00,3.42
1979-10-18T07:00:00,3.43
1979-10-19T07:00:00,3.44
1979-10-20T07:00:00,3.46
1979-10-21T07:00:00,3.47
1979-10-22T07:00:00,3.47
1979-10-23T07:00:00,3.47
1979-10-24T07:00:00,3.47
1979-10-25T07:00:00,3.48
1979-10-26T07:00:00,3.48
1979-10-27T07:00:00,3.48
1979-10-28T07:00:00,3.44
1979-10-29T07:00:00,3.44
1979-10-30T07:00:00,3.5
1979-10-31T07:00:00,3.5
1979-11-01T07:00:00,3.49
1979-11-02T07:00:00,3.48
1979-11-03T07:00:00,3.47
1979-11-04T07:00:00,3.49
1979-11-05T07:00:00,3.49
1979-11-06T07:00:00,3.51
1979-11-07T07:00:00,3.51
1979-11-08T07:00:00,3.5
1979-11-09T07:00:00,3.57
1979-11-10T07:00:00,3.58
1979-11-11T07:00:00,3.6
1979-11-12T07:00:00,3.61
1979-11-13T07:00:00,3.6
1979-11-14T07:00:00,3.61
1979-11-15T07:00:00,3.66
1979-11-16T07:00:00,3.66
1979-11-17T07:00:00,3.67
1979-11-18T07:00:00,3.73
1979-11-19T07:00:00,3.74
1979-11-20T07:00:00,3.78
1979-11-21T07:00:00,3.79
1979-11-22T07:00:00,3.79
1979-11-23T07:00:00,3.78
1979-11-24T07:00:00,3.79
1979-11-25T07:00:00,3.79
1979-11-26T07:00:00,3.78
1979-11-27T07:00:00,3.82
1979-11-28T07:00:00,3.82
1979-11-29T07:00:00,3.82
1979-11-30T07:00:00,3.82
1979-12-01T07:00:00,3.82
1979-12-02T07:00:00,3.85
1979-12-03T07:00:00,3.87
1979-12-04T07:00:00,3.87
1979-12-05T07:00:00,3.87
1979-12-06T07:00:00,3.88
1979-12-07T07:00:00,3.87
1979-12-08T07:00:00,3.87
1979-12-09T07:00:00,3.86
1979-12-10T07:00:00,3.87
1979-12-11T07:00:00,3.85
1979-12-12T07:00:00,3.85
1979-12-13T07:00:00,3.85
1979-12-14T07:00:00,3.91
1979-12-15T07:00:00,3.91
1979-12-16T07:00:00,3.92
1979-12-17T07:00:00,3.9
1979-12-18T07:00:00,3.89
1979-12-19T07:00:00,3.87
1979-12-20T07:00:00,3.84
1979-12-21T07:00:00,3.83
1979-12-22T07:00:00,3.8
1979-12-23T07:00:00,3.82
1979-12-24T07:00:00,3.8
1979-12-25T07:00:00,3.79
1979-12-26T07:00:00,3.79
1979-12-27T07:00:00,3.79
1979-12-28T07:00:00,3.77
1979-12-29T07:00:00,3.75
1979-12-30T07:00:00,3.71
1979-12-31T07:00:00,3.71
1980-01-01T07:00:00,3.7
1980-01-02T07:00:00,3.68
1980-01-03T07:00:00,3.7
1980-01-04T07:00:00,3.7
1980-01-05T07:00:00,3.7
1980-01-06T07:00:00,3.7
1980-01-07T07:00:00,3.68
1980-01-08T07:00:00,3.68
1980-01-09T07:00:00,3.64
1980-01-10T07:00:00,3.64
1980-01-11T07:00:00,3.63
1980-01-12T07:00:00,3.63
1980-01-13T07:00:00,3.63
1980-01-14T07:00:00,3.59
1980-01-15T07:00:00,3.58
1980-01-16T07:00:00,3.56
1980-01-17T07:00:00,3.55
1980-01-18T07:00:00,3.55
1980-01-19T07:00:00,3.54
1980-01-20T07:00:00,3.53
1980-01-21T07:00:00,3.53
1980-01-22T07:00:00,3.52
1980-01-23T07:00:00,3.49
1980-01-24T07:00:00,3.49
1980-01-25T07:00:00,3.49
1980-01-26T07:00:00,3.49
1980-01-27T07:00:00,3.49
1980-01-28T07:00:00,3.48
1980-01-29T07:00:00,3.5
1980-01-30T07:00:00,3.49
1980-01-31T07:00:00,3.46
1980-02-01T07:00:00,3.46
1980-02-02T07:00:00,3.46
1980-02-03T07:00:00,3.45
1980-02-04T07:00:00,3.44
1980-02-05T07:00:00,3.43
1980-02-06T07:00:00,3.43
1980-02-07T07:00:00,3.39
1980-02-08T07:00:00,3.34
1980-02-09T07:00:00,3.35
1980-02-10T07:00:00,3.34
1980-02-11T07:00:00,3.37
1980-02-12T07:00:00,3.38
1980-02-13T07:00:00,3.35
1980-02-14T07:00:00,3.38
1980-02-15T07:00:00,3.42
1980-02-16T07:00:00,3.4
1980-02-17T07:00:00,3.42
1980-02-18T07:00:00,3.4
1980-02-19T07:00:00,3.47
1980-02-20T07:00:00,3.47
1980-02-21T07:00:00,3.49
1980-02-22T07:00:00,3.48
1980-02-23T07:00:00,3.48
1980-02-24T07:00:00,3.48
1980-02-25T07:00:00,3.48
1980-02-26T07:00:00,3.48
1980-02-27T07:00:00,3.48
1980-02-28T07:00:00,3.49
1980-02-29T07:00:00,3.51
1980-03-01T07:00:00,3.53
1980-03-02T07:00:00,3.57
1980-03-03T07:00:00,3.57
1980-03-04T07:00:00,3.59
1980-03-05T07:00:00,3.62
1980-03-06T07:00:00,3.62
1980-03-07T07:00:00,3.65
1980-03-08T07:00:00,3.67
1980-03-09T07:00:00,3.69
1980-03-10T07:00:00,3.69
1980-03-11T07:00:00,3.71
1980-03-12T07:00:00,3.75
1980-03-13T07:00:00,3.75
1980-03-14T07:00:00,3.79
1980-03-15T07:00:00,3.8
1980-03-16T07:00:00,3.77
1980-03-17T07:00:00,3.81
1980-03-18T07:00:00,3.83
1980-03-19T07:00:00,3.86
1980-03-20T07:00:00,3.88
1980-03-21T07:00:00,3.9
1980-03-22T07:00:00,3.91
1980-03-23T07:00:00,3.94
1980-03-24T07:00:00,3.95
1980-03-25T07:00:00,3.99
1980-03-26T07:00:00,4.03
1980-03-27T07:00:00,4.05
1980-03-28T07:00:00,4.07
1980-03-29T07:00:00,4.1
1980-03-30T07:00:00,4.12
1980-03-31T07:00:00,4.15
1980-04-01T07:00:00,4.2
1980-04-02T07:00:00,4.25
1980-04-03T07:00:00,4.3
1980-04-04T07:00:00,4.32
1980-04-05T07:00:00,4.31
1980-04-06T07:00:00,4.31
1980-04-07T07:00:00,4.34
1980-04-08T07:00:00,4.38
1980-04-09T07:00:00,4.4
1980-04-10T07:00:00,4.43
1980-04-11T07:00:00,4.43
1980-04-12T07:00:00,4.4
1980-04-13T07:00:00,4.39
1980-04-14T07:00:00,4.39
1980-04-15T07:00:00,4.39
1980-04-16T07:00:00,4.41
1980-04-17T07:00:00,4.41
1980-04-18T07:00:00,4.41
1980-04-19T07:00:00,4.32
1980-04-20T07:00:00,4.32
1980-04-21T07:00:00,4.32
1980-04-22T07:00:00,4.3
1980-04-23T07:00:00,4.3
1980-04-24T07:00:00,4.31
1980-04-25T07:00:00,4.24
1980-04-26T07:00:00,4.2
1980-04-27T07:00:00,4.17
1980-04-28T07:00:00,4.14
1980-04-29T07:00:00,4.1
1980-04-30T07:00:00,4.01
1980-05-01T07:00:00,3.98
1980-05-02T07:00:00,3.94
1980-05-03T07:00:00,3.92
1980-05-04T07:00:00,3.9
1980-05-05T07:00:00,3.88
1980-05-06T07:00:00,3.83
1980-05-07T07:00:00,3.8
1980-05-08T07:00:00,3.78
1980-05-09T07:00:00,3.75
1980-05-10T07:00:00,3.73
1980-05-11T07:00:00,3.73
1980-05-12T07:00:00,3.67
1980-05-13T07:00:00,3.67
1980-05-14T07:00:00,3.64
1980-05-15T07:00:00,3.65
1980-05-16T07:00:00,3.66
1980-05-17T07:00:00,3.66
1980-05-18T07:00:00,3.66
1980-05-19T07:00:00,3.61
1980-05-20T07:00:00,3.59
1980-05-21T07:00:00,3.56
1980-05-22T07:00:00,3.52
1980-05-23T07:00:00,3.5
1980-05-24T07:00:00,3.47
1980-05-25T07:00:00,3.45
1980-05-26T07:00:00,3.44
1980-05-27T07:00:00,3.42
1980-05-28T07:00:00,3.37
1980-05-29T07:00:00,3.36
1980-05-30T07:00:00,3.35
1980-05-31T07:00:00,3.34
1980-06-01T07:00:00,3.31
1980-06-02T07:00:00,3.27
1980-06-03T07:00:00,3.27
1980-06-04T07:00:00,3.29
1980-06-05T07:00:00,3.28
1980-06-06T07:00:00,3.3
1980-06-07T07:00:00,3.3
1980-06-08T07:00:00,3.28
1980-06-09T07:00:00,3.28
1980-06-10T07:00:00,3.31
1980-06-11T07:00:00,3.33
1980-06-12T07:00:00,3.37
1980-06-13T07:00:00,3.35
1980-06-14T07:00:00,3.35
1980-06-15T07:00:00,3.35
1980-06-16T07:00:00,3.4
1980-06-17T07:00:00,3.36
1980-06-18T07:00:00,3.35
1980-06-19T07:00:00,3.34
1980-06-20T07:00:00,3.37
1980-06-21T07:00:00,3.36
1980-06-22T07:00:00,3.34
1980-06-23T07:00:00,3.29
1980-06-24T07:00:00,3.28
1980-06-25T07:00:00,3.24
1980-06-26T07:00:00,3.24
1980-06-27T07:00:00,3.21
1980-06-28T07:00:00,3.21
1980-06-29T07:00:00,3.23
1980-06-30T07:00:00,3.18
1980-07-01T07:00:00,3.2
1980-07-02T07:00:00,3.2
1980-07-03T07:00:00,3.19
1980-07-04T07:00:00,3.2
1980-07-05T07:00:00,3.15
1980-07-06T07:00:00,3.15
1980-07-07T07:00:00,3.14
1980-07-08T07:00:00,3.1
1980-07-09T07:00:00,3.08
1980-07-10T07:00:00,3.02
1980-07-11T07:00:00,3
1980-07-12T07:00:00,2.98
1980-07-13T07:00:00,3.04
1980-07-14T07:00:00,3.05
1980-07-15T07:00:00,3.07
1980-07-16T07:00:00,3.1
1980-07-17T07:00:00,3.11
1980-07-18T07:00:00,3.09
1980-07-19T07:00:00,3.09
1980-07-20T07:00:00,3.1
1980-07-21T07:00:00,3.06
1980-07-22T07:00:00,3.02
1980-07-23T07:00:00,3.02
1980-07-24T07:00:00,3.02
1980-07-25T07:00:00,3
1980-07-26T07:00:00,3.04
1980-07-27T07:00:00,3.02
1980-07-28T07:00:00,3.07
1980-07-29T07:00:00,3.07
1980-07-30T07:00:00,3.06
1980-07-31T07:00:00,3.1
1980-08-01T07:00:00,3.1
1980-08-02T07:00:00,3.06
1980-08-03T07:00:00,3.05
1980-08-04T07:00:00,3.05
1980-08-05T07:00:00,3.03
1980-08-06T07:00:00,3.03
1980-08-07T07:00:00,3.04
1980-08-08T07:00:00,3.02
1980-08-09T07:00:00,3.02
1980-08-10T07:00:00,3.02
1980-08-11T07:00:00,3
1980-08-12T07:00:00,2.99
1980-08-13T07:00:00,3.03
1980-08-14T07:00:00,3.05
1980-08-15T07:00:00,3
1980-08-16T07:00:00,3
1980-08-17T07:00:00,3
1980-08-18T07:00:00,3
1980-08-19T07:00:00,3
1980-08-20T07:00:00,2.98
1980-08-21T07:00:00,2.96
1980-08-22T07:00:00,2.94
1980-08-23T07:00:00,2.92
1980-08-24T07:00:00,2.91
1980-08-25T07:00:00,2.88
1980-08-26T07:00:00,2.88
1980-08-27T07:00:00,2.92
1980-08-28T07:00:00,2.94
1980-08-29T07:00:00,2.89
1980-08-30T07:00:00,2.89
1980-08-31T07:00:00,2.84
1980-09-01T07:00:00,2.83
1980-09-02T07:00:00,2.83
1980-09-03T07:00:00,2.82
1980-09-04T07:00:00,2.79
1980-09-05T07:00:00,2.8
1980-09-06T07:00:00,2.85
1980-09-07T07:00:00,2.87
1980-09-08T07:00:00,2.8
1980-09-09T07:00:00,2.77
1980-09-10T07:00:00,2.8
1980-09-11T07:00:00,2.8
1980-09-12T07:00:00,2.76
1980-09-13T07:00:00,2.76
1980-09-14T07:00:00,2.77
1980-09-15T07:00:00,2.76
1980-09-16T07:00:00,2.87
1980-09-17T07:00:00,2.98
1980-09-18T07:00:00,2.94
1980-09-19T07:00:00,2.9
1980-09-20T07:00:00,2.9
1980-09-21T07:00:00,2.89
1980-09-22T07:00:00,2.95
1980-09-23T07:00:00,2.95
1980-09-24T07:00:00,2.95
1980-09-25T07:00:00,2.93
1980-09-26T07:00:00,2.93
1980-09-27T07:00:00,2.96
1980-09-28T07:00:00,2.9
1980-09-29T07:00:00,2.93
1980-09-30T07:00:00,2.94
1980-10-01T07:00:00,2.92
1980-10-02T07:00:00,2.92
1980-10-03T07:00:00,2.97
1980-10-04T07:00:00,3.09
1980-10-05T07:00:00,3.1
1980-10-06T07:00:00,3.15
1980-10-07T07:00:00,3.2
1980-10-08T07:00:00,3.17
1980-10-09T07:00:00,3.12
1980-10-10T07:00:00,3.12
1980-10-11T07:00:00,3.14
1980-10-12T07:00:00,3.15
1980-10-13T07:00:00,3.15
1980-10-14T07:00:00,3.15
1980-10-15T07:00:00,3.14
1980-10-16T07:00:00,3.14
1980-10-17T07:00:00,3.14
1980-10-18T07:00:00,3.12
1980-10-19T07:00:00,3.15
1980-10-20T07:00:00,3.17
1980-10-21T07:00:00,3.18
1980-10-22T07:00:00,3.13
1980-10-23T07:00:00,3.17
1980-10-24T07:00:00,3.2
1980-10-25T07:00:00,3.2
1980-10-26T07:00:00,3.19
1980-10-27T07:00:00,3.13
1980-10-28T07:00:00,3.11
1980-10-29T07:00:00,3.12
1980-10-30T07:00:00,3.12
1980-10-31T07:00:00,3.1
1980-11-01T07:00:00,3.13
1980-11-02T07:00:00,3.12
1980-11-03T07:00:00,3.1
1980-11-04T07:00:00,3.08
1980-11-05T07:00:00,3.15
1980-11-06T07:00:00,3.15
1980-11-07T07:00:00,3.18
1980-11-08T07:00:00,3.13
1980-11-09T07:00:00,3.09
1980-11-10T07:00:00,3.15
1980-11-11T07:00:00,3.14
1980-11-12T07:00:00,3.18
1980-11-13T07:00:00,3.15
1980-11-14T07:00:00,3.18
1980-11-15T07:00:00,3.16
1980-11-16T07:00:00,3.13
1980-11-17T07:00:00,3.12
1980-11-18T07:00:00,3.2
1980-11-19T07:00:00,3.17
1980-11-20T07:00:00,3.13
1980-11-21T07:00:00,3.13
1980-11-22T07:00:00,3.13
1980-11-23T07:00:00,3.21
1980-11-24T07:00:00,3.21
1980-11-25T07:00:00,3.22
1980-11-26T07:00:00,3.21
1980-11-27T07:00:00,3.21
1980-11-28T07:00:00,3.2
1980-11-29T07:00:00,3.2
1980-11-30T07:00:00,3.15
1980-12-01T07:00:00,3.15
1980-12-02T07:00:00,3.15
1980-12-03T07:00:00,3.1
1980-12-04T07:00:00,3.09
1980-12-05T07:00:00,3.1
1980-12-06T07:00:00,3.08
1980-12-07T07:00:00,3.06
1980-12-08T07:00:00,3.05
1980-12-09T07:00:00,3.02
1980-12-10T07:00:00,3
1980-12-11T07:00:00,2.97
1980-12-12T07:00:00,2.98
1980-12-13T07:00:00,3.02
1980-12-14T07:00:00,3.01
1980-12-15T07:00:00,2.93
1980-12-16T07:00:00,2.9
1980-12-17T07:00:00,2.97
1980-12-18T07:00:00,2.94
1980-12-19T07:00:00,2.93
1980-12-20T07:00:00,2.93
1980-12-21T07:00:00,2.93
1980-12-22T07:00:00,2.93
1980-12-23T07:00:00,2.9
1980-12-24T07:00:00,2.84
1980-12-25T07:00:00,2.83
1980-12-26T07:00:00,2.81
1980-12-27T07:00:00,2.8
1980-12-28T07:00:00,2.82
1980-12-29T07:00:00,2.8
1980-12-30T07:00:00,2.78
1980-12-31T07:00:00,2.8
1981-01-01T07:00:00,2.68
1981-01-02T07:00:00,2.62
1981-01-03T07:00:00,2.89
1981-01-04T07:00:00,2.9
1981-01-05T07:00:00,2.89
1981-01-06T07:00:00,2.9
1981-01-07T07:00:00,2.9
1981-01-08T07:00:00,3
1981-01-09T07:00:00,3.05
1981-01-10T07:00:00,3.05
1981-01-11T07:00:00,3.07
1981-01-12T07:00:00,3.07
1981-01-13T07:00:00,3.07
1981-01-14T07:00:00,3.1
1981-01-15T07:00:00,3.18
1981-01-16T07:00:00,3.22
1981-01-17T07:00:00,3.22
1981-01-18T07:00:00,3.2
1981-01-19T07:00:00,3.2
1981-01-20T07:00:00,3.31
1981-01-21T07:00:00,3.35
1981-01-22T07:00:00,3.38
1981-01-23T07:00:00,3.38
1981-01-24T07:00:00,3.39
1981-01-25T07:00:00,3.44
1981-01-26T07:00:00,3.45
1981-01-27T07:00:00,3.43
1981-01-28T07:00:00,3.41
1981-01-29T07:00:00,3.47
1981-01-30T07:00:00,3.47
1981-02-01T07:00:00,3.56
1981-02-02T07:00:00,3.63
1981-02-03T07:00:00,3.6
1981-02-04T07:00:00,3.58
1981-02-05T07:00:00,3.63
1981-02-06T07:00:00,3.63
1981-02-07T07:00:00,3.63
1981-02-08T07:00:00,3.68
1981-02-09T07:00:00,3.7
1981-02-10T07:00:00,3.72
1981-02-11T07:00:00,3.75
1981-02-12T07:00:00,3.74
1981-02-13T07:00:00,3.75
1981-02-14T07:00:00,3.78
1981-02-15T07:00:00,3.81
1981-02-16T07:00:00,3.83
1981-02-17T07:00:00,3.87
1981-02-18T07:00:00,3.88
1981-02-19T07:00:00,3.9
1981-02-20T07:00:00,3.93
1981-02-21T07:00:00,3.96
1981-02-22T07:00:00,3.98
1981-02-23T07:00:00,3.99
1981-02-24T07:00:00,3.99
1981-02-25T07:00:00,3.99
1981-02-26T07:00:00,4.05
1981-02-27T07:00:00,4.08
1981-02-28T07:00:00,4.12
1981-03-01T07:00:00,4.14
1981-03-02T07:00:00,4.2
1981-03-03T07:00:00,4.19
1981-03-04T07:00:00,4.22
1981-03-05T07:00:00,4.26
1981-03-06T07:00:00,4.29
1981-03-07T07:00:00,4.3
1981-03-08T07:00:00,4.3
1981-03-09T07:00:00,4.3
1981-03-10T07:00:00,4.3
1981-03-11T07:00:00,4.29
1981-03-12T07:00:00,4.3
1981-03-13T07:00:00,4.3
1981-03-14T07:00:00,4.31
1981-03-15T07:00:00,4.3
1981-03-16T07:00:00,4.3
1981-03-17T07:00:00,4.28
1981-03-18T07:00:00,4.29
1981-03-19T07:00:00,4.29
1981-03-20T07:00:00,4.24
1981-03-21T07:00:00,4.21
1981-03-22T07:00:00,4.2
1981-03-23T07:00:00,4.17
1981-03-24T07:00:00,4.11
1981-03-25T07:00:00,4.09
1981-03-26T07:00:00,4.08
1981-03-27T07:00:00,4.05
1981-03-28T07:00:00,4
1981-03-29T07:00:00,4
1981-03-30T07:00:00,4
1981-03-31T07:00:00,3.92
1981-04-01T07:00:00,3.9
1981-04-02T07:00:00,3.89
1981-04-03T07:00:00,3.87
1981-04-04T07:00:00,3.84
1981-04-05T07:00:00,3.8
1981-04-06T07:00:00,3.78
1981-04-07T07:00:00,3.75
1981-04-08T07:00:00,3.7
1981-04-09T07:00:00,3.65
1981-04-10T07:00:00,3.64
1981-04-11T07:00:00,3.61
1981-04-12T07:00:00,3.6
1981-04-13T07:00:00,3.62
1981-04-14T07:00:00,3.61
1981-04-15T07:00:00,3.59
1981-04-16T07:00:00,3.59
1981-04-17T07:00:00,3.56
1981-04-18T07:00:00,3.53
1981-04-19T07:00:00,3.5
1981-04-20T07:00:00,3.46
1981-04-21T07:00:00,3.46
1981-04-22T07:00:00,3.45
1981-04-23T07:00:00,3.42
1981-04-24T07:00:00,3.38
1981-04-25T07:00:00,3.36
1981-04-26T07:00:00,3.35
1981-04-27T07:00:00,3.32
1981-04-28T07:00:00,3.32
1981-04-29T07:00:00,3.29
1981-04-30T07:00:00,3.29
1981-05-01T07:00:00,3.26
1981-05-02T07:00:00,3.15
1981-05-03T07:00:00,3.12
1981-05-04T07:00:00,3.09
1981-05-05T07:00:00,3.05
1981-05-06T07:00:00,3.02
1981-05-07T07:00:00,3.05
1981-05-08T07:00:00,3.05
1981-05-09T07:00:00,3.09
1981-05-10T07:00:00,3.15
1981-05-11T07:00:00,3.18
1981-05-12T07:00:00,3.2
1981-05-13T07:00:00,3.42
1981-05-14T07:00:00,3.5
1981-05-15T07:00:00,3.49
1981-05-16T07:00:00,3.45
1981-05-17T07:00:00,3.4
1981-05-18T07:00:00,3.4
1981-05-19T07:00:00,3.4
1981-05-20T07:00:00,3.41
1981-05-21T07:00:00,3.45
1981-05-22T07:00:00,3.46
1981-05-23T07:00:00,3.45
1981-05-24T07:00:00,3.46
1981-05-25T07:00:00,3.45
1981-05-26T07:00:00,3.44
1981-05-27T07:00:00,3.46
1981-05-28T07:00:00,3.48
1981-05-30T07:00:00,3.43
1981-05-31T07:00:00,3.37
1981-06-01T07:00:00,3.32
1981-06-02T07:00:00,3.3
1981-06-03T07:00:00,3.3
1981-06-04T07:00:00,3.3
1981-06-05T07:00:00,3.27
1981-06-06T07:00:00,3.24
1981-06-07T07:00:00,3.21
1981-06-08T07:00:00,3.19
1981-06-09T07:00:00,3.16
1981-06-10T07:00:00,3.09
1981-06-11T07:00:00,3
1981-06-12T07:00:00,2.99
1981-06-13T07:00:00,2.94
1981-06-14T07:00:00,2.9
1981-06-15T07:00:00,2.88
1981-06-16T07:00:00,2.81
1981-06-17T07:00:00,2.8
1981-06-18T07:00:00,2.78
1981-06-19T07:00:00,2.79
1981-06-20T07:00:00,2.76
1981-06-21T07:00:00,2.71
1981-06-22T07:00:00,2.69
1981-06-23T07:00:00,2.68
1981-06-24T07:00:00,2.7
1981-06-25T07:00:00,2.66
1981-06-26T07:00:00,2.6
1981-06-27T07:00:00,2.68
1981-06-28T07:00:00,2.67
1981-06-29T07:00:00,2.65
1981-06-30T07:00:00,2.62
1981-07-01T07:00:00,2.58
1981-07-02T07:00:00,2.58
1981-07-03T07:00:00,2.63
1981-07-04T07:00:00,2.63
1981-07-05T07:00:00,2.62
1981-07-06T07:00:00,2.6
1981-07-07T07:00:00,2.6
1981-07-08T07:00:00,2.6
1981-07-09T07:00:00,2.55
1981-07-10T07:00:00,2.53
1981-07-11T07:00:00,2.5
1981-07-12T07:00:00,2.5
1981-07-13T07:00:00,2.5
1981-07-14T07:00:00,2.51
1981-07-15T07:00:00,2.51
1981-07-16T07:00:00,2.53
1981-07-17T07:00:00,2.68
1981-07-18T07:00:00,2.69
1981-07-19T07:00:00,2.67
1981-07-20T07:00:00,2.59
1981-07-21T07:00:00,2.44
1981-07-22T07:00:00,2.39
1981-07-23T07:00:00,2.32
1981-07-24T07:00:00,2.49
1981-07-25T07:00:00,2.28
1981-07-26T07:00:00,2.27
1981-07-27T07:00:00,2.15
1981-07-28T07:00:00,2.08
1981-07-29T07:00:00,1.9
1981-07-30T07:00:00,2.05
1981-07-31T07:00:00,2.02
1981-08-01T07:00:00,1.97
1981-08-02T07:00:00,1.95
1981-08-03T07:00:00,1.89
1981-08-04T07:00:00,1.85
1981-08-05T07:00:00,1.81
1981-08-06T07:00:00,1.8
1981-08-07T07:00:00,1.85
1981-08-08T07:00:00,1.9
1981-08-09T07:00:00,1.97
1981-08-10T07:00:00,1.99
1981-08-11T07:00:00,1.88
1981-08-12T07:00:00,1.83
1981-08-13T07:00:00,1.92
1981-08-14T07:00:00,1.82
1981-08-15T07:00:00,1.91
1981-08-16T07:00:00,1.92
1981-08-17T07:00:00,1.85
1981-08-18T07:00:00,1.85
1981-08-19T07:00:00,1.85
1981-08-20T07:00:00,1.94
1981-08-21T07:00:00,1.93
1981-08-22T07:00:00,1.84
1981-08-23T07:00:00,1.84
1981-08-24T07:00:00,1.84
1981-08-25T07:00:00,1.88
1981-08-26T07:00:00,1.88
1981-08-27T07:00:00,2
1981-08-28T07:00:00,1.95
1981-08-29T07:00:00,1.58
1981-08-30T07:00:00,1.9
1981-08-31T07:00:00,2.04
1981-09-01T07:00:00,2.04
1981-09-02T07:00:00,2.04
1981-09-03T07:00:00,1.88
1981-09-04T07:00:00,1.68
1981-09-05T07:00:00,1.6
1981-09-06T07:00:00,1.54
1981-09-07T07:00:00,1.46
1981-09-08T07:00:00,1.44
1981-09-09T07:00:00,1.4
1981-09-10T07:00:00,1.58
1981-09-11T07:00:00,1.52
1981-09-12T07:00:00,1.51
1981-09-13T07:00:00,1.7
1981-09-14T07:00:00,1.95
1981-09-15T07:00:00,1.95
1981-09-16T07:00:00,1.94
1981-09-17T07:00:00,1.72
1981-09-18T07:00:00,1.64
1981-09-19T07:00:00,1.64
1981-09-20T07:00:00,1.64
1981-09-21T07:00:00,1.65
1981-09-22T07:00:00,1.65
1981-09-23T07:00:00,1.56
1981-09-24T07:00:00,1.55
1981-09-25T07:00:00,1.5
1981-09-26T07:00:00,1.42
1981-09-27T07:00:00,1.39
1981-09-28T07:00:00,1.37
1981-09-29T07:00:00,1.6
1981-09-30T07:00:00,1.58
1981-10-01T07:00:00,1.66
1981-10-02T07:00:00,1.49
1981-10-03T07:00:00,1.41
1981-10-04T07:00:00,1.7
1981-10-05T07:00:00,1.89
1981-10-06T07:00:00,1.76
1981-10-07T07:00:00,1.69
1981-10-08T07:00:00,1.5
1981-10-09T07:00:00,1.48
1981-10-10T07:00:00,1.44
1981-10-11T07:00:00,1.46
1981-10-12T07:00:00,1.32
1981-10-13T07:00:00,1.3
1981-10-14T07:00:00,1.3
1981-10-15T07:00:00,1.3
1981-10-16T07:00:00,1.34
1981-10-17T07:00:00,1.7
1981-10-18T07:00:00,1.76
1981-10-19T07:00:00,1.7
1981-10-20T07:00:00,1.5
1981-10-21T07:00:00,1.66
1981-10-22T07:00:00,1.65
1981-10-23T07:00:00,1.76
1981-10-24T07:00:00,1.73
1981-10-25T07:00:00,1.67
1981-10-26T07:00:00,1.78
1981-10-27T07:00:00,1.77
1981-10-28T07:00:00,1.62
1981-10-29T07:00:00,1.74
1981-10-30T07:00:00,1.6
1981-10-31T07:00:00,1.61
1981-11-01T07:00:00,1.7
1981-11-02T07:00:00,1.76
1981-11-03T07:00:00,1.78
1981-11-04T07:00:00,1.78
1981-11-05T07:00:00,2.06
1981-11-06T07:00:00,2.13
1981-11-07T07:00:00,2.05
1981-11-08T07:00:00,1.94
1981-11-09T07:00:00,1.78
1981-11-10T07:00:00,1.7
1981-11-11T07:00:00,1.9
1981-11-12T07:00:00,1.94
1981-11-13T07:00:00,1.8
1981-11-14T07:00:00,1.79
1981-11-15T07:00:00,1.78
1981-11-16T07:00:00,1.78
1981-11-17T07:00:00,1.77
1981-11-18T07:00:00,1.71
1981-11-19T07:00:00,1.7
1981-11-20T07:00:00,1.82
1981-11-21T07:00:00,1.79
1981-11-22T07:00:00,1.65
1981-11-23T07:00:00,1.8
1981-11-24T07:00:00,1.79
1981-11-25T07:00:00,1.8
1981-11-26T07:00:00,1.79
1981-11-27T07:00:00,1.78
1981-11-28T07:00:00,1.76
1981-11-30T07:00:00,1.74
1981-12-01T07:00:00,1.65
1981-12-02T07:00:00,1.74
1981-12-03T07:00:00,1.87
1981-12-04T07:00:00,1.74
1981-12-05T07:00:00,1.62
1981-12-06T07:00:00,1.58
1981-12-07T07:00:00,1.74
1981-12-08T07:00:00,1.93
1981-12-09T07:00:00,1.89
1981-12-10T07:00:00,1.88
1981-12-11T07:00:00,1.96
1981-12-12T07:00:00,2.02
1981-12-13T07:00:00,2.09
1981-12-14T07:00:00,2.18
1981-12-15T07:00:00,2.22
1981-12-16T07:00:00,2.28
1981-12-17T07:00:00,2.34
1981-12-18T07:00:00,2.37
1981-12-19T07:00:00,2.49
1981-12-20T07:00:00,2.5
1981-12-21T07:00:00,2.6
1981-12-22T07:00:00,2.71
1981-12-23T07:00:00,2.7
1981-12-24T07:00:00,2.68
1981-12-25T07:00:00,2.72
1981-12-26T07:00:00,2.76
1981-12-27T07:00:00,2.79
1981-12-28T07:00:00,2.8
1981-12-30T07:00:00,2.87
1981-12-31T07:00:00,2.9
1982-01-01T06:00:00,2.95
1982-01-02T06:00:00,3.02
1982-01-03T06:00:00,3.03
1982-01-04T06:00:00,2.99
1982-01-05T06:00:00,2.99
1982-01-06T06:00:00,3
1982-01-07T06:00:00,3.1
1982-01-08T06:00:00,3.13
1982-01-09T06:00:00,3.17
1982-01-10T06:00:00,3.13
1982-01-11T06:00:00,3.17
1982-01-12T06:00:00,3.2
1982-01-13T06:00:00,3.21
1982-01-14T06:00:00,3.2
1982-01-15T06:00:00,3.2
1982-01-16T06:00:00,3.21
1982-01-17T06:00:00,3.22
1982-01-18T06:00:00,3.21
1982-01-19T06:00:00,3.25
1982-01-20T06:00:00,3.27
1982-01-21T06:00:00,3.28
1982-01-22T06:00:00,3.22
1982-01-23T06:00:00,3.34
1982-01-24T06:00:00,3.35
1982-01-25T06:00:00,3.35
1982-01-26T06:00:00,3.35
1982-01-27T06:00:00,3.38
1982-01-28T06:00:00,3.4
1982-01-29T06:00:00,3.41
1982-01-30T06:00:00,3.44
1982-01-31T06:00:00,3.45
1982-02-01T06:00:00,3.48
1982-02-02T06:00:00,3.49
1982-02-03T06:00:00,3.52
1982-02-04T06:00:00,3.52
1982-02-05T06:00:00,3.57
1982-02-06T06:00:00,3.58
1982-02-07T06:00:00,3.55
1982-02-08T06:00:00,3.55
1982-02-09T06:00:00,3.6
1982-02-10T06:00:00,3.6
1982-02-11T06:00:00,3.59
1982-02-12T06:00:00,3.59
1982-02-13T06:00:00,3.6
1982-02-14T06:00:00,3.58
1982-02-15T06:00:00,3.61
1982-02-16T06:00:00,3.6
1982-02-17T06:00:00,3.58
1982-02-18T06:00:00,3.59
1982-02-19T06:00:00,3.61
1982-02-20T06:00:00,3.63
1982-02-21T06:00:00,3.7
1982-02-22T06:00:00,3.7
1982-02-23T06:00:00,3.7
1982-02-24T06:00:00,3.7
1982-02-25T06:00:00,3.7
1982-02-26T06:00:00,3.66
1982-02-27T06:00:00,3.64
1982-02-28T06:00:00,3.63
1982-03-01T06:00:00,3.65
1982-03-02T06:00:00,3.65
1982-03-03T06:00:00,3.66
1982-03-04T06:00:00,3.66
1982-03-05T06:00:00,3.66
1982-03-06T06:00:00,3.65
1982-03-07T06:00:00,3.66
1982-03-08T06:00:00,3.65
1982-03-09T06:00:00,3.66
1982-03-10T06:00:00,3.66
1982-03-11T06:00:00,3.65
1982-03-12T06:00:00,3.65
1982-03-13T06:00:00,3.68
1982-03-14T06:00:00,3.68
1982-03-15T06:00:00,3.68
1982-03-16T06:00:00,3.69
1982-03-17T06:00:00,3.69
1982-03-18T06:00:00,3.69
1982-03-19T06:00:00,3.67
1982-03-20T06:00:00,3.66
1982-03-21T06:00:00,3.66
1982-03-22T06:00:00,3.64
1982-03-23T06:00:00,3.61
1982-03-24T06:00:00,3.61
1982-03-25T06:00:00,3.61
1982-03-26T06:00:00,3.62
1982-03-27T06:00:00,3.62
1982-03-28T06:00:00,3.66
1982-03-29T06:00:00,3.67
1982-03-30T06:00:00,3.65
1982-03-31T06:00:00,3.64
1982-04-01T06:00:00,3.63
1982-04-02T06:00:00,3.63
1982-04-03T06:00:00,3.64
1982-04-04T06:00:00,3.66
1982-04-05T06:00:00,3.63
1982-04-06T06:00:00,3.64
1982-04-07T06:00:00,3.64
1982-04-08T06:00:00,3.62
1982-04-09T06:00:00,3.63
1982-04-10T06:00:00,3.61
1982-04-11T06:00:00,3.6
1982-04-12T06:00:00,3.6
1982-04-13T06:00:00,3.61
1982-04-14T06:00:00,3.6
1982-04-15T06:00:00,3.59
1982-04-16T06:00:00,3.61
1982-04-17T06:00:00,3.63
1982-04-18T06:00:00,3.65
1982-04-19T06:00:00,3.65
1982-04-20T06:00:00,3.66
1982-04-21T06:00:00,3.66
1982-04-22T06:00:00,3.64
1982-04-23T06:00:00,3.69
1982-04-24T06:00:00,3.7
1982-04-25T06:00:00,3.7
1982-04-26T06:00:00,3.68
1982-04-27T06:00:00,3.73
1982-04-28T06:00:00,3.79
1982-04-29T06:00:00,3.79
1982-04-30T06:00:00,3.77
1982-05-01T06:00:00,3.79
1982-05-02T06:00:00,3.8
1982-05-03T06:00:00,3.82
1982-05-04T06:00:00,3.84
1982-05-05T06:00:00,3.82
1982-05-06T06:00:00,3.83
1982-05-07T06:00:00,3.82
1982-05-08T06:00:00,3.85
1982-05-09T06:00:00,3.89
1982-05-10T06:00:00,3.88
1982-05-11T06:00:00,3.89
1982-05-12T06:00:00,3.88
1982-05-13T06:00:00,3.89
1982-05-14T06:00:00,3.89
1982-05-15T06:00:00,3.89
1982-05-16T06:00:00,3.9
1982-05-17T06:00:00,3.91
1982-05-18T06:00:00,3.91
1982-05-19T06:00:00,3.89
1982-05-20T06:00:00,3.9
1982-05-21T06:00:00,3.88
1982-05-22T06:00:00,3.87
1982-05-23T06:00:00,3.86
1982-05-24T06:00:00,3.84
1982-05-25T06:00:00,3.82
1982-05-26T06:00:00,3.8
1982-05-27T06:00:00,3.78
1982-05-28T06:00:00,3.76
1982-05-29T06:00:00,3.7
1982-05-30T06:00:00,3.68
1982-05-31T06:00:00,3.65
1982-06-01T06:00:00,3.63
1982-06-02T06:00:00,3.61
1982-06-03T06:00:00,3.59
1982-06-04T06:00:00,3.56
1982-06-05T06:00:00,3.54
1982-06-06T06:00:00,3.52
1982-06-07T06:00:00,3.51
1982-06-08T06:00:00,3.5
1982-06-09T06:00:00,3.48
1982-06-10T06:00:00,3.41
1982-06-11T06:00:00,3.4
1982-06-12T06:00:00,3.39
1982-06-13T06:00:00,3.38
1982-06-14T06:00:00,3.38
1982-06-15T06:00:00,3.36
1982-06-16T06:00:00,3.38
1982-06-17T06:00:00,3.42
1982-06-18T06:00:00,3.4
1982-06-19T06:00:00,3.4
1982-06-20T06:00:00,3.45
1982-06-21T06:00:00,3.49
1982-06-22T06:00:00,3.49
1982-06-23T06:00:00,3.49
1982-06-24T06:00:00,3.49
1982-06-25T06:00:00,3.49
1982-06-26T06:00:00,3.48
1982-06-27T06:00:00,3.48
1982-06-28T06:00:00,3.47
1982-06-29T06:00:00,3.45
1982-06-30T06:00:00,3.45
1982-07-01T06:00:00,3.46
1982-07-02T06:00:00,3.48
1982-07-03T06:00:00,3.49
1982-07-04T06:00:00,3.49
1982-07-05T06:00:00,3.49
1982-07-06T06:00:00,3.52
1982-07-07T06:00:00,3.54
1982-07-08T06:00:00,3.55
1982-07-09T06:00:00,3.57
1982-07-10T06:00:00,3.57
1982-07-11T06:00:00,3.57
1982-07-12T06:00:00,3.58
1982-07-13T06:00:00,3.6
1982-07-14T06:00:00,3.59
1982-07-15T06:00:00,3.61
1982-07-16T06:00:00,3.61
1982-07-17T06:00:00,3.61
1982-07-18T06:00:00,3.59
1982-07-19T06:00:00,3.6
1982-07-20T06:00:00,3.63
1982-07-21T06:00:00,3.65
1982-07-22T06:00:00,3.65
1982-07-23T06:00:00,3.7
1982-07-24T06:00:00,3.75
1982-07-25T06:00:00,3.77
1982-07-26T06:00:00,3.77
1982-07-27T06:00:00,3.77
1982-07-28T06:00:00,3.82
1982-07-29T06:00:00,3.82
1982-07-30T06:00:00,3.84
1982-07-31T06:00:00,3.89
1982-08-01T06:00:00,3.91
1982-08-02T06:00:00,3.92
1982-08-03T06:00:00,3.93
1982-08-04T06:00:00,3.97
1982-08-05T06:00:00,3.99
1982-08-06T06:00:00,3.99
1982-08-07T06:00:00,3.99
1982-08-08T06:00:00,4
1982-08-09T06:00:00,4.08
1982-08-10T06:00:00,4.11
1982-08-11T06:00:00,4.16
1982-08-12T06:00:00,4.22
1982-08-13T06:00:00,4.31
1982-08-14T06:00:00,4.35
1982-08-15T06:00:00,4.35
1982-08-16T06:00:00,4.39
1982-08-17T06:00:00,4.46
1982-08-18T06:00:00,4.46
1982-08-19T06:00:00,4.44
1982-08-20T06:00:00,4.54
1982-08-21T06:00:00,4.56
1982-08-22T06:00:00,4.55
1982-08-23T06:00:00,4.6
1982-08-24T06:00:00,4.6
1982-08-25T06:00:00,4.6
1982-08-26T06:00:00,4.6
1982-08-27T06:00:00,4.6
1982-08-28T06:00:00,4.61
1982-08-29T06:00:00,4.61
1982-08-30T06:00:00,4.53
1982-08-31T06:00:00,4.54
1982-09-01T06:00:00,4.53
1982-09-02T06:00:00,4.56
1982-09-03T06:00:00,4.52
1982-09-04T06:00:00,4.5
1982-09-05T06:00:00,4.43
1982-09-06T06:00:00,4.38
1982-09-07T06:00:00,4.44
1982-09-08T06:00:00,4.44
1982-09-09T06:00:00,4.41
1982-09-10T06:00:00,4.32
1982-09-11T06:00:00,4.32
1982-09-12T06:00:00,4.33
1982-09-13T06:00:00,4.33
1982-09-14T06:00:00,4.32
1982-09-15T06:00:00,4.29
1982-09-16T06:00:00,4.25
1982-09-17T06:00:00,4.26
1982-09-18T06:00:00,4.3
1982-09-19T06:00:00,4.31
1982-09-20T06:00:00,4.33
1982-09-21T06:00:00,4.34
1982-09-22T06:00:00,4.32
1982-09-23T06:00:00,4.31
1982-09-24T06:00:00,4.3
1982-09-25T06:00:00,4.24
1982-09-26T06:00:00,4.21
1982-09-27T06:00:00,4.19
1982-09-28T06:00:00,4.16
1982-09-29T06:00:00,4.14
1982-09-30T06:00:00,4.15
1982-10-01T06:00:00,4.14
1982-10-02T06:00:00,4.09
1982-10-03T06:00:00,4.05
1982-10-04T06:00:00,4.04
1982-10-05T06:00:00,4
1982-10-06T06:00:00,4
1982-10-07T06:00:00,4
1982-10-08T06:00:00,3.95
1982-10-09T06:00:00,3.92
1982-10-10T06:00:00,3.9
1982-10-11T06:00:00,3.88
1982-10-12T06:00:00,3.85
1982-10-13T06:00:00,3.8
1982-10-14T06:00:00,3.77
1982-10-15T06:00:00,3.78
1982-10-16T06:00:00,3.75
1982-10-17T06:00:00,3.75
1982-10-18T06:00:00,3.7
1982-10-19T06:00:00,3.67
1982-10-20T06:00:00,3.68
1982-10-21T06:00:00,3.67
1982-10-22T06:00:00,3.68
1982-10-23T06:00:00,3.68
1982-10-24T06:00:00,3.63
1982-10-25T06:00:00,3.63
1982-10-26T06:00:00,3.6
1982-10-27T06:00:00,3.58
1982-10-28T06:00:00,3.52
1982-10-29T06:00:00,3.5
1982-10-30T06:00:00,3.4
1982-10-31T06:00:00,3.38
1982-11-01T06:00:00,3.38
1982-11-02T06:00:00,3.35
1982-11-03T06:00:00,3.18
1982-11-04T06:00:00,3.14
1982-11-05T06:00:00,3.08
1982-11-06T06:00:00,3
1982-11-07T06:00:00,2.95
1982-11-08T06:00:00,2.89
1982-11-09T06:00:00,2.96
1982-11-10T06:00:00,2.96
1982-11-11T06:00:00,2.91
1982-11-12T06:00:00,2.96
1982-11-13T06:00:00,3
1982-11-14T06:00:00,3.04
1982-11-15T06:00:00,3.06
1982-11-16T06:00:00,3.17
1982-11-17T06:00:00,3.1
1982-11-18T06:00:00,3.12
1982-11-19T06:00:00,3.1
1982-11-20T06:00:00,3.11
1982-11-21T06:00:00,3.17
1982-11-22T06:00:00,3.2
1982-11-23T06:00:00,3.22
1982-11-24T06:00:00,3.25
1982-11-25T06:00:00,3.25
1982-11-26T06:00:00,3.26
1982-11-27T06:00:00,3.28
1982-11-28T06:00:00,3.29
1982-11-29T06:00:00,3.35
1982-11-30T06:00:00,3.35
1982-12-01T06:00:00,3.4
1982-12-02T06:00:00,3.43
1982-12-03T06:00:00,3.45
1982-12-04T06:00:00,3.49
1982-12-05T06:00:00,3.49
1982-12-06T06:00:00,3.48
1982-12-07T06:00:00,3.47
1982-12-08T06:00:00,3.49
1982-12-09T06:00:00,3.49
1982-12-10T06:00:00,3.53
1982-12-11T06:00:00,3.55
1982-12-12T06:00:00,3.58
1982-12-13T06:00:00,3.63
1982-12-14T06:00:00,3.69
1982-12-15T06:00:00,3.73
1982-12-16T06:00:00,3.77
1982-12-17T06:00:00,3.82
1982-12-18T06:00:00,3.88
1982-12-19T06:00:00,3.92
1982-12-20T06:00:00,3.99
1982-12-21T06:00:00,4.08
1982-12-22T06:00:00,4.1
1982-12-23T06:00:00,4.16
1982-12-24T06:00:00,4.25
1982-12-25T06:00:00,4.35
1982-12-26T06:00:00,4.44
1982-12-27T06:00:00,4.55
1982-12-28T06:00:00,4.66
1982-12-29T06:00:00,4.76
1982-12-30T06:00:00,4.86
1982-12-31T06:00:00,4.95
1983-01-01T06:00:00,5.08
1983-01-02T06:00:00,5.12
1983-01-03T06:00:00,5.22
1983-01-04T06:00:00,5.27
1983-01-05T06:00:00,5.35
1983-01-06T06:00:00,5.41
1983-01-07T06:00:00,5.44
1983-01-08T06:00:00,5.45
1983-01-09T06:00:00,5.46
1983-01-10T06:00:00,5.47
1983-01-11T06:00:00,5.47
1983-01-12T06:00:00,5.5
1983-01-13T06:00:00,5.5
1983-01-14T06:00:00,5.47
1983-01-15T06:00:00,5.44
1983-01-16T06:00:00,5.42
1983-01-17T06:00:00,5.5
1983-01-18T06:00:00,5.5
1983-01-19T06:00:00,5.52
1983-01-20T06:00:00,5.49
1983-01-21T06:00:00,5.49
1983-01-22T06:00:00,5.49
1983-01-23T06:00:00,5.49
1983-01-24T06:00:00,5.45
1983-01-25T06:00:00,5.5
1983-01-26T06:00:00,5.43
1983-01-27T06:00:00,5.44
1983-01-28T06:00:00,5.47
1983-01-29T06:00:00,5.46
1983-01-30T06:00:00,5.44
1983-01-31T06:00:00,5.39
1983-02-01T06:00:00,5.45
1983-02-02T06:00:00,5.48
1983-02-03T06:00:00,5.5
1983-02-04T06:00:00,5.51
1983-02-05T06:00:00,5.49
1983-02-06T06:00:00,5.5
1983-02-07T06:00:00,5.48
1983-02-08T06:00:00,5.47
1983-02-09T06:00:00,5.45
1983-02-10T06:00:00,5.4
1983-02-11T06:00:00,5.45
1983-02-12T06:00:00,5.38
1983-02-13T06:00:00,5.5
1983-02-14T06:00:00,5.51
1983-02-15T06:00:00,5.47
1983-02-16T06:00:00,5.42
1983-02-17T06:00:00,5.46
1983-02-18T06:00:00,5.47
1983-02-19T06:00:00,5.45
1983-02-20T06:00:00,5.45
1983-02-21T06:00:00,5.5
1983-02-22T06:00:00,5.5
1983-02-23T06:00:00,5.52
1983-02-24T06:00:00,5.56
1983-02-25T06:00:00,5.58
1983-02-26T06:00:00,5.53
1983-02-27T06:00:00,5.55
1983-02-28T06:00:00,5.61
1983-03-01T06:00:00,5.63
1983-03-02T06:00:00,5.61
1983-03-03T06:00:00,5.65
1983-03-04T06:00:00,5.65
1983-03-05T06:00:00,5.63
1983-03-06T06:00:00,5.7
1983-03-07T06:00:00,5.7
1983-03-08T06:00:00,5.68
1983-03-09T06:00:00,5.68
1983-03-10T06:00:00,5.72
1983-03-11T06:00:00,5.8
1983-03-12T06:00:00,5.82
1983-03-13T06:00:00,5.89
1983-03-14T06:00:00,5.93
1983-03-15T06:00:00,5.98
1983-03-16T06:00:00,6.01
1983-03-17T06:00:00,5.94
1983-03-18T06:00:00,5.85
1983-03-19T06:00:00,5.92
1983-03-20T06:00:00,6.02
1983-03-21T06:00:00,6.06
1983-03-22T06:00:00,6.1
1983-03-23T06:00:00,6.12
1983-03-24T06:00:00,6.11
1983-03-25T06:00:00,6.12
1983-03-26T06:00:00,6.1
1983-03-27T06:00:00,6.04
1983-03-28T06:00:00,5.97
1983-03-29T06:00:00,6.02
1983-03-30T06:00:00,6.02
1983-03-31T06:00:00,6.06
1983-04-01T06:00:00,6.02
1983-04-02T06:00:00,5.96
1983-04-03T06:00:00,5.95
1983-04-04T06:00:00,5.82
1983-04-05T06:00:00,5.85
1983-04-06T06:00:00,5.89
1983-04-07T06:00:00,5.82
1983-04-08T06:00:00,5.8
1983-04-09T06:00:00,5.84
1983-04-10T06:00:00,5.81
1983-04-11T06:00:00,5.81
1983-04-12T06:00:00,5.77
1983-04-13T06:00:00,5.7
1983-04-14T06:00:00,5.71
1983-04-15T06:00:00,5.71
1983-04-16T06:00:00,5.7
1983-04-17T06:00:00,5.72
1983-04-18T06:00:00,5.71
1983-04-19T06:00:00,5.53
1983-04-20T06:00:00,5.51
1983-04-21T06:00:00,5.49
1983-04-22T06:00:00,5.5
1983-04-23T06:00:00,5.48
1983-04-24T06:00:00,5.45
1983-04-25T06:00:00,5.38
1983-04-26T06:00:00,5.35
1983-04-27T06:00:00,5.34
1983-04-28T06:00:00,5.29
1983-04-29T06:00:00,5.2
1983-04-30T06:00:00,5.18
1983-05-01T06:00:00,5.2
1983-05-02T06:00:00,5.24
1983-05-03T06:00:00,5.25
1983-05-04T06:00:00,5.19
1983-05-05T06:00:00,5.09
1983-05-06T06:00:00,5.09
1983-05-07T06:00:00,5.14
1983-05-08T06:00:00,5.1
1983-05-09T06:00:00,5.1
1983-05-10T06:00:00,5.15
1983-05-11T06:00:00,5.18
1983-05-12T06:00:00,5.18
1983-05-13T06:00:00,5.22
1983-05-14T06:00:00,5.26
1983-05-15T06:00:00,5.3
1983-05-16T06:00:00,5.32
1983-05-17T06:00:00,5.29
1983-05-18T06:00:00,5.44
1983-05-19T06:00:00,5.44
1983-05-20T06:00:00,5.38
1983-05-21T06:00:00,5.5
1983-05-22T06:00:00,5.53
1983-05-23T06:00:00,5.57
1983-05-24T06:00:00,5.58
1983-05-25T06:00:00,5.65
1983-05-26T06:00:00,5.71
1983-05-27T06:00:00,5.68
1983-05-28T06:00:00,5.65
1983-05-29T06:00:00,5.65
1983-05-30T06:00:00,5.67
1983-05-31T06:00:00,5.48
1983-06-01T06:00:00,5.62
1983-06-02T06:00:00,5.78
1983-06-03T06:00:00,5.78
1983-06-04T06:00:00,5.84
1983-06-05T06:00:00,5.94
1983-06-06T06:00:00,5.83
1983-06-07T06:00:00,5.97
1983-06-08T06:00:00,5.96
1983-06-09T06:00:00,5.93
1983-06-10T06:00:00,5.98
1983-06-11T06:00:00,6.03
1983-06-12T06:00:00,6.06
1983-06-13T06:00:00,6
1983-06-14T06:00:00,5.94
1983-06-15T06:00:00,5.95
1983-06-16T06:00:00,5.95
1983-06-17T06:00:00,5.95
1983-06-18T06:00:00,5.92
1983-06-19T06:00:00,5.87
1983-06-20T06:00:00,5.84
1983-06-21T06:00:00,5.84
1983-06-22T06:00:00,5.76
1983-06-23T06:00:00,5.75
1983-06-24T06:00:00,5.77
1983-06-25T06:00:00,5.68
1983-06-26T06:00:00,5.79
1983-06-27T06:00:00,5.79
1983-06-28T06:00:00,5.79
1983-06-29T06:00:00,5.84
1983-06-30T06:00:00,5.93
1983-07-01T06:00:00,5.9
1983-07-02T06:00:00,5.96
1983-07-03T06:00:00,5.9
1983-07-04T06:00:00,6
1983-07-05T06:00:00,6.02
1983-07-06T06:00:00,5.98
1983-07-07T06:00:00,6.18
1983-07-08T06:00:00,5.98
1983-07-09T06:00:00,5.99
1983-07-10T06:00:00,6.04
1983-07-11T06:00:00,6.04
1983-07-12T06:00:00,6.03
1983-07-13T06:00:00,6.05
1983-07-14T06:00:00,6.02
1983-07-15T06:00:00,5.93
1983-07-16T06:00:00,5.89
1983-07-17T06:00:00,5.92
1983-07-18T06:00:00,5.88
1983-07-19T06:00:00,5.84
1983-07-20T06:00:00,5.82
1983-07-21T06:00:00,5.78
1983-07-22T06:00:00,5.73
1983-07-23T06:00:00,5.73
1983-07-24T06:00:00,5.73
1983-07-25T06:00:00,5.71
1983-07-26T06:00:00,5.77
1983-07-27T06:00:00,5.82
1983-07-28T06:00:00,5.82
1983-07-29T06:00:00,5.81
1983-07-30T06:00:00,5.85
1983-07-31T06:00:00,5.87
1983-08-01T06:00:00,5.88
1983-08-02T06:00:00,5.89
1983-08-03T06:00:00,5.93
1983-08-04T06:00:00,5.94
1983-08-05T06:00:00,5.9
1983-08-06T06:00:00,5.85
1983-08-07T06:00:00,5.77
1983-08-08T06:00:00,5.77
1983-08-09T06:00:00,5.76
1983-08-10T06:00:00,5.75
1983-08-11T06:00:00,5.59
1983-08-12T06:00:00,5.59
1983-08-13T06:00:00,5.48
1983-08-14T06:00:00,5.5
1983-08-15T06:00:00,5.35
1983-08-16T06:00:00,5.37
1983-08-17T06:00:00,5.35
1983-08-18T06:00:00,5.3
1983-08-19T06:00:00,5.22
1983-08-20T06:00:00,5.2
1983-08-21T06:00:00,5.19
1983-08-22T06:00:00,5.2
1983-08-23T06:00:00,5.1
1983-08-24T06:00:00,5.04
1983-08-25T06:00:00,5.02
1983-08-26T06:00:00,4.89
1983-08-27T06:00:00,4.97
1983-08-28T06:00:00,4.9
1983-08-29T06:00:00,4.85
1983-08-30T06:00:00,4.69
1983-08-31T06:00:00,4.62
1983-09-01T06:00:00,4.68
1983-09-02T06:00:00,4.71
1983-09-03T06:00:00,4.67
1983-09-04T06:00:00,4.61
1983-09-05T06:00:00,4.61
1983-09-06T06:00:00,4.55
1983-09-07T06:00:00,4.44
1983-09-08T06:00:00,4.38
1983-09-09T06:00:00,4.43
1983-09-10T06:00:00,4.45
1983-09-11T06:00:00,4.41
1983-09-12T06:00:00,4.38
1983-09-13T06:00:00,4.33
1983-09-14T06:00:00,4.27
1983-09-15T06:00:00,4.25
1983-09-16T06:00:00,4.2
1983-09-17T06:00:00,4.17
1983-09-18T06:00:00,4.11
1983-09-19T06:00:00,4.09
1983-09-20T06:00:00,4.08
1983-09-21T06:00:00,4.07
1983-09-22T06:00:00,4.01
1983-09-23T06:00:00,4.01
1983-09-24T06:00:00,3.97
1983-09-25T06:00:00,3.97
1983-09-26T06:00:00,3.97
1983-09-27T06:00:00,3.94
1983-09-28T06:00:00,3.85
1983-09-29T06:00:00,3.75
1983-09-30T06:00:00,3.79
1983-10-01T06:00:00,3.85
1983-10-02T06:00:00,3.9
1983-10-03T06:00:00,3.87
1983-10-04T06:00:00,3.85
1983-10-05T06:00:00,3.9
1983-10-06T06:00:00,3.9
1983-10-07T06:00:00,3.9
1983-10-08T06:00:00,3.9
1983-10-09T06:00:00,3.86
1983-10-10T06:00:00,3.9
1983-10-11T06:00:00,3.92
1983-10-12T06:00:00,3.9
1983-10-13T06:00:00,3.93
1983-10-14T06:00:00,3.94
1983-10-15T06:00:00,3.96
1983-10-16T06:00:00,3.98
1983-10-17T06:00:00,3.98
1983-10-18T06:00:00,3.98
1983-10-19T06:00:00,4
1983-10-20T06:00:00,4.12
1983-10-21T06:00:00,4.21
1983-10-22T06:00:00,4.21
1983-10-23T06:00:00,4.13
1983-10-24T06:00:00,4.3
1983-10-25T06:00:00,4.43
1983-10-26T06:00:00,4.4
1983-10-27T06:00:00,4.43
1983-10-28T06:00:00,4.4
1983-10-29T06:00:00,4.38
1983-10-30T06:00:00,4.4
1983-10-31T06:00:00,4.4
1983-11-01T06:00:00,4.42
1983-11-02T06:00:00,4.43
1983-11-03T06:00:00,4.4
1983-11-04T06:00:00,4.35
1983-11-05T06:00:00,4.33
1983-11-06T06:00:00,4.34
1983-11-07T06:00:00,4.32
1983-11-08T06:00:00,4.3
1983-11-09T06:00:00,4.3
1983-11-10T06:00:00,4.32
1983-11-11T06:00:00,4.31
1983-11-12T06:00:00,4.36
1983-11-13T06:00:00,4.2
1983-11-14T06:00:00,4.3
1983-11-15T06:00:00,4.4
1983-11-16T06:00:00,4.4
1983-11-17T06:00:00,4.41
1983-11-18T06:00:00,4.35
1983-11-19T06:00:00,4.34
1983-11-20T06:00:00,4.34
1983-11-21T06:00:00,4.28
1983-11-22T06:00:00,4.2
1983-11-23T06:00:00,4.26
1983-11-24T06:00:00,4.23
1983-11-25T06:00:00,4.2
1983-11-26T06:00:00,4.01
1983-11-27T06:00:00,4.2
1983-11-28T06:00:00,4.19
1983-11-29T06:00:00,4.14
1983-11-30T06:00:00,4.1
1983-12-01T06:00:00,4.09
1983-12-02T06:00:00,4.07
1983-12-03T06:00:00,4.09
1983-12-04T06:00:00,4.1
1983-12-05T06:00:00,4.06
1983-12-06T06:00:00,4.02
1983-12-07T06:00:00,4.01
1983-12-08T06:00:00,4.01
1983-12-09T06:00:00,4.01
1983-12-10T06:00:00,3.94
1983-12-11T06:00:00,3.93
1983-12-12T06:00:00,3.95
1983-12-13T06:00:00,3.92
1983-12-14T06:00:00,3.9
1983-12-15T06:00:00,3.9
1983-12-16T06:00:00,3.9
1983-12-17T06:00:00,3.89
1983-12-18T06:00:00,3.89
1983-12-19T06:00:00,3.88
1983-12-20T06:00:00,3.88
1983-12-21T06:00:00,3.81
1983-12-22T06:00:00,3.8
1983-12-23T06:00:00,3.83
1983-12-25T06:00:00,3.82
1983-12-26T06:00:00,3.81
1983-12-27T06:00:00,3.82
1983-12-28T06:00:00,3.79
1983-12-29T06:00:00,3.78
1983-12-30T06:00:00,3.84
1983-12-31T06:00:00,3.76
1984-01-01T06:00:00,3.74
1984-01-02T06:00:00,3.74
1984-01-03T06:00:00,3.7
1984-01-04T06:00:00,3.7
1984-01-05T06:00:00,3.7
1984-01-06T06:00:00,3.7
1984-01-07T06:00:00,3.68
1984-01-08T06:00:00,3.67
1984-01-09T06:00:00,3.66
1984-01-10T06:00:00,3.64
1984-01-11T06:00:00,3.66
1984-01-12T06:00:00,3.65
1984-01-13T06:00:00,3.63
1984-01-14T06:00:00,3.63
1984-01-15T06:00:00,3.65
1984-01-16T06:00:00,3.67
1984-01-17T06:00:00,3.67
1984-01-18T06:00:00,3.62
1984-01-19T06:00:00,3.65
1984-01-20T06:00:00,3.66
1984-01-21T06:00:00,3.68
1984-01-22T06:00:00,3.69
1984-01-23T06:00:00,3.7
1984-01-24T06:00:00,3.7
1984-01-25T06:00:00,3.7
1984-01-26T06:00:00,3.7
1984-01-27T06:00:00,3.73
1984-01-28T06:00:00,3.7
1984-01-29T06:00:00,3.72
1984-01-30T06:00:00,3.72
1984-01-31T06:00:00,3.73
1984-02-01T06:00:00,3.74
1984-02-02T06:00:00,3.76
1984-02-03T06:00:00,3.77
1984-02-04T06:00:00,3.8
1984-02-05T06:00:00,3.75
1984-02-06T06:00:00,3.68
1984-02-07T06:00:00,3.76
1984-02-08T06:00:00,3.82
1984-02-09T06:00:00,3.8
1984-02-10T06:00:00,3.8
1984-02-11T06:00:00,3.87
1984-02-12T06:00:00,3.92
1984-02-13T06:00:00,3.99
1984-02-14T06:00:00,3.99
1984-02-15T06:00:00,3.98
1984-02-16T06:00:00,3.98
1984-02-17T06:00:00,3.96
1984-02-18T06:00:00,3.94
1984-02-19T06:00:00,3.94
1984-02-20T06:00:00,3.94
1984-02-21T06:00:00,3.93
1984-02-22T06:00:00,3.94
1984-02-23T06:00:00,3.95
1984-02-24T06:00:00,3.98
1984-02-25T06:00:00,3.96
1984-02-26T06:00:00,3.97
1984-02-27T06:00:00,3.98
1984-02-28T06:00:00,3.99
1984-02-29T06:00:00,4.23
1984-03-01T06:00:00,4.26
1984-03-02T06:00:00,4.2
1984-03-03T06:00:00,4.2
1984-03-04T06:00:00,4.2
1984-03-05T06:00:00,4.18
1984-03-06T06:00:00,4.13
1984-03-07T06:00:00,4.09
1984-03-08T06:00:00,4.07
1984-03-09T06:00:00,4.01
1984-03-10T06:00:00,3.92
1984-03-11T06:00:00,3.92
1984-03-12T06:00:00,3.87
1984-03-13T06:00:00,3.87
1984-03-14T06:00:00,3.84
1984-03-15T06:00:00,3.64
1984-03-16T06:00:00,3.74
1984-03-17T06:00:00,3.7
1984-03-18T06:00:00,3.64
1984-03-19T06:00:00,3.59
1984-03-20T06:00:00,3.57
1984-03-21T06:00:00,3.5
1984-03-22T06:00:00,3.49
1984-03-23T06:00:00,3.41
1984-03-24T06:00:00,3.33
1984-03-25T06:00:00,3.3
1984-03-26T06:00:00,3.28
1984-03-27T06:00:00,3.28
1984-03-28T06:00:00,3.24
1984-03-29T06:00:00,3.16
1984-03-30T06:00:00,3.15
1984-03-31T06:00:00,3.18
1984-04-01T06:00:00,3.18
1984-04-02T06:00:00,3.17
1984-04-03T06:00:00,3.15
1984-04-04T06:00:00,3.12
1984-04-05T06:00:00,3.1
1984-04-06T06:00:00,3.12
1984-04-07T06:00:00,3.12
1984-04-08T06:00:00,3.18
1984-04-09T06:00:00,3.18
1984-04-10T06:00:00,3.17
1984-04-11T06:00:00,3.17
1984-04-12T06:00:00,3.15
1984-04-13T06:00:00,3.16
1984-04-14T06:00:00,3.16
1984-04-15T06:00:00,3.13
1984-04-16T06:00:00,3.12
1984-04-18T06:00:00,3.17
1984-04-19T06:00:00,3.17
1984-04-20T06:00:00,3.19
1984-04-21T06:00:00,3.23
1984-04-22T06:00:00,3.2
1984-04-23T06:00:00,2.95
1984-04-24T06:00:00,3.14
1984-04-25T06:00:00,3.13
1984-04-26T06:00:00,3.18
1984-04-27T06:00:00,3.15
1984-04-28T06:00:00,3.15
1984-04-29T06:00:00,3.17
1984-04-30T06:00:00,3.17
1984-05-01T06:00:00,3.19
1984-05-02T06:00:00,3.18
1984-05-03T06:00:00,3.15
1984-05-04T06:00:00,3.2
1984-05-05T06:00:00,3.2
1984-05-06T06:00:00,3.17
1984-05-07T06:00:00,3.15
1984-05-08T06:00:00,3.18
1984-05-09T06:00:00,3.18
1984-05-10T06:00:00,3.18
1984-05-11T06:00:00,3.18
1984-05-12T06:00:00,3.17
1984-05-13T06:00:00,3.14
1984-05-14T06:00:00,3.15
1984-05-15T06:00:00,3.15
1984-05-16T06:00:00,3.15
1984-05-17T06:00:00,3.2
1984-05-18T06:00:00,3.2
1984-05-19T06:00:00,3.2
1984-05-20T06:00:00,3.21
1984-05-21T06:00:00,3.2
1984-05-22T06:00:00,3.23
1984-05-23T06:00:00,3.26
1984-05-24T06:00:00,3.28
1984-05-25T06:00:00,3.3
1984-05-26T06:00:00,3.28
1984-05-27T06:00:00,3.28
1984-05-28T06:00:00,3.36
1984-05-29T06:00:00,3.4
1984-05-30T06:00:00,3.35
1984-05-31T06:00:00,3.2
1984-06-01T06:00:00,3.27
1984-06-02T06:00:00,3.32
1984-06-03T06:00:00,3.3
1984-06-04T06:00:00,3.32
1984-06-05T06:00:00,3.35
1984-06-06T06:00:00,3.35
1984-06-07T06:00:00,3.35
1984-06-08T06:00:00,3.37
1984-06-09T06:00:00,3.4
1984-06-10T06:00:00,3.38
1984-06-11T06:00:00,3.38
1984-06-12T06:00:00,3.38
1984-06-13T06:00:00,3.38
1984-06-14T06:00:00,3.38
1984-06-15T06:00:00,3.38
1984-06-16T06:00:00,3.41
1984-06-17T06:00:00,3.41
1984-06-18T06:00:00,3.42
1984-06-19T06:00:00,3.43
1984-06-20T06:00:00,3.45
1984-06-21T06:00:00,3.45
1984-06-22T06:00:00,3.42
1984-06-23T06:00:00,3.43
1984-06-24T06:00:00,3.4
1984-06-25T06:00:00,3.39
1984-06-26T06:00:00,3.39
1984-06-27T06:00:00,3.33
1984-06-28T06:00:00,3.33
1984-06-29T06:00:00,3.37
1984-06-30T06:00:00,3.37
1984-07-01T06:00:00,3.35
1984-07-02T06:00:00,3.4
1984-07-03T06:00:00,3.42
1984-07-04T06:00:00,3.43
1984-07-05T06:00:00,3.43
1984-07-06T06:00:00,3.45
1984-07-07T06:00:00,3.45
1984-07-08T06:00:00,3.45
1984-07-09T06:00:00,3.48
1984-07-10T06:00:00,3.48
1984-07-11T06:00:00,3.48
1984-07-12T06:00:00,3.47
1984-07-13T06:00:00,3.43
1984-07-14T06:00:00,3.43
1984-07-15T06:00:00,3.45
1984-07-16T06:00:00,3.47
1984-07-17T06:00:00,3.45
1984-07-18T06:00:00,3.44
1984-07-19T06:00:00,3.42
1984-07-20T06:00:00,3.4
1984-07-21T06:00:00,3.37
1984-07-22T06:00:00,3.35
1984-07-23T06:00:00,3.33
1984-07-24T06:00:00,3.33
1984-07-25T06:00:00,3.3
1984-07-26T06:00:00,3.29
1984-07-27T06:00:00,3.26
1984-07-28T06:00:00,3.2
1984-07-29T06:00:00,3.2
1984-07-30T06:00:00,3.2
1984-07-31T06:00:00,3.18
1984-08-01T06:00:00,3.11
1984-08-02T06:00:00,3.11
1984-08-03T06:00:00,3.04
1984-08-04T06:00:00,3
1984-08-05T06:00:00,2.93
1984-08-06T06:00:00,2.9
1984-08-07T06:00:00,2.81
1984-08-08T06:00:00,2.82
1984-08-09T06:00:00,2.8
1984-08-10T06:00:00,2.8
1984-08-11T06:00:00,2.74
1984-08-12T06:00:00,2.69
1984-08-13T06:00:00,2.71
1984-08-14T06:00:00,2.7
1984-08-15T06:00:00,2.67
1984-08-16T06:00:00,2.69
1984-08-17T06:00:00,2.69
1984-08-18T06:00:00,2.72
1984-08-19T06:00:00,2.7
1984-08-20T06:00:00,2.7
1984-08-21T06:00:00,2.72
1984-08-22T06:00:00,2.77
1984-08-23T06:00:00,2.79
1984-08-24T06:00:00,2.75
1984-08-25T06:00:00,2.75
1984-08-26T06:00:00,2.73
1984-08-27T06:00:00,2.81
1984-08-28T06:00:00,2.8
1984-08-29T06:00:00,2.8
1984-08-30T06:00:00,2.8
1984-08-31T06:00:00,2.78
1984-09-01T06:00:00,2.75
1984-09-02T06:00:00,2.74
1984-09-03T06:00:00,2.74
1984-09-04T06:00:00,2.76
1984-09-05T06:00:00,2.82
1984-09-06T06:00:00,2.85
1984-09-07T06:00:00,2.82
1984-09-08T06:00:00,2.79
1984-09-09T06:00:00,2.81
1984-09-10T06:00:00,2.82
1984-09-11T06:00:00,2.81
1984-09-12T06:00:00,2.77
1984-09-13T06:00:00,2.8
1984-09-14T06:00:00,2.8
1984-09-15T06:00:00,2.79
1984-09-16T06:00:00,2.77
1984-09-17T06:00:00,2.71
1984-09-18T06:00:00,2.7
1984-09-19T06:00:00,2.69
1984-09-20T06:00:00,2.62
1984-09-21T06:00:00,2.71
1984-09-22T06:00:00,2.58
1984-09-23T06:00:00,2.58
1984-09-24T06:00:00,2.58
1984-09-25T06:00:00,2.72
1984-09-26T06:00:00,2.6
1984-09-27T06:00:00,2.62
1984-09-28T06:00:00,2.64
1984-09-29T06:00:00,2.69
1984-09-30T06:00:00,2.7
1984-10-01T06:00:00,2.72
1984-10-02T06:00:00,2.68
1984-10-03T06:00:00,2.63
1984-10-04T06:00:00,2.64
1984-10-05T06:00:00,2.66
1984-10-06T06:00:00,2.68
1984-10-07T06:00:00,2.74
1984-10-08T06:00:00,2.78
1984-10-09T06:00:00,2.78
1984-10-10T06:00:00,2.77
1984-10-12T06:00:00,2.8
1984-10-13T06:00:00,2.8
1984-10-14T06:00:00,2.82
1984-10-15T06:00:00,2.84
1984-10-16T06:00:00,2.89
1984-10-17T06:00:00,2.84
1984-10-18T06:00:00,2.81
1984-10-19T06:00:00,2.84
1984-10-20T06:00:00,2.87
1984-10-21T06:00:00,2.84
1984-10-22T06:00:00,2.89
1984-10-23T06:00:00,2.96
1984-10-24T06:00:00,3.02
1984-10-25T06:00:00,3.05
1984-10-26T06:00:00,3.05
1984-10-27T06:00:00,3.05
1984-10-28T06:00:00,3.08
1984-10-29T06:00:00,3.08
1984-10-30T06:00:00,3.1
1984-10-31T06:00:00,3.09
1984-11-01T06:00:00,3.06
1984-11-02T06:00:00,3.07
1984-11-05T06:00:00,3.01
1984-11-06T06:00:00,3.01
1984-11-07T06:00:00,3.03
1984-11-08T06:00:00,3.02
1984-11-09T06:00:00,2.95
1984-11-10T06:00:00,2.86
1984-11-11T06:00:00,2.9
1984-11-12T06:00:00,3
1984-11-13T06:00:00,3
1984-11-14T06:00:00,3
1984-11-15T06:00:00,3
1984-11-16T06:00:00,3.02
1984-11-17T06:00:00,3.04
1984-11-18T06:00:00,3.04
1984-11-19T06:00:00,3.1
1984-11-20T06:00:00,3.1
1984-11-21T06:00:00,3.08
1984-11-22T06:00:00,3.06
1984-11-23T06:00:00,3.06
1984-11-24T06:00:00,3.06
1984-11-25T06:00:00,3.1
1984-11-26T06:00:00,3.12
1984-11-27T06:00:00,3.12
1984-11-28T06:00:00,3.14
1984-11-29T06:00:00,3.18
1984-11-30T06:00:00,3.18
1984-12-01T06:00:00,3.18
1984-12-02T06:00:00,3.18
1984-12-03T06:00:00,3.16
1984-12-04T06:00:00,3.39
1984-12-05T06:00:00,3.18
1984-12-06T06:00:00,3.18
1984-12-07T06:00:00,3.21
1984-12-08T06:00:00,3.25
1984-12-09T06:00:00,3.24
1984-12-10T06:00:00,3.24
1984-12-11T06:00:00,3.18
1984-12-12T06:00:00,3.18
1984-12-13T06:00:00,3.2
1984-12-14T06:00:00,3.14
1984-12-15T06:00:00,3.18
1984-12-16T06:00:00,3.18
1984-12-17T06:00:00,3.19
1984-12-18T06:00:00,3.21
1984-12-19T06:00:00,3.22
1984-12-20T06:00:00,3.23
1984-12-21T06:00:00,3.2
1984-12-22T06:00:00,3.2
1984-12-23T06:00:00,3.22
1984-12-24T06:00:00,3.21
1984-12-25T06:00:00,3.21
1984-12-26T06:00:00,3.27
1984-12-27T06:00:00,3.27
1985-01-01T06:00:00,3.26
1985-01-02T06:00:00,3.28
1985-01-03T06:00:00,3.3
1985-01-04T06:00:00,3.3
1985-01-05T06:00:00,3.32
1985-01-06T06:00:00,3.3
1985-01-07T06:00:00,3.27
1985-01-08T06:00:00,3.25
1985-01-09T06:00:00,3.21
1985-01-10T06:00:00,3.23
1985-01-11T06:00:00,3.23
1985-01-12T06:00:00,3.23
1985-01-13T06:00:00,3.22
1985-01-14T06:00:00,3.28
1985-01-15T06:00:00,3.23
1985-01-16T06:00:00,3.15
1985-01-17T06:00:00,3.12
1985-01-18T06:00:00,3.18
1985-01-19T06:00:00,3.18
1985-01-20T06:00:00,3.13
1985-01-21T06:00:00,3.11
1985-01-22T06:00:00,3.06
1985-01-23T06:00:00,3.09
1985-01-24T06:00:00,3.14
1985-01-25T06:00:00,3.13
1985-01-26T06:00:00,3.08
1985-01-27T06:00:00,3.07
1985-01-28T06:00:00,3.08
1985-01-29T06:00:00,3.07
1985-02-01T06:00:00,3.08
1985-02-02T06:00:00,3.06
1985-02-03T06:00:00,3.02
1985-02-04T06:00:00,2.98
1985-02-05T06:00:00,2.98
1985-02-06T06:00:00,3
1985-02-07T06:00:00,3
1985-02-08T06:00:00,3
1985-02-09T06:00:00,2.98
1985-02-10T06:00:00,2.98
1985-02-11T06:00:00,2.95
1985-02-12T06:00:00,3
1985-02-13T06:00:00,3.03
1985-02-14T06:00:00,3.05
1985-02-15T06:00:00,3.05
1985-02-16T06:00:00,3.07
1985-02-17T06:00:00,3.05
1985-02-18T06:00:00,3.08
1985-02-19T06:00:00,3.1
1985-02-20T06:00:00,3.1
1985-02-21T06:00:00,3.1
1985-02-22T06:00:00,3.17
1985-02-23T06:00:00,3.2
1985-02-24T06:00:00,3.2
1985-02-25T06:00:00,3.23
1985-02-26T06:00:00,3.26
1985-02-27T06:00:00,3.26
1985-02-28T06:00:00,3.3
1985-03-01T06:00:00,3.34
1985-03-02T06:00:00,3.35
1985-03-03T06:00:00,3.36
1985-03-04T06:00:00,3.4
1985-03-05T06:00:00,3.43
1985-03-06T06:00:00,3.43
1985-03-07T06:00:00,3.43
1985-03-08T06:00:00,3.49
1985-03-09T06:00:00,3.48
1985-03-10T06:00:00,3.49
1985-03-11T06:00:00,3.49
1985-03-12T06:00:00,3.59
1985-03-13T06:00:00,3.61
1985-03-14T06:00:00,3.63
1985-03-15T06:00:00,3.65
1985-03-16T06:00:00,3.67
1985-03-17T06:00:00,3.65
1985-03-18T06:00:00,3.65
1985-03-19T06:00:00,3.64
1985-03-20T06:00:00,3.69
1985-03-21T06:00:00,3.68
1985-03-22T06:00:00,3.65
1985-03-23T06:00:00,3.65
1985-03-24T06:00:00,3.66
1985-03-25T06:00:00,3.66
1985-03-26T06:00:00,3.72
1985-03-27T06:00:00,3.73
1985-03-28T06:00:00,3.69
1985-03-29T06:00:00,3.71
1985-03-30T06:00:00,3.69
1985-03-31T06:00:00,3.68
1985-04-01T06:00:00,3.7
1985-04-02T06:00:00,3.72
1985-04-03T06:00:00,3.73
1985-04-04T06:00:00,3.74
1985-04-05T06:00:00,3.76
1985-04-06T06:00:00,3.72
1985-04-07T06:00:00,3.69
1985-04-08T06:00:00,3.78
1985-04-09T06:00:00,3.82
1985-04-10T06:00:00,3.86
1985-04-11T06:00:00,3.87
1985-04-12T06:00:00,3.88
1985-04-13T06:00:00,3.89
1985-04-14T06:00:00,3.93
1985-04-15T06:00:00,3.98
1985-04-16T06:00:00,3.99
1985-04-17T06:00:00,3.99
1985-04-18T06:00:00,3.99
1985-04-19T06:00:00,3.99
1985-04-20T06:00:00,4.06
1985-04-21T06:00:00,4.08
1985-04-22T06:00:00,4.12
1985-04-23T06:00:00,4.12
1985-04-24T06:00:00,4.14
1985-04-25T06:00:00,4.15
1985-04-26T06:00:00,4.17
1985-04-27T06:00:00,4.18
1985-04-28T06:00:00,4.19
1985-04-29T06:00:00,4.22
1985-04-30T06:00:00,4.17
1985-05-01T06:00:00,4.16
1985-05-02T06:00:00,4.18
1985-05-03T06:00:00,4.24
1985-05-04T06:00:00,4.24
1985-05-05T06:00:00,4.25
1985-05-06T06:00:00,4.26
1985-05-07T06:00:00,4.27
1985-05-08T06:00:00,4.26
1985-05-09T06:00:00,4.26
1985-05-10T06:00:00,4.27
1985-05-11T06:00:00,4.27
1985-05-12T06:00:00,4.27
1985-05-13T06:00:00,4.28
1985-05-14T06:00:00,4.29
1985-05-15T06:00:00,4.3
1985-05-16T06:00:00,4.29
1985-05-17T06:00:00,4.29
1985-05-18T06:00:00,4.3
1985-05-19T06:00:00,4.3
1985-05-20T06:00:00,4.28
1985-05-21T06:00:00,4.3
1985-05-22T06:00:00,4.3
1985-05-23T06:00:00,4.3
1985-05-24T06:00:00,4.31
1985-05-25T06:00:00,4.3
1985-05-26T06:00:00,4.3
1985-05-27T06:00:00,4.3
1985-05-28T06:00:00,4.28
1985-05-29T06:00:00,4.28
1985-05-30T06:00:00,4.27
1985-05-31T06:00:00,4.27
1985-06-01T06:00:00,4.27
1985-06-02T06:00:00,4.21
1985-06-03T06:00:00,4.21
1985-06-04T06:00:00,4.21
1985-06-05T06:00:00,4.22
1985-06-06T06:00:00,4.22
1985-06-07T06:00:00,4.22
1985-06-08T06:00:00,4.21
1985-06-09T06:00:00,4.21
1985-06-10T06:00:00,4.21
1985-06-11T06:00:00,4.21
1985-06-12T06:00:00,4.21
1985-06-13T06:00:00,4.21
1985-06-14T06:00:00,4.21
1985-06-15T06:00:00,4.21
1985-06-16T06:00:00,4.21
1985-06-17T06:00:00,4.21
1985-06-18T06:00:00,4.16
1985-06-19T06:00:00,4.16
1985-06-20T06:00:00,4.15
1985-06-21T06:00:00,4.15
1985-06-22T06:00:00,4.13
1985-06-23T06:00:00,4.12
1985-06-24T06:00:00,4.12
1985-06-25T06:00:00,4.1
1985-06-26T06:00:00,4.1
1985-06-27T06:00:00,4.09
1985-06-28T06:00:00,4.08
1985-06-29T06:00:00,4.08
1985-07-01T06:00:00,4.06
1985-07-02T06:00:00,4.05
1985-07-03T06:00:00,4.05
1985-07-04T06:00:00,4.05
1985-07-05T06:00:00,4.05
1985-07-06T06:00:00,4.05
1985-07-07T06:00:00,4.05
1985-07-08T06:00:00,4.07
1985-07-09T06:00:00,4
1985-07-10T06:00:00,4
1985-07-11T06:00:00,3.95
1985-07-12T06:00:00,3.95
1985-07-13T06:00:00,3.94
1985-07-14T06:00:00,3.93
1985-07-15T06:00:00,3.88
1985-07-16T06:00:00,3.88
1985-07-17T06:00:00,3.88
1985-07-18T06:00:00,3.88
1985-07-19T06:00:00,3.85
1985-07-20T06:00:00,3.82
1985-07-21T06:00:00,3.82
1985-07-22T06:00:00,3.78
1985-07-23T06:00:00,3.78
1985-07-24T06:00:00,3.77
1985-07-25T06:00:00,3.77
1985-07-26T06:00:00,3.77
1985-07-27T06:00:00,3.72
1985-07-28T06:00:00,3.7
1985-07-29T06:00:00,3.68
1985-07-30T06:00:00,3.65
1985-07-31T06:00:00,3.64
1985-08-01T06:00:00,3.6
1985-08-02T06:00:00,3.59
1985-08-03T06:00:00,3.58
1985-08-04T06:00:00,3.54
1985-08-05T06:00:00,3.54
1985-08-06T06:00:00,3.52
1985-08-07T06:00:00,3.51
1985-08-08T06:00:00,3.51
1985-08-09T06:00:00,3.5
1985-08-10T06:00:00,3.5
1985-08-11T06:00:00,3.5
1985-08-12T06:00:00,3.5
1985-08-13T06:00:00,3.49
1985-08-14T06:00:00,3.5
1985-08-15T06:00:00,3.5
1985-08-16T06:00:00,3.5
1985-08-17T06:00:00,3.52
1985-08-18T06:00:00,3.53
1985-08-19T06:00:00,3.53
1985-08-20T06:00:00,3.53
1985-08-21T06:00:00,3.52
1985-08-22T06:00:00,3.53
1985-08-23T06:00:00,3.53
1985-08-24T06:00:00,3.54
1985-08-25T06:00:00,3.54
1985-08-26T06:00:00,3.52
1985-08-27T06:00:00,3.52
1985-08-28T06:00:00,3.52
1985-08-29T06:00:00,3.52
1985-08-30T06:00:00,3.52
1985-08-31T06:00:00,3.52
1985-09-01T06:00:00,3.5
1985-09-02T06:00:00,3.48
1985-09-03T06:00:00,3.52
1985-09-04T06:00:00,3.52
1985-09-05T06:00:00,3.48
1985-09-06T06:00:00,3.46
1985-09-07T06:00:00,3.46
1985-09-08T06:00:00,3.46
1985-09-09T06:00:00,3.46
1985-09-10T06:00:00,3.44
1985-09-11T06:00:00,3.4
1985-09-12T06:00:00,3.4
1985-09-13T06:00:00,3.4
1985-09-14T06:00:00,3.37
1985-09-15T06:00:00,3.37
1985-09-16T06:00:00,3.35
1985-09-17T06:00:00,3.35
1985-09-18T06:00:00,3.43
1985-09-19T06:00:00,3.47
1985-09-20T06:00:00,3.47
1985-09-21T06:00:00,3.47
1985-09-22T06:00:00,3.46
1985-09-23T06:00:00,3.44
1985-09-24T06:00:00,3.44
1985-09-25T06:00:00,3.46
1985-09-26T06:00:00,3.47
1985-09-27T06:00:00,3.49
1985-09-28T06:00:00,3.49
1985-09-29T06:00:00,3.49
1985-09-30T06:00:00,3.51
1985-10-01T06:00:00,3.52
1985-10-02T06:00:00,3.52
1985-10-03T06:00:00,3.49
1985-10-04T06:00:00,3.48
1985-10-05T06:00:00,3.48
1985-10-07T06:00:00,3.44
1985-10-08T06:00:00,3.42
1985-10-09T06:00:00,3.4
1985-10-10T06:00:00,3.4
1985-10-11T06:00:00,3.35
1985-10-12T06:00:00,3.3
1985-10-13T06:00:00,3.29
1985-10-14T06:00:00,3.29
1985-10-15T06:00:00,3.19
1985-10-16T06:00:00,3.12
1985-10-17T06:00:00,3.1
1985-10-18T06:00:00,3.1
1985-10-19T06:00:00,3.12
1985-10-20T06:00:00,3.07
1985-10-21T06:00:00,3
1985-10-22T06:00:00,3
1985-10-23T06:00:00,2.95
1985-10-24T06:00:00,2.92
1985-10-25T06:00:00,2.89
1985-10-28T06:00:00,2.78
1985-10-29T06:00:00,2.76
1985-10-30T06:00:00,2.75
1985-10-31T06:00:00,2.8
1985-11-01T06:00:00,2.85
1985-11-02T06:00:00,2.85
1985-11-03T06:00:00,2.85
1985-11-04T06:00:00,2.82
1985-11-05T06:00:00,2.78
1985-11-06T06:00:00,2.72
1985-11-07T06:00:00,2.64
1985-11-08T06:00:00,2.62
1985-11-09T06:00:00,2.59
1985-11-10T06:00:00,2.58
1985-11-11T06:00:00,2.58
1985-11-12T06:00:00,2.6
1985-11-13T06:00:00,2.6
1985-11-14T06:00:00,2.6
1985-11-15T06:00:00,2.6
1985-11-18T06:00:00,2.56
1985-11-19T06:00:00,2.63
1985-11-20T06:00:00,2.7
1985-11-21T06:00:00,2.67
1985-11-22T06:00:00,2.63
1985-11-25T06:00:00,2.4
1985-11-26T06:00:00,2.31
1985-11-27T06:00:00,2.28
1985-11-28T06:00:00,2.26
1985-11-29T06:00:00,2.22
1985-12-02T06:00:00,2.03
1985-12-03T06:00:00,2.01
1985-12-04T06:00:00,1.8
1985-12-05T06:00:00,1.7
1985-12-06T06:00:00,1.66
1985-12-09T06:00:00,1.69
1985-12-10T06:00:00,1.6
1985-12-11T06:00:00,1.58
1985-12-12T06:00:00,1.77
1985-12-13T06:00:00,1.72
1985-12-14T06:00:00,1.68
1985-12-15T06:00:00,1.64
1985-12-16T06:00:00,1.54
1985-12-17T06:00:00,1.52
1985-12-18T06:00:00,1.58
1985-12-19T06:00:00,1.45
1985-12-20T06:00:00,1.5
1985-12-23T06:00:00,1.4
1985-12-24T06:00:00,1.47
1985-12-25T06:00:00,1.42
1985-12-26T06:00:00,1.4
1985-12-27T06:00:00,1.3
1985-12-28T06:00:00,1.38
1985-12-29T06:00:00,1.38
1985-12-31T06:00:00,1.36
1986-01-01T06:00:00,1.26
1986-01-02T06:00:00,1.19
1986-01-03T06:00:00,1.19
1986-01-04T06:00:00,1.15
1986-01-05T06:00:00,1.11
1986-01-06T06:00:00,1.15
1986-01-07T06:00:00,1.15
1986-01-08T06:00:00,1.12
1986-01-09T06:00:00,1.09
1986-01-10T06:00:00,1.25
1986-01-11T06:00:00,1.15
1986-01-12T06:00:00,1.08
1986-01-13T06:00:00,1
1986-01-14T06:00:00,1.05
1986-01-15T06:00:00,1.2
1986-01-16T06:00:00,1.2
1986-01-17T06:00:00,1.27
1986-01-18T06:00:00,1.63
1986-01-19T06:00:00,1.4
1986-01-20T06:00:00,1.05
1986-01-21T06:00:00,1.15
1986-01-22T06:00:00,1.05
1986-01-23T06:00:00,1.05
1986-01-24T06:00:00,1.08
1986-01-25T06:00:00,1.1
1986-01-26T06:00:00,1.1
1986-01-27T06:00:00,1.1
1986-01-28T06:00:00,1.13
1986-01-29T06:00:00,1.25
1986-01-30T06:00:00,1.31
1986-01-31T06:00:00,1.34
1986-02-01T06:00:00,1.38
1986-02-02T06:00:00,1.65
1986-02-03T06:00:00,1.59
1986-02-04T06:00:00,1.54
1986-02-05T06:00:00,1.35
1986-02-06T06:00:00,1.32
1986-02-07T06:00:00,1.43
1986-02-08T06:00:00,1.35
1986-02-09T06:00:00,1.55
1986-02-10T06:00:00,1.48
1986-02-11T06:00:00,1.54
1986-02-12T06:00:00,1.75
1986-02-13T06:00:00,1.56
1986-02-14T06:00:00,1.4
1986-02-15T06:00:00,1.3
1986-02-16T06:00:00,1.65
1986-02-17T06:00:00,1.65
1986-02-18T06:00:00,1.6
1986-02-19T06:00:00,1.5
1986-02-20T06:00:00,1.48
1986-02-21T06:00:00,1.7
1986-02-22T06:00:00,1.76
1986-02-23T06:00:00,1.6
1986-02-24T06:00:00,1.5
1986-02-25T06:00:00,1.55
1986-02-26T06:00:00,1.5
1986-02-27T06:00:00,1.55
1986-02-28T06:00:00,1.68
1986-03-01T06:00:00,1.6
1986-03-02T06:00:00,1.92
1986-03-03T06:00:00,1.97
1986-03-04T06:00:00,2.05
1986-03-05T06:00:00,1.97
1986-03-06T06:00:00,1.98
1986-03-07T06:00:00,2.04
1986-03-08T06:00:00,2.1
1986-03-09T06:00:00,2.13
1986-03-10T06:00:00,2.1
1986-03-11T06:00:00,2.13
1986-03-12T06:00:00,2.16
1986-03-13T06:00:00,2.27
1986-03-14T06:00:00,2.3
1986-03-15T06:00:00,2.28
1986-03-16T06:00:00,2.42
1986-03-17T06:00:00,2.39
1986-03-18T06:00:00,2.41
1986-03-19T06:00:00,2.42
1986-03-20T06:00:00,2.49
1986-03-21T06:00:00,2.47
1986-03-22T06:00:00,2.45
1986-03-23T06:00:00,2.4
1986-03-24T06:00:00,2.46
1986-03-25T06:00:00,2.48
1986-03-26T06:00:00,2.55
1986-03-27T06:00:00,2.6
1986-03-28T06:00:00,2.58
1986-03-29T06:00:00,2.57
1986-03-30T06:00:00,2.55
1986-03-31T06:00:00,2.54
1986-04-01T06:00:00,2.57
1986-04-02T06:00:00,2.62
1986-04-03T06:00:00,2.6
1986-04-04T06:00:00,2.58
1986-04-05T06:00:00,2.59
1986-04-06T06:00:00,2.55
1986-04-07T06:00:00,2.57
1986-04-08T06:00:00,2.58
1986-04-09T06:00:00,2.57
1986-04-10T06:00:00,2.67
1986-04-11T06:00:00,2.65
1986-04-12T06:00:00,2.7
1986-04-13T06:00:00,2.69
1986-04-14T06:00:00,2.86
1986-04-15T06:00:00,3.01
1986-04-16T06:00:00,3.09
1986-04-17T06:00:00,3.07
1986-04-18T06:00:00,3.09
1986-04-19T06:00:00,3.09
1986-04-20T06:00:00,3.08
1986-04-21T06:00:00,3.22
1986-04-22T06:00:00,3.2
1986-04-23T06:00:00,3.27
1986-04-24T06:00:00,3.63
1986-04-25T06:00:00,3.6
1986-04-26T06:00:00,3.54
1986-04-27T06:00:00,3.51
1986-04-28T06:00:00,3.52
1986-04-29T06:00:00,3.56
1986-04-30T06:00:00,3.58
1986-05-01T06:00:00,3.6
1986-05-02T06:00:00,3.62
1986-05-03T06:00:00,3.66
1986-05-04T06:00:00,3.68
1986-05-05T06:00:00,3.68
1986-05-06T06:00:00,3.69
1986-05-07T06:00:00,3.69
1986-05-08T06:00:00,3.69
1986-05-09T06:00:00,3.69
1986-05-10T06:00:00,3.78
1986-05-11T06:00:00,3.8
1986-05-12T06:00:00,3.8
1986-05-13T06:00:00,3.8
1986-05-14T06:00:00,3.8
1986-05-15T06:00:00,3.81
1986-05-16T06:00:00,3.87
1986-05-17T06:00:00,3.87
1986-05-18T06:00:00,3.85
1986-05-19T06:00:00,3.87
1986-05-20T06:00:00,3.85
1986-05-21T06:00:00,3.85
1986-05-22T06:00:00,3.84
1986-05-23T06:00:00,3.87
1986-05-24T06:00:00,3.88
1986-05-25T06:00:00,3.87
1986-05-26T06:00:00,3.87
1986-05-27T06:00:00,3.86
1986-05-28T06:00:00,3.88
1986-05-29T06:00:00,3.88
1986-05-30T06:00:00,3.83
1986-05-31T06:00:00,3.83
1986-06-01T06:00:00,3.84
1986-06-02T06:00:00,3.84
1986-06-03T06:00:00,3.89
1986-06-04T06:00:00,3.92
1986-06-05T06:00:00,3.92
1986-06-06T06:00:00,3.92
1986-06-07T06:00:00,3.87
1986-06-08T06:00:00,3.92
1986-06-09T06:00:00,3.93
1986-06-10T06:00:00,3.97
1986-06-11T06:00:00,3.95
1986-06-12T06:00:00,3.97
1986-06-13T06:00:00,3.99
1986-06-15T06:00:00,4.01
1986-06-16T06:00:00,4.03
1986-06-17T06:00:00,4.06
1986-06-18T06:00:00,4.07
1986-06-19T06:00:00,4.05
1986-06-20T06:00:00,4.09
1986-06-21T06:00:00,4.1
1986-06-22T06:00:00,4.1
1986-06-23T06:00:00,4.08
1986-06-24T06:00:00,4.13
1986-06-25T06:00:00,4.17
1986-06-26T06:00:00,4.19
1986-06-27T06:00:00,4.2
1986-06-28T06:00:00,4.2
1986-06-29T06:00:00,4.2
1986-06-30T06:00:00,4.2
1986-07-01T06:00:00,4.15
1986-07-02T06:00:00,4.1
1986-07-03T06:00:00,4.1
1986-07-04T06:00:00,4.1
1986-07-05T06:00:00,4.1
1986-07-06T06:00:00,4.08
1986-07-07T06:00:00,4.09
1986-07-08T06:00:00,4.08
1986-07-09T06:00:00,4.08
1986-07-10T06:00:00,4.04
1986-07-11T06:00:00,4
1986-07-12T06:00:00,4
1986-07-13T06:00:00,3.95
1986-07-14T06:00:00,3.94
1986-07-15T06:00:00,3.94
1986-07-16T06:00:00,3.92
1986-07-17T06:00:00,3.91
1986-07-18T06:00:00,3.9
1986-07-19T06:00:00,3.9
1986-07-20T06:00:00,3.97
1986-07-21T06:00:00,3.86
1986-07-22T06:00:00,3.84
1986-07-23T06:00:00,3.86
1986-07-24T06:00:00,3.82
1986-07-25T06:00:00,3.78
1986-07-26T06:00:00,3.8
1986-07-27T06:00:00,3.78
1986-07-28T06:00:00,3.76
1986-07-29T06:00:00,3.78
1986-07-30T06:00:00,3.76
1986-07-31T06:00:00,3.72
1986-08-02T06:00:00,3.71
1986-08-03T06:00:00,3.68
1986-08-04T06:00:00,3.68
1986-08-05T06:00:00,3.68
1986-08-06T06:00:00,3.68
1986-08-07T06:00:00,3.66
1986-08-08T06:00:00,3.63
1986-08-09T06:00:00,3.61
1986-08-10T06:00:00,3.59
1986-08-11T06:00:00,3.57
1986-08-12T06:00:00,3.56
1986-08-13T06:00:00,3.52
1986-08-14T06:00:00,3.51
1986-08-15T06:00:00,3.49
1986-08-16T06:00:00,3.47
1986-08-17T06:00:00,3.46
1986-08-18T06:00:00,3.44
1986-08-19T06:00:00,3.44
1986-08-20T06:00:00,3.4
1986-08-21T06:00:00,3.35
1986-08-22T06:00:00,3.33
1986-08-23T06:00:00,3.24
1986-08-24T06:00:00,3.17
1986-08-25T06:00:00,3.16
1986-08-26T06:00:00,3.15
1986-08-27T06:00:00,2.83
1986-08-28T06:00:00,3.09
1986-08-29T06:00:00,3.09
1986-08-30T06:00:00,3.09
1986-08-31T06:00:00,3.17
1986-09-01T06:00:00,3.13
1986-09-02T06:00:00,3.07
1986-09-03T06:00:00,3.14
1986-09-04T06:00:00,3.1
1986-09-05T06:00:00,3.15
1986-09-06T06:00:00,3.18
1986-09-07T06:00:00,3.15
1986-09-08T06:00:00,3.15
1986-09-09T06:00:00,3.12
1986-09-10T06:00:00,3.1
1986-09-11T06:00:00,3.1
1986-09-12T06:00:00,3.05
1986-09-13T06:00:00,3.03
1986-09-14T06:00:00,3
1986-09-15T06:00:00,2.96
1986-09-16T06:00:00,2.92
1986-09-17T06:00:00,2.92
1986-09-18T06:00:00,2.9
1986-09-19T06:00:00,2.85
1986-09-20T06:00:00,2.81
1986-09-21T06:00:00,2.72
1986-09-22T06:00:00,2.65
1986-09-23T06:00:00,2.57
1986-09-24T06:00:00,2.57
1986-09-25T06:00:00,2.64
1986-09-26T06:00:00,2.7
1986-09-27T06:00:00,2.65
1986-09-28T06:00:00,2.58
1986-09-29T06:00:00,2.54
1986-09-30T06:00:00,2.5
1986-10-01T06:00:00,2.54
1986-10-02T06:00:00,2.56
1986-10-03T06:00:00,2.58
1986-10-04T06:00:00,2.65
1986-10-05T06:00:00,2.75
1986-10-06T06:00:00,2.8
1986-10-07T06:00:00,2.74
1986-10-08T06:00:00,2.66
1986-10-09T06:00:00,2.88
1986-10-10T06:00:00,2.92
1986-10-11T06:00:00,2.9
1986-10-12T06:00:00,2.9
1986-10-13T06:00:00,2.7
1986-10-14T06:00:00,2.9
1986-10-15T06:00:00,2.9
1986-10-16T06:00:00,2.88
1986-10-17T06:00:00,2.9
1986-10-18T06:00:00,2.9
1986-10-19T06:00:00,2.98
1986-10-20T06:00:00,3.03
1986-10-21T06:00:00,3
1986-10-22T06:00:00,2.97
1986-10-23T06:00:00,2.99
1986-10-24T06:00:00,3.05
1986-10-25T06:00:00,3
1986-10-26T06:00:00,2.97
1986-10-27T06:00:00,2.97
1986-10-28T06:00:00,2.95
1986-10-29T06:00:00,2.88
1986-10-30T06:00:00,2.93
1986-10-31T06:00:00,2.92
1986-11-01T06:00:00,2.86
1986-11-02T06:00:00,2.78
1986-11-03T06:00:00,2.77
1986-11-04T06:00:00,2.75
1986-11-05T06:00:00,2.64
1986-11-06T06:00:00,2.54
1986-11-07T06:00:00,2.56
1986-11-08T06:00:00,2.49
1986-11-09T06:00:00,2.45
1986-11-10T06:00:00,2.5
1986-11-11T06:00:00,2.66
1986-11-12T06:00:00,2.62
1986-11-13T06:00:00,2.7
1986-11-15T06:00:00,2.66
1986-11-16T06:00:00,2.66
1986-11-17T06:00:00,2.77
1986-11-18T06:00:00,2.82
1986-11-19T06:00:00,2.82
1986-11-20T06:00:00,2.82
1986-11-21T06:00:00,2.84
1986-11-24T06:00:00,2.96
1986-11-25T06:00:00,2.98
1986-11-26T06:00:00,2.91
1986-11-27T06:00:00,2.92
1986-11-28T06:00:00,2.9
1986-11-29T06:00:00,2.94
1986-11-30T06:00:00,2.9
1986-12-01T06:00:00,2.82
1986-12-02T06:00:00,2.83
1986-12-03T06:00:00,2.78
1986-12-04T06:00:00,2.71
1986-12-05T06:00:00,2.67
1986-12-09T06:00:00,2.6
1986-12-10T06:00:00,2.54
1986-12-11T06:00:00,2.51
1986-12-12T06:00:00,2.59
1986-12-13T06:00:00,2.5
1986-12-14T06:00:00,2.4
1986-12-15T06:00:00,2.35
1986-12-16T06:00:00,2.3
1986-12-17T06:00:00,2.25
1986-12-18T06:00:00,2.26
1986-12-19T06:00:00,2.4
1986-12-20T06:00:00,2.32
1986-12-21T06:00:00,2.22
1986-12-22T06:00:00,2.18
1986-12-23T06:00:00,2.24
1986-12-24T06:00:00,2.2
1986-12-26T06:00:00,2.18
1986-12-29T06:00:00,2.34
1986-12-30T06:00:00,2.32
1986-12-31T06:00:00,2.3
1987-01-01T06:00:00,2.3
1987-01-02T06:00:00,2.37
1987-01-03T06:00:00,2.57
1987-01-04T06:00:00,2.59
1987-01-05T06:00:00,2.55
1987-01-06T06:00:00,2.58
1987-01-07T06:00:00,2.6
1987-01-08T06:00:00,2.6
1987-01-09T06:00:00,2.61
1987-01-10T06:00:00,2.62
1987-01-11T06:00:00,2.6
1987-01-12T06:00:00,2.68
1987-01-13T06:00:00,2.72
1987-01-14T06:00:00,2.68
1987-01-15T06:00:00,2.66
1987-01-16T06:00:00,2.65
1987-01-17T06:00:00,2.5
1987-01-18T06:00:00,2.58
1987-01-19T06:00:00,2.55
1987-01-20T06:00:00,2.57
1987-01-21T06:00:00,2.58
1987-01-22T06:00:00,2.5
1987-01-23T06:00:00,2.6
1987-01-24T06:00:00,2.64
1987-01-25T06:00:00,2.6
1987-01-26T06:00:00,2.57
1987-01-27T06:00:00,2.64
1987-01-28T06:00:00,2.62
1987-01-29T06:00:00,2.62
1987-01-30T06:00:00,2.65
1987-01-31T06:00:00,2.65
1987-02-01T06:00:00,2.62
1987-02-02T06:00:00,2.65
1987-02-03T06:00:00,2.73
1987-02-04T06:00:00,2.67
1987-02-05T06:00:00,2.65
1987-02-06T06:00:00,2.65
1987-02-09T06:00:00,2.61
1987-02-10T06:00:00,2.67
1987-02-11T06:00:00,2.63
1987-02-12T06:00:00,2.57
1987-02-13T06:00:00,2.5
1987-02-14T06:00:00,2.5
1987-02-15T06:00:00,2.5
1987-02-16T06:00:00,2.52
1987-02-17T06:00:00,2.55
1987-02-18T06:00:00,2.6
1987-02-19T06:00:00,2.64
1987-02-20T06:00:00,2.65
1987-02-21T06:00:00,2.7
1987-02-22T06:00:00,2.71
1987-02-23T06:00:00,2.79
1987-02-24T06:00:00,2.86
1987-02-25T06:00:00,2.87
1987-02-26T06:00:00,2.9
1987-02-27T06:00:00,3.01
1987-03-02T06:00:00,2.96
1987-03-03T06:00:00,2.97
1987-03-04T06:00:00,3
1987-03-05T06:00:00,3.05
1987-03-06T06:00:00,3
1987-03-07T06:00:00,2.98
1987-03-08T06:00:00,3.02
1987-03-09T06:00:00,3.08
1987-03-10T06:00:00,3.14
1987-03-11T06:00:00,3.19
1987-03-12T06:00:00,3.22
1987-03-13T06:00:00,3.2
1987-03-14T06:00:00,3.14
1987-03-15T06:00:00,3.12
1987-03-16T06:00:00,3.16
1987-03-17T06:00:00,3.21
1987-03-18T06:00:00,3.18
1987-03-19T06:00:00,3.12
1987-03-20T06:00:00,3.12
1987-03-21T06:00:00,3.18
1987-03-22T06:00:00,3.18
1987-03-23T06:00:00,3.18
1987-03-24T06:00:00,3.18
1987-03-25T06:00:00,3.24
1987-03-26T06:00:00,3.14
1987-03-27T06:00:00,3.12
1987-03-28T06:00:00,3.12
1987-03-30T06:00:00,3.07
1987-03-31T06:00:00,3.17
1987-04-01T06:00:00,3.24
1987-04-02T06:00:00,3.33
1987-04-03T06:00:00,3.29
1987-04-04T06:00:00,3.26
1987-04-05T06:00:00,3.24
1987-04-06T06:00:00,3.22
1987-04-07T06:00:00,3.18
1987-04-08T06:00:00,3.2
1987-04-09T06:00:00,3.24
1987-04-10T06:00:00,3.2
1987-04-11T06:00:00,3.22
1987-04-12T06:00:00,3.22
1987-04-13T06:00:00,3.18
1987-04-14T06:00:00,3.14
1987-04-15T06:00:00,3.2
1987-04-16T06:00:00,3.2
1987-04-17T06:00:00,3.13
1987-04-18T06:00:00,3.18
1987-04-19T06:00:00,3.2
1987-04-20T06:00:00,3.21
1987-04-21T06:00:00,3.2
1987-04-22T06:00:00,3.2
1987-04-23T06:00:00,3.19
1987-04-24T06:00:00,3.25
1987-04-25T06:00:00,3.2
1987-04-27T06:00:00,3.33
1987-04-28T06:00:00,3.37
1987-04-29T06:00:00,3.4
1987-04-30T06:00:00,3.42
1987-05-01T06:00:00,3.4
1987-05-02T06:00:00,3.46
1987-05-03T06:00:00,3.4
1987-05-04T06:00:00,3.45
1987-05-05T06:00:00,3.44
1987-05-06T06:00:00,3.45
1987-05-07T06:00:00,3.45
1987-05-08T06:00:00,3.49
1987-05-09T06:00:00,3.38
1987-05-10T06:00:00,3.45
1987-05-11T06:00:00,3.47
1987-05-12T06:00:00,3.45
1987-05-13T06:00:00,3.45
1987-05-14T06:00:00,3.48
1987-05-15T06:00:00,3.48
1987-05-16T06:00:00,3.48
1987-05-17T06:00:00,3.49
1987-05-18T06:00:00,3.5
1987-05-19T06:00:00,3.57
1987-05-20T06:00:00,3.6
1987-05-21T06:00:00,3.6
1987-05-22T06:00:00,3.62
1987-05-23T06:00:00,3.63
1987-05-24T06:00:00,0.36
1987-05-25T06:00:00,3.61
1987-05-26T06:00:00,3.61
1987-05-27T06:00:00,3.61
1987-05-28T06:00:00,3.67
1987-05-29T06:00:00,3.68
1987-05-30T06:00:00,3.68
1987-05-31T06:00:00,3.68
1987-06-01T06:00:00,3.68
1987-06-02T06:00:00,3.68
1987-06-03T06:00:00,3.73
1987-06-04T06:00:00,3.76
1987-06-05T06:00:00,3.76
1987-06-06T06:00:00,3.78
1987-06-07T06:00:00,3.79
1987-06-08T06:00:00,3.8
1987-06-09T06:00:00,3.8
1987-06-10T06:00:00,3.81
1987-06-11T06:00:00,3.88
1987-06-12T06:00:00,3.9
1987-06-13T06:00:00,3.92
1987-06-14T06:00:00,3.96
1987-06-15T06:00:00,4.01
1987-06-16T06:00:00,4.05
1987-06-17T06:00:00,4.07
1987-06-18T06:00:00,4.11
1987-06-19T06:00:00,4.16
1987-06-20T06:00:00,4.19
1987-06-21T06:00:00,4.19
1987-06-22T06:00:00,4.19
1987-06-23T06:00:00,4.28
1987-06-24T06:00:00,4.33
1987-06-25T06:00:00,4.37
1987-06-26T06:00:00,4.4
1987-06-27T06:00:00,4.44
1987-06-28T06:00:00,4.44
1987-06-29T06:00:00,4.45
1987-06-30T06:00:00,4.43
1987-07-01T06:00:00,4.43
1987-07-02T06:00:00,4.44
1987-07-03T06:00:00,4.48
1987-07-04T06:00:00,4.43
1987-07-05T06:00:00,4.41
1987-07-06T06:00:00,4.43
1987-07-07T06:00:00,4.44
1987-07-08T06:00:00,4.44
1987-07-09T06:00:00,4.42
1987-07-10T06:00:00,4.42
1987-07-11T06:00:00,4.42
1987-07-12T06:00:00,4.4
1987-07-13T06:00:00,4.37
1987-07-14T06:00:00,4.31
1987-07-15T06:00:00,4.37
1987-07-16T06:00:00,4.36
1987-07-17T06:00:00,4.29
1987-07-18T06:00:00,4.28
1987-07-19T06:00:00,4.24
1987-07-20T06:00:00,4.3
1987-07-21T06:00:00,4.3
1987-07-22T06:00:00,4.27
1987-07-23T06:00:00,4.32
1987-07-24T06:00:00,4.3
1987-07-25T06:00:00,4.28
1987-07-26T06:00:00,4.28
1987-07-27T06:00:00,4.21
1987-07-28T06:00:00,4.21
1987-07-29T06:00:00,4.21
1987-07-30T06:00:00,4.18
1987-07-31T06:00:00,4.18
1987-08-01T06:00:00,4.18
1987-08-02T06:00:00,4.18
1987-08-03T06:00:00,4.15
1987-08-04T06:00:00,4.14
1987-08-05T06:00:00,4.12
1987-08-06T06:00:00,4.08
1987-08-07T06:00:00,4.01
1987-08-08T06:00:00,4.01
1987-08-09T06:00:00,4.08
1987-08-10T06:00:00,4.08
1987-08-11T06:00:00,4.08
1987-08-12T06:00:00,4.05
1987-08-13T06:00:00,4.02
1987-08-14T06:00:00,4
1987-08-15T06:00:00,4
1987-08-16T06:00:00,3.98
1987-08-17T06:00:00,3.98
1987-08-18T06:00:00,3.84
1987-08-19T06:00:00,3.8
1987-08-20T06:00:00,3.79
1987-08-21T06:00:00,3.78
1987-08-22T06:00:00,3.77
1987-08-23T06:00:00,3.72
1987-08-24T06:00:00,3.7
1987-08-25T06:00:00,3.7
1987-08-26T06:00:00,3.66
1987-08-27T06:00:00,3.62
1987-08-28T06:00:00,3.56
1987-08-29T06:00:00,3.54
1987-08-30T06:00:00,3.52
1987-08-31T06:00:00,3.44
1987-09-01T06:00:00,3.34
1987-09-02T06:00:00,3.34
1987-09-03T06:00:00,3.24
1987-09-04T06:00:00,3.21
1987-09-05T06:00:00,3.17
1987-09-06T06:00:00,3.16
1987-09-07T06:00:00,3.16
1987-09-08T06:00:00,3.14
1987-09-09T06:00:00,3.1
1987-09-10T06:00:00,2.99
1987-09-11T06:00:00,2.97
1987-09-12T06:00:00,2.93
1987-09-13T06:00:00,2.93
1987-09-14T06:00:00,2.87
1987-09-15T06:00:00,2.86
1987-09-16T06:00:00,2.75
1987-09-17T06:00:00,2.67
1987-09-18T06:00:00,2.67
1987-09-19T06:00:00,2.65
1987-09-20T06:00:00,2.6
1987-09-21T06:00:00,2.54
1987-09-22T06:00:00,2.51
1987-09-23T06:00:00,2.49
1987-09-24T06:00:00,2.37
1987-09-25T06:00:00,2.35
1987-09-26T06:00:00,2.3
1987-09-27T06:00:00,2.28
1987-09-28T06:00:00,2.26
1987-09-29T06:00:00,2.35
1987-09-30T06:00:00,2.35
1987-10-01T06:00:00,2.35
1987-10-02T06:00:00,2.2
1987-10-03T06:00:00,2.18
1987-10-04T06:00:00,2.1
1987-10-05T06:00:00,2.04
1987-10-06T06:00:00,1.96
1987-10-07T06:00:00,1.95
1987-10-08T06:00:00,1.95
1987-10-09T06:00:00,1.95
1987-10-10T06:00:00,1.93
1987-10-11T06:00:00,1.93
1987-10-12T06:00:00,1.85
1987-10-13T06:00:00,1.85
1987-10-14T06:00:00,1.95
1987-10-15T06:00:00,1.97
1987-10-16T06:00:00,2
1987-10-17T06:00:00,2
1987-10-18T06:00:00,1.95
1987-10-19T06:00:00,1.9
1987-10-20T06:00:00,1.9
1987-10-21T06:00:00,1.87
1987-10-22T06:00:00,1.78
1987-10-23T06:00:00,1.82
1987-10-24T06:00:00,1.82
1987-10-25T06:00:00,1.8
1987-10-26T06:00:00,2
1987-10-27T06:00:00,1.95
1987-10-28T06:00:00,1.88
1987-10-29T06:00:00,1.81
1987-10-30T06:00:00,1.86
1987-10-31T06:00:00,1.9
1987-11-01T06:00:00,1.95
1987-11-02T06:00:00,1.88
1987-11-03T06:00:00,1.99
1987-11-04T06:00:00,2.07
1987-11-05T06:00:00,2.29
1987-11-06T06:00:00,2.42
1987-11-07T06:00:00,2.31
1987-11-08T06:00:00,2.2
1987-11-09T06:00:00,2.12
1987-11-10T06:00:00,2.23
1987-11-11T06:00:00,2.22
1987-11-12T06:00:00,2.16
1987-11-13T06:00:00,2.15
1987-11-14T06:00:00,2.15
1987-11-15T06:00:00,2.16
1987-11-16T06:00:00,2.18
1987-11-17T06:00:00,2.25
1987-11-18T06:00:00,2.27
1987-11-19T06:00:00,2.3
1987-11-20T06:00:00,2.22
1987-11-21T06:00:00,2.55
1987-11-22T06:00:00,2.59
1987-11-23T06:00:00,2.59
1987-11-24T06:00:00,2.56
1987-11-25T06:00:00,2.56
1987-11-26T06:00:00,2.56
1987-11-27T06:00:00,2.58
1987-11-28T06:00:00,2.64
1987-11-29T06:00:00,2.66
1987-11-30T06:00:00,2.66
1987-12-01T06:00:00,2.68
1987-12-02T06:00:00,2.7
1987-12-03T06:00:00,2.78
1987-12-04T06:00:00,2.85
1987-12-05T06:00:00,2.8
1987-12-06T06:00:00,2.85
1987-12-07T06:00:00,2.82
1987-12-08T06:00:00,2.8
1987-12-09T06:00:00,2.79
1987-12-10T06:00:00,2.82
1987-12-11T06:00:00,2.8
1987-12-12T06:00:00,2.75
1987-12-13T06:00:00,2.69
1987-12-14T06:00:00,2.72
1987-12-15T06:00:00,2.72
1987-12-16T06:00:00,2.72
1987-12-17T06:00:00,2.68
1987-12-18T06:00:00,2.68
1987-12-19T06:00:00,2.74
1987-12-20T06:00:00,2.7
1987-12-21T06:00:00,2.72
1987-12-22T06:00:00,2.72
1987-12-23T06:00:00,2.66
1987-12-24T06:00:00,2.64
1987-12-25T06:00:00,2.56
1987-12-26T06:00:00,2.48
1987-12-27T06:00:00,2.4
1987-12-28T06:00:00,2.4
1987-12-29T06:00:00,2.46
1987-12-30T06:00:00,2.45
1987-12-31T06:00:00,2.42
1988-01-01T06:00:00,2.42
1988-01-02T06:00:00,2.35
1988-01-03T06:00:00,2.4
1988-01-04T06:00:00,2.35
1988-01-05T06:00:00,2.29
1988-01-06T06:00:00,2.21
1988-01-07T06:00:00,2.25
1988-01-08T06:00:00,2.26
1988-01-09T06:00:00,2.15
1988-01-10T06:00:00,2.1
1988-01-11T06:00:00,2.05
1988-01-12T06:00:00,1.98
1988-01-13T06:00:00,1.96
1988-01-14T06:00:00,1.95
1988-01-15T06:00:00,1.98
1988-01-16T06:00:00,2.02
1988-01-17T06:00:00,2.02
1988-01-18T06:00:00,2
1988-01-19T06:00:00,1.97
1988-01-20T06:00:00,2
1988-01-21T06:00:00,2.13
1988-01-22T06:00:00,2.21
1988-01-23T06:00:00,2.31
1988-01-24T06:00:00,2.58
1988-01-25T06:00:00,2.61
1988-01-26T06:00:00,2.65
1988-01-27T06:00:00,2.68
1988-01-28T06:00:00,2.72
1988-01-29T06:00:00,2.8
1988-01-30T06:00:00,2.88
1988-01-31T06:00:00,2.94
1988-02-01T06:00:00,3.05
1988-02-02T06:00:00,3
1988-02-03T06:00:00,3.02
1988-02-04T06:00:00,2.94
1988-02-05T06:00:00,2.95
1988-02-06T06:00:00,2.9
1988-02-07T06:00:00,3.02
1988-02-08T06:00:00,3.03
1988-02-09T06:00:00,3.07
1988-02-10T06:00:00,3.07
1988-02-11T06:00:00,3.1
1988-02-12T06:00:00,3.08
1988-02-13T06:00:00,3.08
1988-02-14T06:00:00,3.06
1988-02-15T06:00:00,2.96
1988-02-16T06:00:00,2.95
1988-02-17T06:00:00,2.9
1988-02-18T06:00:00,2.8
1988-02-19T06:00:00,2.8
1988-02-20T06:00:00,2.74
1988-02-21T06:00:00,2.69
1988-02-22T06:00:00,2.62
1988-02-23T06:00:00,2.6
1988-02-24T06:00:00,2.64
1988-02-25T06:00:00,2.65
1988-02-26T06:00:00,2.7
1988-02-27T06:00:00,2.69
1988-02-28T06:00:00,2.69
1988-02-29T06:00:00,2.67
1988-03-01T06:00:00,2.65
1988-03-02T06:00:00,2.68
1988-03-03T06:00:00,2.63
1988-03-04T06:00:00,2.58
1988-03-05T06:00:00,2.53
1988-03-06T06:00:00,2.6
1988-03-07T06:00:00,2.59
1988-03-08T06:00:00,2.78
1988-03-09T06:00:00,2.8
1988-03-10T06:00:00,2.7
1988-03-11T06:00:00,2.72
1988-03-12T06:00:00,2.72
1988-03-13T06:00:00,2.86
1988-03-14T06:00:00,2.95
1988-03-15T06:00:00,2.95
1988-03-16T06:00:00,2.87
1988-03-17T06:00:00,2.83
1988-03-18T06:00:00,2.8
1988-03-19T06:00:00,2.86
1988-03-20T06:00:00,2.86
1988-03-21T06:00:00,2.78
1988-03-22T06:00:00,2.8
1988-03-23T06:00:00,2.83
1988-03-24T06:00:00,2.92
1988-03-25T06:00:00,2.98
1988-03-26T06:00:00,3.04
1988-03-27T06:00:00,3
1988-03-28T06:00:00,3.08
1988-03-29T06:00:00,3.21
1988-03-30T06:00:00,3.23
1988-03-31T06:00:00,3.21
1988-04-01T06:00:00,3.18
1988-04-02T06:00:00,3.16
1988-04-03T06:00:00,3.2
1988-04-04T06:00:00,3.22
1988-04-05T06:00:00,3.15
1988-04-06T06:00:00,3.18
1988-04-07T06:00:00,3.17
1988-04-08T06:00:00,3.1
1988-04-09T06:00:00,3.1
1988-04-10T06:00:00,3.1
1988-04-11T06:00:00,3.05
1988-04-12T06:00:00,2.98
1988-04-13T06:00:00,3.03
1988-04-14T06:00:00,2.95
1988-04-15T06:00:00,2.9
1988-04-16T06:00:00,2.82
1988-04-17T06:00:00,2.78
1988-04-18T06:00:00,2.64
1988-04-19T06:00:00,2.67
1988-04-20T06:00:00,2.6
1988-04-21T06:00:00,2.58
1988-04-22T06:00:00,2.6
1988-04-23T06:00:00,2.6
1988-04-24T06:00:00,2.62
1988-04-25T06:00:00,2.6
1988-04-26T06:00:00,2.57
1988-04-27T06:00:00,2.64
1988-04-28T06:00:00,2.66
1988-04-29T06:00:00,2.66
1988-04-30T06:00:00,2.61
1988-05-01T06:00:00,2.61
1988-05-02T06:00:00,2.57
1988-05-03T06:00:00,2.58
1988-05-04T06:00:00,2.63
1988-05-05T06:00:00,2.72
1988-05-06T06:00:00,2.8
1988-05-07T06:00:00,2.77
1988-05-08T06:00:00,2.72
1988-05-09T06:00:00,2.7
1988-05-10T06:00:00,2.83
1988-05-11T06:00:00,2.85
1988-05-12T06:00:00,2.87
1988-05-13T06:00:00,2.89
1988-05-14T06:00:00,2.89
1988-05-15T06:00:00,2.9
1988-05-16T06:00:00,2.9
1988-05-17T06:00:00,2.91
1988-05-18T06:00:00,2.95
1988-05-19T06:00:00,2.98
1988-05-20T06:00:00,2.95
1988-05-21T06:00:00,2.96
1988-05-22T06:00:00,2.99
1988-05-23T06:00:00,2.98
1988-05-24T06:00:00,2.96
1988-05-25T06:00:00,2.97
1988-05-26T06:00:00,3.01
1988-05-27T06:00:00,3.01
1988-05-28T06:00:00,2.91
1988-05-29T06:00:00,3.01
1988-05-30T06:00:00,2.99
1988-05-31T06:00:00,2.99
1988-06-01T06:00:00,3
1988-06-02T06:00:00,3.03
1988-06-03T06:00:00,3
1988-06-04T06:00:00,2.97
1988-06-05T06:00:00,2.97
1988-06-06T06:00:00,3.03
1988-06-07T06:00:00,3.04
1988-06-08T06:00:00,3.04
1988-06-09T06:00:00,3.08
1988-06-10T06:00:00,3.11
1988-06-11T06:00:00,3.13
1988-06-12T06:00:00,3.18
1988-06-13T06:00:00,3.18
1988-06-14T06:00:00,3.2
1988-06-15T06:00:00,3.24
1988-06-16T06:00:00,3.25
1988-06-17T06:00:00,3.26
1988-06-18T06:00:00,3.28
1988-06-19T06:00:00,3.28
1988-06-20T06:00:00,3.29
1988-06-21T06:00:00,3.32
1988-06-22T06:00:00,3.32
1988-06-23T06:00:00,3.36
1988-06-24T06:00:00,3.37
1988-06-25T06:00:00,3.37
1988-06-26T06:00:00,3.4
1988-06-27T06:00:00,3.41
1988-06-28T06:00:00,3.4
1988-06-29T06:00:00,3.4
1988-06-30T06:00:00,3.4
1988-07-01T06:00:00,3.42
1988-07-02T06:00:00,3.46
1988-07-03T06:00:00,3.51
1988-07-04T06:00:00,3.53
1988-07-05T06:00:00,3.54
1988-07-06T06:00:00,3.55
1988-07-07T06:00:00,3.55
1988-07-08T06:00:00,3.52
1988-07-09T06:00:00,3.52
1988-07-10T06:00:00,3.52
1988-07-11T06:00:00,3.51
1988-07-12T06:00:00,3.54
1988-07-13T06:00:00,3.55
1988-07-14T06:00:00,3.57
1988-07-15T06:00:00,3.57
1988-07-16T06:00:00,3.53
1988-07-17T06:00:00,3.53
1988-07-18T06:00:00,3.51
1988-07-19T06:00:00,3.5
1988-07-20T06:00:00,3.49
1988-07-21T06:00:00,3.48
1988-07-22T06:00:00,3.48
1988-07-23T06:00:00,3.47
1988-07-24T06:00:00,3.49
1988-07-25T06:00:00,3.53
1988-07-26T06:00:00,3.51
1988-07-27T06:00:00,3.51
1988-07-28T06:00:00,3.51
1988-07-29T06:00:00,3.48
1988-07-30T06:00:00,3.42
1988-07-31T06:00:00,3.38
1988-08-01T06:00:00,3.37
1988-08-02T06:00:00,3.36
1988-08-03T06:00:00,3.36
1988-08-04T06:00:00,3.36
1988-08-05T06:00:00,3.4
1988-08-06T06:00:00,3.38
1988-08-07T06:00:00,3.36
1988-08-08T06:00:00,3.36
1988-08-09T06:00:00,3.33
1988-08-10T06:00:00,3.32
1988-08-11T06:00:00,3.32
1988-08-12T06:00:00,3.34
1988-08-13T06:00:00,3.35
1988-08-14T06:00:00,3.3
1988-08-15T06:00:00,3.28
1988-08-16T06:00:00,3.28
1988-08-17T06:00:00,3.24
1988-08-18T06:00:00,3.2
1988-08-19T06:00:00,3.2
1988-08-20T06:00:00,3.2
1988-08-21T06:00:00,3.17
1988-08-22T06:00:00,3.15
1988-08-23T06:00:00,3.15
1988-08-24T06:00:00,3.13
1988-08-25T06:00:00,3.08
1988-08-26T06:00:00,3.01
1988-08-27T06:00:00,3.01
1988-08-28T06:00:00,3.04
1988-08-29T06:00:00,3.05
1988-08-30T06:00:00,3.03
1988-08-31T06:00:00,3.03
1988-09-01T06:00:00,3
1988-09-02T06:00:00,3
1988-09-03T06:00:00,3
1988-09-04T06:00:00,2.98
1988-09-05T06:00:00,2.94
1988-09-06T06:00:00,2.92
1988-09-07T06:00:00,2.92
1988-09-08T06:00:00,2.9
1988-09-09T06:00:00,2.87
1988-09-10T06:00:00,2.85
1988-09-11T06:00:00,2.8
1988-09-12T06:00:00,2.8
1988-09-13T06:00:00,2.77
1988-09-14T06:00:00,2.79
1988-09-15T06:00:00,2.74
1988-09-16T06:00:00,2.74
1988-09-17T06:00:00,2.79
1988-09-18T06:00:00,2.79
1988-09-19T06:00:00,2.79
1988-09-20T06:00:00,2.79
1988-09-21T06:00:00,2.71
1988-09-22T06:00:00,2.76
1988-09-23T06:00:00,2.78
1988-09-24T06:00:00,2.78
1988-09-25T06:00:00,2.75
1988-09-26T06:00:00,2.7
1988-09-27T06:00:00,2.7
1988-09-28T06:00:00,2.75
1988-09-29T06:00:00,2.73
1988-09-30T06:00:00,2.75
1988-10-01T06:00:00,2.77
1988-10-02T06:00:00,2.78
1988-10-03T06:00:00,2.81
1988-10-04T06:00:00,3.81
1988-10-05T06:00:00,2.79
1988-10-06T06:00:00,2.79
1988-10-07T06:00:00,2.84
1988-10-08T06:00:00,2.88
1988-10-09T06:00:00,2.89
1988-10-10T06:00:00,2.95
1988-10-11T06:00:00,2.98
1988-10-12T06:00:00,3
1988-10-13T06:00:00,2.94
1988-10-14T06:00:00,2.77
1988-10-15T06:00:00,2.74
1988-10-16T06:00:00,2.64
1988-10-17T06:00:00,2.53
1988-10-18T06:00:00,2.42
1988-10-19T06:00:00,2.12
1988-10-20T06:00:00,1.95
1988-10-21T06:00:00,1.8
1988-10-22T06:00:00,1.74
1988-10-23T06:00:00,1.58
1988-10-24T06:00:00,1.58
1988-10-25T06:00:00,1.54
1988-10-26T06:00:00,1.41
1988-10-27T06:00:00,1.49
1988-10-28T06:00:00,1.45
1988-10-29T06:00:00,1.38
1988-10-30T06:00:00,1.28
1988-10-31T06:00:00,1.72
1988-11-01T06:00:00,1.66
1988-11-02T06:00:00,1.59
1988-11-03T06:00:00,1.6
1988-11-04T06:00:00,1.57
1988-11-05T06:00:00,1.6
1988-11-06T06:00:00,1.63
1988-11-07T06:00:00,1.67
1988-11-08T06:00:00,1.78
1988-11-09T06:00:00,1.95
1988-11-10T06:00:00,2.1
1988-11-11T06:00:00,2.2
1988-11-12T06:00:00,2.08
1988-11-13T06:00:00,2.06
1988-11-14T06:00:00,2.06
1988-11-15T06:00:00,2.08
1988-11-16T06:00:00,2.08
1988-11-17T06:00:00,1.93
1988-11-18T06:00:00,1.89
1988-11-19T06:00:00,1.85
1988-11-20T06:00:00,1.83
1988-11-21T06:00:00,1.75
1988-11-22T06:00:00,1.84
1988-11-23T06:00:00,1.88
1988-11-24T06:00:00,1.8
1988-11-25T06:00:00,1.73
1988-11-26T06:00:00,1.68
1988-11-27T06:00:00,1.63
1988-11-28T06:00:00,1.7
1988-11-29T06:00:00,1.65
1988-11-30T06:00:00,1.47
1988-12-01T06:00:00,1.45
1988-12-02T06:00:00,1.45
1988-12-03T06:00:00,1.31
1988-12-04T06:00:00,1.2
1988-12-05T06:00:00,1.2
1988-12-06T06:00:00,1.18
1988-12-07T06:00:00,1.27
1988-12-08T06:00:00,1.22
1988-12-09T06:00:00,1.18
1988-12-10T06:00:00,1.22
1988-12-11T06:00:00,1.22
1988-12-12T06:00:00,1.28
1988-12-13T06:00:00,1
1988-12-14T06:00:00,1.08
1988-12-15T06:00:00,1.14
1988-12-16T06:00:00,1.01
1988-12-17T06:00:00,1.11
1988-12-18T06:00:00,1.07
1988-12-19T06:00:00,1.03
1988-12-20T06:00:00,1.03
1988-12-21T06:00:00,1
1988-12-22T06:00:00,0.9
1988-12-23T06:00:00,0.79
1988-12-25T06:00:00,0.87
1988-12-26T06:00:00,0.85
1988-12-27T06:00:00,0.95
1988-12-28T06:00:00,0.95
1988-12-29T06:00:00,1.21
1988-12-30T06:00:00,1.21
1988-12-31T06:00:00,1.05
1989-01-01T06:00:00,0.85
1989-01-02T06:00:00,0.85
1989-01-03T06:00:00,0.65
1989-01-04T06:00:00,0.65
1989-01-05T06:00:00,0.63
1989-01-06T06:00:00,0.66
1989-01-07T06:00:00,0.53
1989-01-08T06:00:00,0.51
1989-01-09T06:00:00,0.75
1989-01-10T06:00:00,0.76
1989-01-11T06:00:00,0.95
1989-01-12T06:00:00,0.8
1989-01-13T06:00:00,0.8
1989-01-14T06:00:00,0.96
1989-01-15T06:00:00,0.88
1989-01-16T06:00:00,0.88
1989-01-17T06:00:00,1.08
1989-01-18T06:00:00,1.12
1989-01-19T06:00:00,1.12
1989-01-20T06:00:00,1.03
1989-01-21T06:00:00,1.12
1989-01-22T06:00:00,1.13
1989-01-23T06:00:00,1.38
1989-01-24T06:00:00,1.42
1989-01-25T06:00:00,1.39
1989-01-26T06:00:00,1.59
1989-01-27T06:00:00,1.74
1989-01-28T06:00:00,1.92
1989-01-29T06:00:00,1.93
1989-01-30T06:00:00,1.98
1989-01-31T06:00:00,2.03
1989-02-01T06:00:00,2.18
1989-02-02T06:00:00,2.33
1989-02-03T06:00:00,2.43
1989-02-04T06:00:00,2.45
1989-02-05T06:00:00,2.49
1989-02-06T06:00:00,2.49
1989-02-07T06:00:00,2.4
1989-02-08T06:00:00,2.49
1989-02-09T06:00:00,2.7
1989-02-10T06:00:00,2.71
1989-02-11T06:00:00,2.67
1989-02-12T06:00:00,2.69
1989-02-13T06:00:00,2.69
1989-02-14T06:00:00,2.7
1989-02-15T06:00:00,2.8
1989-02-16T06:00:00,2.84
1989-02-17T06:00:00,2.8
1989-02-18T06:00:00,2.81
1989-02-19T06:00:00,2.83
1989-02-20T06:00:00,2.89
1989-02-21T06:00:00,2.9
1989-02-22T06:00:00,2.92
1989-02-23T06:00:00,3
1989-02-24T06:00:00,3.02
1989-02-25T06:00:00,2.98
1989-02-26T06:00:00,3.03
1989-02-27T06:00:00,3.1
1989-02-28T06:00:00,3.06
1989-03-01T06:00:00,3.08
1989-03-02T06:00:00,3.08
1989-03-03T06:00:00,3.08
1989-03-04T06:00:00,3.08
1989-03-05T06:00:00,3.16
1989-03-06T06:00:00,3.21
1989-03-07T06:00:00,3.23
1989-03-08T06:00:00,3.24
1989-03-09T06:00:00,3.26
1989-03-10T06:00:00,3.28
1989-03-11T06:00:00,3.28
1989-03-12T06:00:00,3.32
1989-03-13T06:00:00,3.39
1989-03-14T06:00:00,3.41
1989-03-15T06:00:00,3.37
1989-03-16T06:00:00,3.39
1989-03-17T06:00:00,3.42
1989-03-18T06:00:00,3.43
1989-03-19T06:00:00,3.45
1989-03-20T06:00:00,3.45
1989-03-21T06:00:00,3.45
1989-03-22T06:00:00,3.48
1989-03-23T06:00:00,3.47
1989-03-24T06:00:00,3.48
1989-03-25T06:00:00,3.52
1989-03-26T06:00:00,3.5
1989-03-27T06:00:00,3.45
1989-03-28T06:00:00,3.53
1989-03-29T06:00:00,3.49
1989-03-30T06:00:00,3.5
1989-03-31T06:00:00,3.5
1989-04-01T06:00:00,3.51
1989-04-02T06:00:00,3.5
1989-04-03T06:00:00,3.5
1989-04-04T06:00:00,3.44
1989-04-05T06:00:00,3.42
1989-04-06T06:00:00,3.4
1989-04-07T06:00:00,3.43
1989-04-08T06:00:00,3.41
1989-04-09T06:00:00,3.4
1989-04-10T06:00:00,3.45
1989-04-11T06:00:00,3.46
1989-04-12T06:00:00,3.47
1989-04-13T06:00:00,3.4
1989-04-14T06:00:00,3.4
1989-04-15T06:00:00,3.38
1989-04-16T06:00:00,3.36
1989-04-17T06:00:00,3.38
1989-04-18T06:00:00,3.38
1989-04-19T06:00:00,3.38
1989-04-20T06:00:00,3.4
1989-04-21T06:00:00,3.38
1989-04-22T06:00:00,3.38
1989-04-23T06:00:00,3.43
1989-04-24T06:00:00,3.43
1989-04-25T06:00:00,3.44
1989-04-26T06:00:00,3.41
1989-04-27T06:00:00,3.39
1989-04-28T06:00:00,3.38
1989-04-29T06:00:00,3.35
1989-04-30T06:00:00,3.38
1989-05-01T06:00:00,3.34
1989-05-02T06:00:00,3.35
1989-05-03T06:00:00,3.34
1989-05-04T06:00:00,3.32
1989-05-05T06:00:00,3.29
1989-05-06T06:00:00,3.36
1989-05-07T06:00:00,3.34
1989-05-08T06:00:00,3.32
1989-05-09T06:00:00,3.3
1989-05-10T06:00:00,3.27
1989-05-11T06:00:00,3.26
1989-05-12T06:00:00,3.23
1989-05-13T06:00:00,3.22
1989-05-14T06:00:00,3.2
1989-05-15T06:00:00,3.2
1989-05-16T06:00:00,3.17
1989-05-17T06:00:00,3.16
1989-05-18T06:00:00,3.18
1989-05-19T06:00:00,3.15
1989-05-20T06:00:00,3.19
1989-05-21T06:00:00,3.19
1989-05-22T06:00:00,3.2
1989-05-23T06:00:00,3.2
1989-05-24T06:00:00,3.17
1989-05-25T06:00:00,3.18
1989-05-26T06:00:00,3.22
1989-05-27T06:00:00,3.28
1989-05-28T06:00:00,3.22
1989-05-29T06:00:00,3.18
1989-05-30T06:00:00,3.17
1989-05-31T06:00:00,3.11
1989-06-01T06:00:00,3.12
1989-06-02T06:00:00,3.15
1989-06-03T06:00:00,3.1
1989-06-04T06:00:00,3.05
1989-06-05T06:00:00,3.03
1989-06-06T06:00:00,3.08
1989-06-07T06:00:00,3.05
1989-06-08T06:00:00,3.04
1989-06-09T06:00:00,3.03
1989-06-10T06:00:00,2.98
1989-06-11T06:00:00,3
1989-06-12T06:00:00,3
1989-06-13T06:00:00,3
1989-06-14T06:00:00,2.89
1989-06-15T06:00:00,2.79
1989-06-16T06:00:00,2.72
1989-06-17T06:00:00,2.7
1989-06-18T06:00:00,2.69
1989-06-19T06:00:00,2.67
1989-06-20T06:00:00,2.58
1989-06-21T06:00:00,2.59
1989-06-22T06:00:00,2.71
1989-06-23T06:00:00,2.67
1989-06-24T06:00:00,2.7
1989-06-25T06:00:00,2.68
1989-06-26T06:00:00,2.68
1989-06-27T06:00:00,2.7
1989-06-28T06:00:00,2.7
1989-06-29T06:00:00,2.67
1989-07-01T06:00:00,2.67
1989-07-02T06:00:00,2.65
1989-07-03T06:00:00,2.68
1989-07-04T06:00:00,2.75
1989-07-05T06:00:00,2.62
1989-07-06T06:00:00,2.62
1989-07-07T06:00:00,2.75
1989-07-08T06:00:00,2.59
1989-07-09T06:00:00,2.7
1989-07-10T06:00:00,2.72
1989-07-11T06:00:00,2.72
1989-07-12T06:00:00,2.72
1989-07-13T06:00:00,2.75
1989-07-14T06:00:00,2.75
1989-07-15T06:00:00,2.71
1989-07-16T06:00:00,2.81
1989-07-17T06:00:00,2.87
1989-07-18T06:00:00,2.84
1989-07-19T06:00:00,2.87
1989-07-20T06:00:00,2.87
1989-07-21T06:00:00,2.86
1989-07-22T06:00:00,2.81
1989-07-23T06:00:00,2.85
1989-07-24T06:00:00,2.85
1989-07-25T06:00:00,2.77
1989-07-26T06:00:00,2.91
1989-07-27T06:00:00,2.87
1989-07-28T06:00:00,2.85
1989-07-29T06:00:00,2.78
1989-07-30T06:00:00,2.77
1989-07-31T06:00:00,2.7
1989-08-01T06:00:00,2.68
1989-08-02T06:00:00,2.72
1989-08-03T06:00:00,2.74
1989-08-04T06:00:00,2.71
1989-08-05T06:00:00,2.66
1989-08-06T06:00:00,2.61
1989-08-07T06:00:00,2.61
1989-08-08T06:00:00,2.59
1989-08-09T06:00:00,2.63
1989-08-10T06:00:00,2.63
1989-08-11T06:00:00,2.65
1989-08-12T06:00:00,2.77
1989-08-13T06:00:00,2.7
1989-08-14T06:00:00,2.67
1989-08-15T06:00:00,2.69
1989-08-16T06:00:00,2.7
1989-08-17T06:00:00,2.7
1989-08-18T06:00:00,2.78
1989-08-19T06:00:00,2.81
1989-08-20T06:00:00,2.83
1989-08-21T06:00:00,3.1
1989-08-22T06:00:00,3.2
1989-08-23T06:00:00,3.13
1989-08-24T06:00:00,3.1
1989-08-25T06:00:00,3.08
1989-08-26T06:00:00,3.06
1989-08-27T06:00:00,3.04
1989-08-28T06:00:00,3.04
1989-08-29T06:00:00,3.08
1989-08-30T06:00:00,3.06
1989-08-31T06:00:00,3
1989-09-01T06:00:00,3.08
1989-09-02T06:00:00,3.1
1989-09-03T06:00:00,3.04
1989-09-04T06:00:00,3.1
1989-09-05T06:00:00,3.05
1989-09-06T06:00:00,3.07
1989-09-07T06:00:00,3.08
1989-09-08T06:00:00,3.1
1989-09-09T06:00:00,3.13
1989-09-10T06:00:00,3.14
1989-09-11T06:00:00,3.1
1989-09-12T06:00:00,3.17
1989-09-13T06:00:00,3.18
1989-09-14T06:00:00,3.2
1989-09-15T06:00:00,3.19
1989-09-16T06:00:00,3.22
1989-09-17T06:00:00,3.28
1989-09-18T06:00:00,3.29
1989-09-19T06:00:00,3.29
1989-09-20T06:00:00,3.3
1989-09-21T06:00:00,3.29
1989-09-22T06:00:00,3.33
1989-09-23T06:00:00,3.37
1989-09-24T06:00:00,3.38
1989-09-25T06:00:00,3.38
1989-09-26T06:00:00,3.41
1989-09-27T06:00:00,3.47
1989-09-28T06:00:00,3.44
1989-09-29T06:00:00,3.46
1989-09-30T06:00:00,3.46
1989-10-01T06:00:00,3.5
1989-10-02T06:00:00,3.48
1989-10-03T06:00:00,3.49
1989-10-04T06:00:00,3.51
1989-10-05T06:00:00,3.52
1989-10-06T06:00:00,3.58
1989-10-07T06:00:00,3.63
1989-10-08T06:00:00,3.6
1989-10-09T06:00:00,3.55
1989-10-10T06:00:00,3.68
1989-10-11T06:00:00,3.69
1989-10-12T06:00:00,3.69
1989-10-13T06:00:00,3.69
1989-10-14T06:00:00,3.69
1989-10-15T06:00:00,3.69
1989-10-16T06:00:00,3.69
1989-10-17T06:00:00,3.69
1989-10-18T06:00:00,3.69
1989-10-19T06:00:00,3.69
1989-10-20T06:00:00,3.69
1989-10-21T06:00:00,3.79
1989-10-22T06:00:00,3.79
1989-10-23T06:00:00,3.8
1989-10-24T06:00:00,3.8
1989-10-25T06:00:00,3.8
1989-10-26T06:00:00,3.79
1989-10-27T06:00:00,3.76
1989-10-28T06:00:00,3.04
1989-10-29T06:00:00,3.78
1989-10-30T06:00:00,3.76
1989-10-31T06:00:00,3.76
1989-11-01T06:00:00,3.8
1989-11-02T06:00:00,3.83
1989-11-03T06:00:00,3.85
1989-11-04T06:00:00,3.8
1989-11-05T06:00:00,3.8
1989-11-06T06:00:00,3.8
1989-11-07T06:00:00,3.8
1989-11-08T06:00:00,3.79
1989-11-09T06:00:00,3.77
1989-11-10T06:00:00,3.76
1989-11-11T06:00:00,3.74
1989-11-12T06:00:00,3.74
1989-11-13T06:00:00,3.75
1989-11-14T06:00:00,3.79
1989-11-15T06:00:00,3.83
1989-11-16T06:00:00,3.79
1989-11-17T06:00:00,3.8
1989-11-18T06:00:00,3.79
1989-11-19T06:00:00,3.78
1989-11-20T06:00:00,3.75
1989-11-21T06:00:00,3.78
1989-11-22T06:00:00,3.77
1989-11-23T06:00:00,3.73
1989-11-24T06:00:00,3.7
1989-11-25T06:00:00,3.66
1989-11-26T06:00:00,3.63
1989-11-27T06:00:00,3.6
1989-11-28T06:00:00,3.6
1989-11-29T06:00:00,3.57
1989-11-30T06:00:00,3.52
1989-12-01T06:00:00,3.49
1989-12-02T06:00:00,3.43
1989-12-03T06:00:00,3.37
1989-12-04T06:00:00,3.41
1989-12-05T06:00:00,3.23
1989-12-06T06:00:00,3.23
1989-12-07T06:00:00,3.22
1989-12-08T06:00:00,3.19
1989-12-09T06:00:00,3.2
1989-12-10T06:00:00,3.19
1989-12-11T06:00:00,3.17
1989-12-12T06:00:00,3
1989-12-13T06:00:00,3
1989-12-14T06:00:00,2.98
1989-12-15T06:00:00,2.98
1989-12-16T06:00:00,2.92
1989-12-17T06:00:00,2.81
1989-12-18T06:00:00,2.72
1989-12-19T06:00:00,2.72
1989-12-20T06:00:00,2.64
1989-12-21T06:00:00,2.62
1989-12-22T06:00:00,2.5
1989-12-23T06:00:00,2.24
1989-12-24T06:00:00,2.4
1989-12-25T06:00:00,2.3
1989-12-26T06:00:00,2.26
1989-12-27T06:00:00,2.28
1989-12-28T06:00:00,2.29
1989-12-29T06:00:00,2.27
1989-12-30T06:00:00,2.26
1989-12-31T06:00:00,2.26
1990-01-01T06:00:00,2.2
1990-01-02T06:00:00,2.2
1990-01-03T06:00:00,2.32
1990-01-04T06:00:00,2.25
1990-01-05T06:00:00,2.2
1990-01-06T06:00:00,2.23
1990-01-07T06:00:00,2.26
1990-01-08T06:00:00,2.32
1990-01-09T06:00:00,2.43
1990-01-10T06:00:00,2.49
1990-01-11T06:00:00,2.43
1990-01-12T06:00:00,2.36
1990-01-13T06:00:00,2.3
1990-01-14T06:00:00,2.34
1990-01-15T06:00:00,2.4
1990-01-16T06:00:00,2.41
1990-01-17T06:00:00,2.39
1990-01-18T06:00:00,2.45
1990-01-19T06:00:00,2.47
1990-01-20T06:00:00,2.56
1990-01-21T06:00:00,2.53
1990-01-22T06:00:00,2.56
1990-01-23T06:00:00,2.6
1990-01-24T06:00:00,2.7
1990-01-25T06:00:00,2.72
1990-01-26T06:00:00,2.8
1990-01-27T06:00:00,2.84
1990-01-28T06:00:00,2.85
1990-01-29T06:00:00,2.85
1990-01-30T06:00:00,2.95
1990-01-31T06:00:00,3.06
1990-02-01T06:00:00,3.18
1990-02-02T06:00:00,3.22
1990-02-03T06:00:00,3.25
1990-02-04T06:00:00,3.29
1990-02-05T06:00:00,3.4
1990-02-06T06:00:00,3.45
1990-02-07T06:00:00,3.47
1990-02-08T06:00:00,3.5
1990-02-09T06:00:00,3.55
1990-02-10T06:00:00,3.6
1990-02-11T06:00:00,3.65
1990-02-12T06:00:00,3.68
1990-02-13T06:00:00,3.77
1990-02-14T06:00:00,3.8
1990-02-15T06:00:00,3.89
1990-02-16T06:00:00,3.93
1990-02-17T06:00:00,3.98
1990-02-18T06:00:00,4.02
1990-02-19T06:00:00,4.09
1990-02-20T06:00:00,4.13
1990-02-21T06:00:00,4.19
1990-02-22T06:00:00,4.23
1990-02-23T06:00:00,4.29
1990-02-24T06:00:00,4.34
1990-02-25T06:00:00,4.4
1990-02-26T06:00:00,4.44
1990-02-27T06:00:00,4.45
1990-02-28T06:00:00,4.46
1990-03-01T06:00:00,4.57
1990-03-02T06:00:00,4.57
1990-03-03T06:00:00,4.45
1990-03-04T06:00:00,4.6
1990-03-05T06:00:00,4.56
1990-03-06T06:00:00,4.5
1990-03-07T06:00:00,4.41
1990-03-08T06:00:00,4.45
1990-03-09T06:00:00,4.44
1990-03-10T06:00:00,4.46
1990-03-11T06:00:00,4.35
1990-03-12T06:00:00,4.3
1990-03-13T06:00:00,4.25
1990-03-14T06:00:00,4.23
1990-03-15T06:00:00,4.17
1990-03-16T06:00:00,4.11
1990-03-17T06:00:00,4.11
1990-03-18T06:00:00,4.08
1990-03-19T06:00:00,4
1990-03-20T06:00:00,3.97
1990-03-21T06:00:00,3.91
1990-03-22T06:00:00,3.86
1990-03-23T06:00:00,3.81
1990-03-24T06:00:00,3.74
1990-03-25T06:00:00,3.68
1990-03-26T06:00:00,3.63
1990-03-27T06:00:00,3.54
1990-03-28T06:00:00,3.48
1990-03-29T06:00:00,3.45
1990-03-30T06:00:00,3.38
1990-03-31T06:00:00,3.3
1990-04-01T06:00:00,3.28
1990-04-02T06:00:00,3.21
1990-04-03T06:00:00,3.17
1990-04-04T06:00:00,3.14
1990-04-05T06:00:00,3.1
1990-04-06T06:00:00,3.09
1990-04-07T06:00:00,3.03
1990-04-08T06:00:00,3.05
1990-04-09T06:00:00,3.07
1990-04-10T06:00:00,3.09
1990-04-11T06:00:00,2.97
1990-04-12T06:00:00,3.05
1990-04-13T06:00:00,3.04
1990-04-14T06:00:00,3
1990-04-15T06:00:00,2.98
1990-04-16T06:00:00,2.98
1990-04-17T06:00:00,2.96
1990-04-18T06:00:00,2.9
1990-04-19T06:00:00,3
1990-04-20T06:00:00,3.05
1990-04-21T06:00:00,3.09
1990-04-22T06:00:00,3.07
1990-04-23T06:00:00,3.09
1990-04-24T06:00:00,3.13
1990-04-25T06:00:00,3.18
1990-04-26T06:00:00,3.21
1990-04-27T06:00:00,3.22
1990-04-28T06:00:00,3.25
1990-04-29T06:00:00,3.28
1990-04-30T06:00:00,3.32
1990-05-01T06:00:00,3.3
1990-05-02T06:00:00,3.33
1990-05-03T06:00:00,3.4
1990-05-04T06:00:00,3.4
1990-05-05T06:00:00,3.4
1990-05-06T06:00:00,3.41
1990-05-07T06:00:00,3.41
1990-05-08T06:00:00,3.43
1990-05-09T06:00:00,3.48
1990-05-10T06:00:00,3.48
1990-05-11T06:00:00,3.46
1990-05-12T06:00:00,3.44
1990-05-13T06:00:00,3.5
1990-05-14T06:00:00,3.5
1990-05-15T06:00:00,3.52
1990-05-16T06:00:00,3.48
1990-05-17T06:00:00,3.49
1990-05-18T06:00:00,3.5
1990-05-19T06:00:00,3.5
1990-05-20T06:00:00,3.53
1990-05-21T06:00:00,3.55
1990-05-22T06:00:00,3.53
1990-05-23T06:00:00,3.55
1990-05-24T06:00:00,3.55
1990-05-25T06:00:00,3.57
1990-05-26T06:00:00,3.57
1990-05-27T06:00:00,3.6
1990-05-28T06:00:00,3.59
1990-05-29T06:00:00,3.58
1990-05-30T06:00:00,3.6
1990-05-31T06:00:00,3.63
1990-06-01T06:00:00,3.65
1990-06-02T06:00:00,3.55
1990-06-03T06:00:00,3.55
1990-06-04T06:00:00,3.5
1990-06-05T06:00:00,3.56
1990-06-06T06:00:00,3.56
1990-06-07T06:00:00,3.57
1990-06-08T06:00:00,3.57
1990-06-09T06:00:00,3.57
1990-06-10T06:00:00,3.57
1990-06-11T06:00:00,3.6
1990-06-12T06:00:00,3.62
1990-06-13T06:00:00,3.6
1990-06-14T06:00:00,3.61
1990-06-15T06:00:00,3.6
1990-06-16T06:00:00,3.62
1990-06-17T06:00:00,3.67
1990-06-18T06:00:00,3.67
1990-06-19T06:00:00,3.69
1990-06-20T06:00:00,3.68
1990-06-21T06:00:00,3.69
1990-06-22T06:00:00,3.75
1990-06-23T06:00:00,3.79
1990-06-24T06:00:00,3.8
1990-06-25T06:00:00,3.81
1990-06-26T06:00:00,3.83
1990-06-27T06:00:00,3.87
1990-06-28T06:00:00,3.88
1990-06-29T06:00:00,3.92
1990-06-30T06:00:00,3.94
1990-07-01T06:00:00,3.96
1990-07-02T06:00:00,3.99
1990-07-03T06:00:00,4
1990-07-04T06:00:00,4.02
1990-07-05T06:00:00,4.04
1990-07-06T06:00:00,4.05
1990-07-07T06:00:00,4.06
1990-07-08T06:00:00,4.07
1990-07-09T06:00:00,4.08
1990-07-10T06:00:00,4.07
1990-07-11T06:00:00,4.08
1990-07-12T06:00:00,4.1
1990-07-13T06:00:00,4.11
1990-07-14T06:00:00,4.13
1990-07-15T06:00:00,4.14
1990-07-16T06:00:00,4.15
1990-07-17T06:00:00,4.14
1990-07-18T06:00:00,4.14
1990-07-19T06:00:00,4.08
1990-07-20T06:00:00,4.04
1990-07-21T06:00:00,4.08
1990-07-22T06:00:00,4.07
1990-07-23T06:00:00,4.07
1990-07-24T06:00:00,4.09
1990-07-25T06:00:00,4.06
1990-07-26T06:00:00,4.01
1990-07-27T06:00:00,3.99
1990-07-28T06:00:00,3.92
1990-07-29T06:00:00,3.9
1990-07-30T06:00:00,3.89
1990-07-31T06:00:00,3.89
1990-08-01T06:00:00,3.89
1990-08-02T06:00:00,3.84
1990-08-03T06:00:00,3.8
1990-08-04T06:00:00,3.8
1990-08-05T06:00:00,3.81
1990-08-06T06:00:00,3.8
1990-08-07T06:00:00,3.78
1990-08-08T06:00:00,3.76
1990-08-09T06:00:00,3.76
1990-08-10T06:00:00,3.77
1990-08-11T06:00:00,3.77
1990-08-12T06:00:00,3.75
1990-08-13T06:00:00,3.75
1990-08-14T06:00:00,3.76
1990-08-15T06:00:00,3.76
1990-08-16T06:00:00,3.77
1990-08-17T06:00:00,3.76
1990-08-18T06:00:00,3.74
1990-08-19T06:00:00,3.74
1990-08-20T06:00:00,3.74
1990-08-21T06:00:00,3.73
1990-08-22T06:00:00,3.76
1990-08-23T06:00:00,3.76
1990-08-24T06:00:00,3.76
1990-08-25T06:00:00,3.73
1990-08-26T06:00:00,3.71
1990-08-27T06:00:00,3.67
1990-08-28T06:00:00,3.65
1990-08-29T06:00:00,3.61
1990-08-30T06:00:00,3.64
1990-08-31T06:00:00,3.62
1990-09-01T06:00:00,3.58
1990-09-02T06:00:00,3.58
1990-09-03T06:00:00,3.56
1990-09-04T06:00:00,3.58
1990-09-05T06:00:00,3.58
1990-09-06T06:00:00,3.58
1990-09-07T06:00:00,3.58
1990-09-08T06:00:00,3.58
1990-09-09T06:00:00,3.56
1990-09-10T06:00:00,3.56
1990-09-11T06:00:00,3.56
1990-09-12T06:00:00,3.52
1990-09-13T06:00:00,3.55
1990-09-14T06:00:00,3.56
1990-09-15T06:00:00,3.58
1990-09-16T06:00:00,3.6
1990-09-17T06:00:00,3.62
1990-09-18T06:00:00,3.65
1990-09-19T06:00:00,3.68
1990-09-20T06:00:00,3.69
1990-09-21T06:00:00,3.67
1990-09-22T06:00:00,3.69
1990-09-23T06:00:00,3.69
1990-09-24T06:00:00,3.69
1990-09-25T06:00:00,3.69
1990-09-26T06:00:00,3.72
1990-09-27T06:00:00,3.76
1990-09-28T06:00:00,3.77
1990-09-29T06:00:00,3.78
1990-09-30T06:00:00,3.81
1990-10-01T06:00:00,3.82
1990-10-02T06:00:00,3.84
1990-10-03T06:00:00,3.84
1990-10-04T06:00:00,3.9
1990-10-05T06:00:00,3.91
1990-10-06T06:00:00,3.97
1990-10-07T06:00:00,4.01
1990-10-08T06:00:00,4.05
1990-10-09T06:00:00,4.11
1990-10-10T06:00:00,4.11
1990-10-11T06:00:00,4.11
1990-10-12T06:00:00,4.1
1990-10-13T06:00:00,4.05
1990-10-14T06:00:00,4.08
1990-10-15T06:00:00,4.12
1990-10-16T06:00:00,4.13
1990-10-17T06:00:00,4.15
1990-10-18T06:00:00,4.17
1990-10-19T06:00:00,4.16
1990-10-20T06:00:00,4.16
1990-10-21T06:00:00,4.17
1990-10-22T06:00:00,4.18
1990-10-23T06:00:00,4.17
1990-10-24T06:00:00,4.18
1990-10-25T06:00:00,4.18
1990-10-26T06:00:00,4.19
1990-10-27T06:00:00,4.18
1990-10-28T06:00:00,4.18
1990-10-29T06:00:00,4.19
1990-10-30T06:00:00,4.19
1990-10-31T06:00:00,4.19
1990-11-01T06:00:00,4.19
1990-11-02T06:00:00,4.18
1990-11-03T06:00:00,4.17
1990-11-04T06:00:00,4.18
1990-11-05T06:00:00,4.15
1990-11-06T06:00:00,4.14
1990-11-07T06:00:00,4.17
1990-11-08T06:00:00,4.19
1990-11-09T06:00:00,4.19
1990-11-10T06:00:00,4.19
1990-11-11T06:00:00,4.19
1990-11-12T06:00:00,4.19
1990-11-13T06:00:00,4.19
1990-11-14T06:00:00,4.19
1990-11-15T06:00:00,4.26
1990-11-16T06:00:00,4.24
1990-11-17T06:00:00,4.24
1990-11-18T06:00:00,4.25
1990-11-19T06:00:00,4.26
1990-11-20T06:00:00,4.26
1990-11-21T06:00:00,4.35
1990-11-22T06:00:00,4.46
1990-11-23T06:00:00,4.38
1990-11-24T06:00:00,4.4
1990-11-25T06:00:00,4.36
1990-11-26T06:00:00,4.38
1990-11-27T06:00:00,4.34
1990-11-28T06:00:00,4.32
1990-11-29T06:00:00,4.3
1990-11-30T06:00:00,4.29
1990-12-01T06:00:00,4.29
1990-12-02T06:00:00,4.29
1990-12-03T06:00:00,4.26
1990-12-04T06:00:00,4.25
1990-12-05T06:00:00,4.22
1990-12-06T06:00:00,4.22
1990-12-07T06:00:00,4.22
1990-12-08T06:00:00,4.21
1990-12-09T06:00:00,4.2
1990-12-10T06:00:00,4.2
1990-12-11T06:00:00,4.2
1990-12-12T06:00:00,4.15
1990-12-13T06:00:00,4.13
1990-12-14T06:00:00,4.12
1990-12-15T06:00:00,4.1
1990-12-16T06:00:00,4.09
1990-12-17T06:00:00,4.03
1990-12-18T06:00:00,4.03
1990-12-19T06:00:00,4
1990-12-20T06:00:00,3.97
1990-12-21T06:00:00,3.94
1990-12-22T06:00:00,3.92
1990-12-23T06:00:00,3.91
1990-12-24T06:00:00,3.89
1990-12-25T06:00:00,3.89
1990-12-26T06:00:00,3.94
1990-12-27T06:00:00,3.89
1990-12-28T06:00:00,3.89
1990-12-29T06:00:00,3.89
1990-12-30T06:00:00,3.9
1990-12-31T06:00:00,3.91
1991-01-01T06:00:00,3.87
1991-01-02T06:00:00,3.86
1991-01-03T06:00:00,3.83
1991-01-04T06:00:00,3.81
1991-01-05T06:00:00,3.8
1991-01-06T06:00:00,3.76
1991-01-07T06:00:00,3.71
1991-01-08T06:00:00,3.65
1991-01-09T06:00:00,3.65
1991-01-10T06:00:00,3.58
1991-01-11T06:00:00,3.53
1991-01-12T06:00:00,3.49
1991-01-13T06:00:00,3.41
1991-01-14T06:00:00,3.34
1991-01-15T06:00:00,3.2
1991-01-16T06:00:00,3.08
1991-01-17T06:00:00,3.08
1991-01-18T06:00:00,3.04
1991-01-19T06:00:00,3
1991-01-20T06:00:00,2.79
1991-01-21T06:00:00,2.7
1991-01-22T06:00:00,2.8
1991-01-23T06:00:00,2.76
1991-01-24T06:00:00,2.69
1991-01-25T06:00:00,2.66
1991-01-26T06:00:00,2.62
1991-01-27T06:00:00,2.65
1991-01-28T06:00:00,2.59
1991-01-29T06:00:00,2.56
1991-01-30T06:00:00,2.47
1991-01-31T06:00:00,2.47
1991-02-01T06:00:00,2.44
1991-02-02T06:00:00,2.4
1991-02-03T06:00:00,2.42
1991-02-04T06:00:00,2.4
1991-02-05T06:00:00,2.38
1991-02-06T06:00:00,2.34
1991-02-07T06:00:00,2.41
1991-02-08T06:00:00,2.47
1991-02-09T06:00:00,2.44
1991-02-10T06:00:00,2.42
1991-02-11T06:00:00,2.42
1991-02-12T06:00:00,2.39
1991-02-13T06:00:00,2.5
1991-02-14T06:00:00,2.52
1991-02-15T06:00:00,2.66
1991-02-16T06:00:00,2.66
1991-02-17T06:00:00,2.67
1991-02-18T06:00:00,2.64
1991-02-19T06:00:00,2.65
1991-02-20T06:00:00,2.67
1991-02-21T06:00:00,2.67
1991-02-22T06:00:00,2.7
1991-02-23T06:00:00,2.7
1991-02-24T06:00:00,2.73
1991-02-25T06:00:00,2.8
1991-02-26T06:00:00,2.88
1991-02-27T06:00:00,2.76
1991-02-28T06:00:00,2.82
1991-03-01T06:00:00,2.83
1991-03-02T06:00:00,2.9
1991-03-03T06:00:00,2.93
1991-03-04T06:00:00,2.93
1991-03-05T06:00:00,3
1991-03-06T06:00:00,3.06
1991-03-07T06:00:00,3.05
1991-03-08T06:00:00,3.08
1991-03-09T06:00:00,3.1
1991-03-10T06:00:00,3.11
1991-03-11T06:00:00,3.19
1991-03-12T06:00:00,3.19
1991-03-13T06:00:00,3.12
1991-03-14T06:00:00,3.03
1991-03-15T06:00:00,3.08
1991-03-16T06:00:00,3.08
1991-03-17T06:00:00,3.01
1991-03-18T06:00:00,2.87
1991-03-19T06:00:00,2.84
1991-03-20T06:00:00,2.8
1991-03-21T06:00:00,2.72
1991-03-22T06:00:00,2.7
1991-03-23T06:00:00,2.68
1991-03-24T06:00:00,2.6
1991-03-25T06:00:00,2.53
1991-03-26T06:00:00,2.6
1991-03-27T06:00:00,2.67
1991-03-28T06:00:00,2.69
1991-03-29T06:00:00,2.58
1991-03-30T06:00:00,2.54
1991-03-31T06:00:00,2.46
1991-04-01T06:00:00,2.5
1991-04-02T06:00:00,2.52
1991-04-03T06:00:00,2.53
1991-04-04T06:00:00,2.49
1991-04-05T06:00:00,2.52
1991-04-06T06:00:00,2.53
1991-04-07T06:00:00,2.5
1991-04-08T06:00:00,2.43
1991-04-09T06:00:00,2.49
1991-04-10T06:00:00,2.52
1991-04-11T06:00:00,2.53
1991-04-12T06:00:00,2.55
1991-04-13T06:00:00,2.67
1991-04-14T06:00:00,2.75
1991-04-15T06:00:00,2.79
1991-04-16T06:00:00,2.8
1991-04-17T06:00:00,2.86
1991-04-20T06:00:00,2.96
1991-04-21T06:00:00,2.98
1991-04-22T06:00:00,3.06
1991-04-23T06:00:00,3.08
1991-04-24T06:00:00,3.12
1991-04-25T06:00:00,3.17
1991-04-26T06:00:00,3.21
1991-04-27T06:00:00,3.23
1991-04-28T06:00:00,3.27
1991-04-29T06:00:00,3.31
1991-04-30T06:00:00,3.36
1991-05-01T06:00:00,3.37
1991-05-02T06:00:00,3.46
1991-05-03T06:00:00,3.5
1991-05-04T06:00:00,3.51
1991-05-05T06:00:00,3.5
1991-05-06T06:00:00,3.56
1991-05-07T06:00:00,3.6
1991-05-08T06:00:00,3.62
1991-05-09T06:00:00,3.61
1991-05-10T06:00:00,3.63
1991-05-11T06:00:00,3.65
1991-05-12T06:00:00,3.66
1991-05-13T06:00:00,3.68
1991-05-14T06:00:00,3.67
1991-05-15T06:00:00,3.67
1991-05-16T06:00:00,3.67
1991-05-17T06:00:00,3.67
1991-05-18T06:00:00,3.67
1991-05-19T06:00:00,3.68
1991-05-20T06:00:00,3.68
1991-05-21T06:00:00,3.68
1991-05-22T06:00:00,3.68
1991-05-23T06:00:00,3.69
1991-05-24T06:00:00,3.69
1991-05-25T06:00:00,3.69
1991-05-26T06:00:00,3.69
1991-05-27T06:00:00,3.68
1991-05-28T06:00:00,3.68
1991-05-29T06:00:00,3.68
1991-05-30T06:00:00,3.68
1991-05-31T06:00:00,3.68
1991-06-01T06:00:00,3.68
1991-06-02T06:00:00,3.68
1991-06-03T06:00:00,3.68
1991-06-04T06:00:00,3.67
1991-06-05T06:00:00,3.68
1991-06-06T06:00:00,3.69
1991-06-07T06:00:00,3.69
1991-06-08T06:00:00,3.69
1991-06-09T06:00:00,3.68
1991-06-10T06:00:00,3.66
1991-06-11T06:00:00,3.64
1991-06-12T06:00:00,3.6
1991-06-13T06:00:00,3.56
1991-06-14T06:00:00,3.56
1991-06-15T06:00:00,3.56
1991-06-16T06:00:00,3.55
1991-06-17T06:00:00,3.58
1991-06-18T06:00:00,3.6
1991-06-19T06:00:00,3.6
1991-06-20T06:00:00,3.57
1991-06-21T06:00:00,3.56
1991-06-22T06:00:00,3.56
1991-06-23T06:00:00,3.53
1991-06-24T06:00:00,3.53
1991-06-25T06:00:00,3.53
1991-06-26T06:00:00,3.51
1991-06-27T06:00:00,3.49
1991-06-28T06:00:00,3.46
1991-06-29T06:00:00,3.43
1991-06-30T06:00:00,3.43
1991-07-01T06:00:00,3.4
1991-07-02T06:00:00,3.38
1991-07-03T06:00:00,3.37
1991-07-04T06:00:00,3.39
1991-07-05T06:00:00,3.4
1991-07-06T06:00:00,3.43
1991-07-07T06:00:00,3.39
1991-07-08T06:00:00,3.39
1991-07-09T06:00:00,3.41
1991-07-10T06:00:00,3.37
1991-07-11T06:00:00,3.37
1991-07-12T06:00:00,3.41
1991-07-13T06:00:00,3.42
1991-07-14T06:00:00,3.39
1991-07-15T06:00:00,3.41
1991-07-16T06:00:00,3.43
1991-07-17T06:00:00,3.43
1991-07-18T06:00:00,3.41
1991-07-19T06:00:00,3.4
1991-07-22T06:00:00,3.4
1991-07-23T06:00:00,3.38
1991-07-24T06:00:00,3.38
1991-07-25T06:00:00,3.38
1991-07-26T06:00:00,3.36
1991-07-27T06:00:00,3.34
1991-07-28T06:00:00,3.32
1991-07-29T06:00:00,3.3
1991-07-30T06:00:00,3.3
1991-07-31T06:00:00,3.3
1991-08-01T06:00:00,3.3
1991-08-02T06:00:00,3.23
1991-08-03T06:00:00,3.2
1991-08-04T06:00:00,3.25
1991-08-05T06:00:00,3.25
1991-08-06T06:00:00,3.19
1991-08-07T06:00:00,3.12
1991-08-08T06:00:00,3.1
1991-08-09T06:00:00,3.08
1991-08-10T06:00:00,3.06
1991-08-11T06:00:00,3
1991-08-12T06:00:00,2.98
1991-08-13T06:00:00,2.95
1991-08-14T06:00:00,2.92
1991-08-15T06:00:00,2.86
1991-08-16T06:00:00,2.81
1991-08-17T06:00:00,2.78
1991-08-18T06:00:00,2.69
1991-08-19T06:00:00,2.6
1991-08-20T06:00:00,2.58
1991-08-21T06:00:00,2.55
1991-08-22T06:00:00,2.54
1991-08-23T06:00:00,2.53
1991-08-24T06:00:00,2.45
1991-08-25T06:00:00,2.4
1991-08-26T06:00:00,2.39
1991-08-27T06:00:00,2.33
1991-08-28T06:00:00,2.37
1991-08-29T06:00:00,2.32
1991-08-30T06:00:00,2.3
1991-08-31T06:00:00,2.3
1991-09-01T06:00:00,2.6
1991-09-02T06:00:00,2.76
1991-09-03T06:00:00,2.64
1991-09-04T06:00:00,2.45
1991-09-05T06:00:00,2.34
1991-09-06T06:00:00,2.26
1991-09-07T06:00:00,2.22
1991-09-08T06:00:00,2.28
1991-09-09T06:00:00,2.26
1991-09-10T06:00:00,2.28
1991-09-11T06:00:00,2.19
1991-09-12T06:00:00,2.1
1991-09-13T06:00:00,2.06
1991-09-14T06:00:00,2
1991-09-15T06:00:00,2.1
1991-09-16T06:00:00,2.3
1991-09-17T06:00:00,2.23
1991-09-18T06:00:00,2.1
1991-09-19T06:00:00,1.99
1991-09-20T06:00:00,1.99
1991-09-21T06:00:00,1.95
1991-09-28T06:00:00,1.62
1991-09-29T06:00:00,1.7
1991-10-01T06:00:00,1.78
1991-10-02T06:00:00,1.78
1991-10-03T06:00:00,1.8
1991-10-04T06:00:00,1.8
1991-10-05T06:00:00,1.8
1991-10-06T06:00:00,1.8
1991-10-07T06:00:00,1.99
1991-10-08T06:00:00,1.95
1991-10-09T06:00:00,1.9
1991-10-10T06:00:00,1.8
1991-10-11T06:00:00,1.74
1991-10-12T06:00:00,1.83
1991-10-13T06:00:00,1.83
1991-10-14T06:00:00,1.85
1991-10-15T06:00:00,2.02
1991-10-16T06:00:00,2.18
1991-10-17T06:00:00,2.2
1991-10-18T06:00:00,2.03
1991-10-19T06:00:00,2.1
1991-10-20T06:00:00,2.11
1991-10-21T06:00:00,2.3
1991-10-22T06:00:00,2.43
1991-10-23T06:00:00,2.46
1991-10-24T06:00:00,2.52
1991-10-25T06:00:00,2.64
1991-10-26T06:00:00,2.68
1991-10-27T06:00:00,2.59
1991-10-28T06:00:00,2.52
1991-10-29T06:00:00,2.55
1991-10-30T06:00:00,2.65
1991-10-31T06:00:00,2.62
1991-11-01T06:00:00,2.6
1991-11-02T06:00:00,2.55
1991-11-03T06:00:00,2.48
1991-11-04T06:00:00,2.43
1991-11-05T06:00:00,2.36
1991-11-06T06:00:00,2.33
1991-11-07T06:00:00,2.24
1991-11-08T06:00:00,2.3
1991-11-09T06:00:00,2.38
1991-11-10T06:00:00,2.4
1991-11-11T06:00:00,2.3
1991-11-12T06:00:00,2.4
1991-11-13T06:00:00,2.48
1991-11-14T06:00:00,2.41
1991-11-15T06:00:00,2.32
1991-11-16T06:00:00,2.3
1991-11-17T06:00:00,2.27
1991-11-18T06:00:00,2.22
1991-11-19T06:00:00,2.11
1991-11-20T06:00:00,2.04
1991-11-21T06:00:00,2.04
1991-11-22T06:00:00,2.08
1991-11-23T06:00:00,2.01
1991-11-24T06:00:00,1.95
1991-11-25T06:00:00,1.93
1991-11-26T06:00:00,2
1991-11-27T06:00:00,1.94
1991-11-28T06:00:00,1.65
1991-11-29T06:00:00,1.45
1991-11-30T06:00:00,1.55
1991-12-01T06:00:00,1.61
1991-12-02T06:00:00,1.63
1991-12-03T06:00:00,1.54
1991-12-04T06:00:00,1.6
1991-12-05T06:00:00,1.55
1991-12-06T06:00:00,1.52
1991-12-07T06:00:00,1.5
1991-12-08T06:00:00,1.8
1991-12-09T06:00:00,1.93
1991-12-10T06:00:00,1.92
1991-12-11T06:00:00,1.92
1991-12-12T06:00:00,2.02
1991-12-13T06:00:00,1.96
1991-12-14T06:00:00,1.9
1991-12-15T06:00:00,2.04
1991-12-16T06:00:00,2.1
1991-12-17T06:00:00,2
1991-12-18T06:00:00,1.98
1991-12-19T06:00:00,1.95
1991-12-20T06:00:00,1.95
1991-12-21T06:00:00,2
1991-12-22T06:00:00,2.04
1991-12-23T06:00:00,2.14
1991-12-24T06:00:00,2.25
1991-12-25T06:00:00,2.26
1991-12-26T06:00:00,2.65
1991-12-27T06:00:00,2.9
1991-12-28T06:00:00,2.95
1991-12-29T06:00:00,2.95
1991-12-30T06:00:00,2.97
1991-12-31T06:00:00,2.8
1992-01-01T06:00:00,2.85
1992-01-02T06:00:00,2.83
1992-01-03T06:00:00,3.07
1992-01-04T06:00:00,3
1992-01-05T06:00:00,3
1992-01-06T06:00:00,3.05
1992-01-07T06:00:00,3.03
1992-01-08T06:00:00,3.04
1992-01-09T06:00:00,3.05
1992-01-10T06:00:00,3.1
1992-01-11T06:00:00,3.1
1992-01-12T06:00:00,3.15
1992-01-13T06:00:00,3.15
1992-01-14T06:00:00,3.17
1992-01-15T06:00:00,3.15
1992-01-16T06:00:00,3.2
1992-01-17T06:00:00,3.25
1992-01-18T06:00:00,3.21
1992-01-19T06:00:00,3.18
1992-01-20T06:00:00,3.17
1992-01-21T06:00:00,3.16
1992-01-22T06:00:00,3.18
1992-01-23T06:00:00,3.18
1992-01-24T06:00:00,3.17
1992-01-25T06:00:00,3.17
1992-01-26T06:00:00,3.18
1992-01-27T06:00:00,3.19
1992-01-28T06:00:00,3.2
1992-01-29T06:00:00,3.17
1992-01-30T06:00:00,3.17
1992-01-31T06:00:00,3.18
1992-02-01T06:00:00,3.25
1992-02-02T06:00:00,3.15
1992-02-03T06:00:00,3.1
1992-02-04T06:00:00,3.05
1992-02-05T06:00:00,3.04
1992-02-06T06:00:00,3.03
1992-02-07T06:00:00,3.01
1992-02-08T06:00:00,2.99
1992-02-09T06:00:00,2.96
1992-02-10T06:00:00,2.95
1992-02-11T06:00:00,2.95
1992-02-12T06:00:00,3.1
1992-02-13T06:00:00,3.11
1992-02-14T06:00:00,3.1
1992-02-15T06:00:00,3.07
1992-02-16T06:00:00,3.06
1992-02-17T06:00:00,3.05
1992-02-18T06:00:00,3.02
1992-02-19T06:00:00,3.02
1992-02-20T06:00:00,3.02
1992-02-21T06:00:00,3.08
1992-02-22T06:00:00,3.09
1992-02-23T06:00:00,3.12
1992-02-24T06:00:00,3.18
1992-02-25T06:00:00,3.15
1992-02-26T06:00:00,3.19
1992-02-27T06:00:00,3.2
1992-02-28T06:00:00,3.19
1992-02-29T06:00:00,3.25
1992-03-01T06:00:00,3.25
1992-03-02T06:00:00,3.25
1992-03-03T06:00:00,3.2
1992-03-04T06:00:00,3.22
1992-03-05T06:00:00,3.23
1992-03-06T06:00:00,3.23
1992-03-07T06:00:00,3.21
1992-03-08T06:00:00,3.22
1992-03-09T06:00:00,3.25
1992-03-10T06:00:00,3.27
1992-03-11T06:00:00,3.26
1992-03-12T06:00:00,3.28
1992-03-13T06:00:00,3.28
1992-03-14T06:00:00,3.31
1992-03-15T06:00:00,3.3
1992-03-16T06:00:00,3.24
1992-03-17T06:00:00,3.22
1992-03-18T06:00:00,3.28
1992-03-19T06:00:00,3.24
1992-03-20T06:00:00,3.26
1992-03-21T06:00:00,3.34
1992-03-22T06:00:00,3.3
1992-03-23T06:00:00,3.27
1992-03-24T06:00:00,3.35
1992-03-25T06:00:00,3.38
1992-03-26T06:00:00,3.35
1992-03-27T06:00:00,3.35
1992-03-28T06:00:00,3.34
1992-03-29T06:00:00,3.3
1992-03-30T06:00:00,3.29
1992-03-31T06:00:00,3.26
1992-04-01T06:00:00,3.3
1992-04-02T06:00:00,3.3
1992-04-03T06:00:00,3.33
1992-04-04T06:00:00,3.3
1992-04-05T06:00:00,3.33
1992-04-06T06:00:00,3.34
1992-04-07T06:00:00,3.36
1992-04-08T06:00:00,3.38
1992-04-09T06:00:00,3.41
1992-04-10T06:00:00,3.42
1992-04-11T06:00:00,3.44
1992-04-12T06:00:00,3.4
1992-04-13T06:00:00,3.41
1992-04-14T06:00:00,3.49
1992-04-15T06:00:00,3.5
1992-04-16T06:00:00,3.51
1992-04-17T06:00:00,3.54
1992-04-18T06:00:00,3.54
1992-04-19T06:00:00,3.59
1992-04-20T06:00:00,3.6
1992-04-21T06:00:00,3.6
1992-04-22T06:00:00,3.61
1992-04-23T06:00:00,3.65
1992-04-24T06:00:00,3.68
1992-04-25T06:00:00,3.67
1992-04-26T06:00:00,3.67
1992-04-27T06:00:00,3.67
1992-04-28T06:00:00,3.68
1992-04-29T06:00:00,3.68
1992-04-30T06:00:00,3.69
1992-05-01T06:00:00,3.77
1992-05-02T06:00:00,3.81
1992-05-03T06:00:00,3.81
1992-05-04T06:00:00,3.88
1992-05-05T06:00:00,3.9
1992-05-06T06:00:00,3.87
1992-05-07T06:00:00,3.89
1992-05-08T06:00:00,3.91
1992-05-09T06:00:00,3.95
1992-05-10T06:00:00,3.96
1992-05-11T06:00:00,4
1992-05-12T06:00:00,4
1992-05-13T06:00:00,4
1992-05-14T06:00:00,4
1992-05-15T06:00:00,4
1992-05-16T06:00:00,4.04
1992-05-17T06:00:00,4.08
1992-05-18T06:00:00,4.11
1992-05-19T06:00:00,4.12
1992-05-20T06:00:00,4.16
1992-05-21T06:00:00,4.19
1992-05-22T06:00:00,4.27
1992-05-23T06:00:00,4.28
1992-05-24T06:00:00,4.3
1992-05-25T06:00:00,4.4
1992-05-26T06:00:00,4.41
1992-05-27T06:00:00,4.43
1992-05-28T06:00:00,4.44
1992-05-29T06:00:00,4.48
1992-05-30T06:00:00,4.52
1992-05-31T06:00:00,3.57
1992-06-01T06:00:00,4.65
1992-06-02T06:00:00,4.68
1992-06-03T06:00:00,4.69
1992-06-04T06:00:00,4.72
1992-06-05T06:00:00,4.79
1992-06-06T06:00:00,4.81
1992-06-07T06:00:00,4.86
1992-06-08T06:00:00,4.87
1992-06-09T06:00:00,4.87
1992-06-10T06:00:00,4.9
1992-06-11T06:00:00,4.96
1992-06-12T06:00:00,4.99
1992-06-13T06:00:00,5.1
1992-06-14T06:00:00,5.1
1992-06-15T06:00:00,5.16
1992-06-16T06:00:00,5.26
1992-06-17T06:00:00,5.33
1992-06-18T06:00:00,5.42
1992-06-19T06:00:00,5.5
1992-06-20T06:00:00,5.6
1992-06-21T06:00:00,5.71
1992-06-22T06:00:00,5.76
1992-06-23T06:00:00,5.84
1992-06-24T06:00:00,5.97
1992-06-25T06:00:00,6
1992-06-26T06:00:00,6.06
1992-06-27T06:00:00,5.86
1992-06-28T06:00:00,6
1992-06-29T06:00:00,6.11
1992-06-30T06:00:00,6.04
1992-07-01T06:00:00,6.09
1992-07-02T06:00:00,6.03
1992-07-03T06:00:00,6
1992-07-04T06:00:00,6.06
1992-07-05T06:00:00,5.94
1992-07-06T06:00:00,5.72
1992-07-07T06:00:00,5.85
1992-07-08T06:00:00,5.9
1992-07-09T06:00:00,5.88
1992-07-10T06:00:00,5.76
1992-07-11T06:00:00,5.7
1992-07-12T06:00:00,5.61
1992-07-13T06:00:00,5.6
1992-07-14T06:00:00,5.5
1992-07-15T06:00:00,5.31
1992-07-16T06:00:00,5.3
1992-07-17T06:00:00,5.42
1992-07-18T06:00:00,5.39
1992-07-19T06:00:00,5.25
1992-07-20T06:00:00,5.23
1992-07-21T06:00:00,5.26
1992-07-22T06:00:00,5.14
1992-07-23T06:00:00,5.09
1992-07-24T06:00:00,5.18
1992-07-25T06:00:00,5.22
1992-07-26T06:00:00,5.17
1992-07-27T06:00:00,5.06
1992-07-28T06:00:00,5.04
1992-07-29T06:00:00,5.03
1992-07-30T06:00:00,4.97
1992-07-31T06:00:00,4.92
1992-08-01T06:00:00,4.9
1992-08-02T06:00:00,4.85
1992-08-03T06:00:00,4.87
1992-08-04T06:00:00,4.89
1992-08-05T06:00:00,4.8
1992-08-06T06:00:00,4.78
1992-08-07T06:00:00,4.76
1992-08-08T06:00:00,4.73
1992-08-09T06:00:00,4.6
1992-08-10T06:00:00,4.67
1992-08-11T06:00:00,3.58
1992-08-12T06:00:00,4.56
1992-08-13T06:00:00,4.53
1992-08-14T06:00:00,4.51
1992-08-15T06:00:00,4.46
1992-08-16T06:00:00,4.44
1992-08-17T06:00:00,4.4
1992-08-18T06:00:00,4.38
1992-08-19T06:00:00,4.32
1992-08-20T06:00:00,4.27
1992-08-21T06:00:00,4.27
1992-08-22T06:00:00,4.3
1992-08-23T06:00:00,4.23
1992-08-24T06:00:00,4.17
1992-08-25T06:00:00,4.15
1992-08-26T06:00:00,4.12
1992-08-27T06:00:00,4.08
1992-08-28T06:00:00,4.04
1992-08-29T06:00:00,4.05
1992-08-30T06:00:00,4.03
1992-08-31T06:00:00,4.03
1992-09-01T06:00:00,4.01
1992-09-02T06:00:00,4
1992-09-03T06:00:00,4
1992-09-04T06:00:00,4.02
1992-09-05T06:00:00,3.99
1992-09-06T06:00:00,3.98
1992-09-07T06:00:00,3.98
1992-09-08T06:00:00,3.97
1992-09-09T06:00:00,3.97
1992-09-10T06:00:00,3.96
1992-09-11T06:00:00,3.94
1992-09-12T06:00:00,3.94
1992-09-13T06:00:00,3.88
1992-09-14T06:00:00,3.85
1992-09-15T06:00:00,3.85
1992-09-16T06:00:00,3.84
1992-09-17T06:00:00,3.83
1992-09-18T06:00:00,3.82
1992-09-19T06:00:00,3.75
1992-09-20T06:00:00,3.73
1992-09-21T06:00:00,3.65
1992-09-22T06:00:00,3.65
1992-09-23T06:00:00,3.68
1992-09-24T06:00:00,3.67
1992-09-25T06:00:00,3.63
1992-09-26T06:00:00,3.61
1992-09-27T06:00:00,3.61
1992-09-28T06:00:00,3.64
1992-09-29T06:00:00,3.6
1992-09-30T06:00:00,3.6
1992-10-01T06:00:00,3.59
1992-10-02T06:00:00,3.53
1992-10-03T06:00:00,3.53
1992-10-04T06:00:00,3.55
1992-10-05T06:00:00,3.6
1992-10-06T06:00:00,3.6
1992-10-07T06:00:00,3.54
1992-10-08T06:00:00,3.57
1992-10-09T06:00:00,3.57
1992-10-10T06:00:00,3.57
1992-10-11T06:00:00,3.57
1992-10-12T06:00:00,3.55
1992-10-13T06:00:00,3.53
1992-10-14T06:00:00,3.53
1992-10-15T06:00:00,3.52
1992-10-16T06:00:00,3.5
1992-10-17T06:00:00,3.51
1992-10-18T06:00:00,3.56
1992-10-19T06:00:00,3.57
1992-10-20T06:00:00,3.59
1992-10-21T06:00:00,3.54
1992-10-22T06:00:00,3.52
1992-10-23T06:00:00,3.53
1992-10-24T06:00:00,3.51
1992-10-25T06:00:00,3.52
1992-10-26T06:00:00,3.5
1992-10-27T06:00:00,3.51
1992-10-28T06:00:00,3.51
1992-10-29T06:00:00,3.5
1992-10-30T06:00:00,3.52
1992-10-31T06:00:00,3.54
1992-11-01T06:00:00,3.54
1992-11-02T06:00:00,3.58
1992-11-03T06:00:00,3.52
1992-11-04T06:00:00,3.54
1992-11-05T06:00:00,3.52
1992-11-06T06:00:00,3.56
1992-11-07T06:00:00,3.6
1992-11-08T06:00:00,3.58
1992-11-09T06:00:00,3.58
1992-11-10T06:00:00,3.6
1992-11-11T06:00:00,3.64
1992-11-12T06:00:00,3.66
1992-11-13T06:00:00,3.68
1992-11-14T06:00:00,3.69
1992-11-15T06:00:00,3.69
1992-11-16T06:00:00,3.77
1992-11-17T06:00:00,3.88
1992-11-18T06:00:00,3.81
1992-11-19T06:00:00,3.84
1992-11-20T06:00:00,3.84
1992-11-21T06:00:00,3.9
1992-11-22T06:00:00,3.89
1992-11-23T06:00:00,3.9
1992-11-24T06:00:00,3.94
1992-11-25T06:00:00,3.94
1992-11-26T06:00:00,3.95
1992-11-27T06:00:00,3.98
1992-11-28T06:00:00,4.02
1992-11-29T06:00:00,3.99
1992-11-30T06:00:00,4
1992-12-01T06:00:00,4.01
1992-12-02T06:00:00,4.02
1992-12-03T06:00:00,4.04
1992-12-04T06:00:00,4.05
1992-12-05T06:00:00,4.03
1992-12-06T06:00:00,4.03
1992-12-07T06:00:00,4.02
1992-12-08T06:00:00,4.02
1992-12-09T06:00:00,4.05
1992-12-10T06:00:00,4.05
1992-12-11T06:00:00,4.04
1992-12-12T06:00:00,4.06
1992-12-13T06:00:00,4.07
1992-12-14T06:00:00,4.09
1992-12-15T06:00:00,4.07
1992-12-16T06:00:00,4.07
1992-12-17T06:00:00,4.05
1992-12-18T06:00:00,4.04
1992-12-19T06:00:00,4.05
1992-12-20T06:00:00,4.06
1992-12-21T06:00:00,4.06
1992-12-22T06:00:00,4.07
1992-12-23T06:00:00,4.08
1992-12-24T06:00:00,4.15
1992-12-25T06:00:00,4.11
1992-12-26T06:00:00,4.1
1992-12-27T06:00:00,4.08
1992-12-28T06:00:00,4.14
1992-12-29T06:00:00,4.18
1992-12-30T06:00:00,4.17
1992-12-31T06:00:00,4.17
1993-01-01T06:00:00,4.17
1993-01-02T06:00:00,4.18
1993-01-03T06:00:00,4.19
1993-01-04T06:00:00,4.19
1993-01-05T06:00:00,4.19
1993-01-06T06:00:00,4.19
1993-01-07T06:00:00,4.19
1993-01-08T06:00:00,4.19
1993-01-09T06:00:00,4.19
1993-01-10T06:00:00,4.19
1993-01-11T06:00:00,4.19
1993-01-12T06:00:00,4.19
1993-01-13T06:00:00,4.18
1993-01-14T06:00:00,4.18
1993-01-15T06:00:00,4.18
1993-01-16T06:00:00,4.18
1993-01-17T06:00:00,4.19
1993-01-18T06:00:00,4.19
1993-01-19T06:00:00,4.19
1993-01-20T06:00:00,4.19
1993-01-21T06:00:00,4.18
1993-01-22T06:00:00,4.18
1993-01-23T06:00:00,4.18
1993-01-24T06:00:00,4.18
1993-01-25T06:00:00,4.18
1993-01-26T06:00:00,4.18
1993-01-27T06:00:00,4.18
1993-01-28T06:00:00,4.18
1993-01-29T06:00:00,4.17
1993-01-30T06:00:00,4.18
1993-01-31T06:00:00,4.18
1993-02-01T06:00:00,4.17
1993-02-02T06:00:00,4.17
1993-02-03T06:00:00,4.17
1993-02-04T06:00:00,4.16
1993-02-05T06:00:00,4.1
1993-02-06T06:00:00,4.16
1993-02-07T06:00:00,4.16
1993-02-08T06:00:00,4.15
1993-02-09T06:00:00,4.16
1993-02-10T06:00:00,4.16
1993-02-11T06:00:00,4.18
1993-02-12T06:00:00,4.18
1993-02-13T06:00:00,4.15
1993-02-14T06:00:00,4.16
1993-02-15T06:00:00,4.17
1993-02-16T06:00:00,4.16
1993-02-17T06:00:00,4.17
1993-02-18T06:00:00,4.17
1993-02-19T06:00:00,4.16
1993-02-20T06:00:00,4.15
1993-02-21T06:00:00,4.14
1993-02-22T06:00:00,4.1
1993-02-23T06:00:00,4.15
1993-02-24T06:00:00,4.14
1993-02-25T06:00:00,4.12
1993-02-26T06:00:00,4.1
1993-02-27T06:00:00,4.06
1993-02-28T06:00:00,4.06
1993-03-01T06:00:00,4.04
1993-03-02T06:00:00,4.02
1993-03-03T06:00:00,4.01
1993-03-04T06:00:00,4
1993-03-05T06:00:00,4
1993-03-06T06:00:00,3.99
1993-03-07T06:00:00,3.98
1993-03-08T06:00:00,3.97
1993-03-09T06:00:00,3.97
1993-03-10T06:00:00,3.95
1993-03-11T06:00:00,3.95
1993-03-12T06:00:00,3.93
1993-03-13T06:00:00,3.93
1993-03-14T06:00:00,3.96
1993-03-15T06:00:00,3.98
1993-03-16T06:00:00,3.99
1993-03-17T06:00:00,4.02
1993-03-18T06:00:00,4.05
1993-03-19T06:00:00,4.03
1993-03-20T06:00:00,4.02
1993-03-21T06:00:00,4.02
1993-03-22T06:00:00,4.02
1993-03-23T06:00:00,4.06
1993-03-24T06:00:00,4.06
1993-03-25T06:00:00,4.03
1993-03-26T06:00:00,4.05
1993-03-27T06:00:00,4.05
1993-03-28T06:00:00,4.07
1993-03-29T06:00:00,4.05
1993-03-30T06:00:00,4.07
1993-03-31T06:00:00,4.09
1993-04-01T06:00:00,4.11
1993-04-02T06:00:00,4.1
1993-04-03T06:00:00,4.12
1993-04-04T06:00:00,4.16
1993-04-05T06:00:00,4.18
1993-04-06T06:00:00,4.18
1993-04-07T06:00:00,4.18
1993-04-08T06:00:00,4.17
1993-04-09T06:00:00,4.15
1993-04-10T06:00:00,4.15
1993-04-11T06:00:00,4.14
1993-04-12T06:00:00,4.1
1993-04-13T06:00:00,4.06
1993-04-14T06:00:00,4.04
1993-04-15T06:00:00,4.03
1993-04-16T06:00:00,4
1993-04-17T06:00:00,4
1993-04-18T06:00:00,3.95
1993-04-19T06:00:00,3.93
1993-04-20T06:00:00,3.89
1993-04-21T06:00:00,3.89
1993-04-22T06:00:00,3.89
1993-04-23T06:00:00,3.9
1993-04-24T06:00:00,3.91
1993-04-25T06:00:00,3.89
1993-04-26T06:00:00,3.89
1993-04-27T06:00:00,3.84
1993-04-28T06:00:00,3.79
1993-04-29T06:00:00,3.78
1993-04-30T06:00:00,3.76
1993-05-01T06:00:00,3.76
1993-05-02T06:00:00,3.76
1993-05-03T06:00:00,3.76
1993-05-04T06:00:00,3.76
1993-05-05T06:00:00,3.74
1993-05-06T06:00:00,3.74
1993-05-07T06:00:00,3.74
1993-05-08T06:00:00,3.72
1993-05-09T06:00:00,3.72
1993-05-10T06:00:00,3.7
1993-05-11T06:00:00,3.67
1993-05-12T06:00:00,3.61
1993-05-13T06:00:00,3.6
1993-05-14T06:00:00,3.56
1993-05-15T06:00:00,3.52
1993-05-16T06:00:00,3.5
1993-05-17T06:00:00,3.49
1993-05-18T06:00:00,3.45
1993-05-19T06:00:00,3.41
1993-05-20T06:00:00,3.4
1993-05-21T06:00:00,3.35
1993-05-22T06:00:00,3.3
1993-05-23T06:00:00,3.27
1993-05-24T06:00:00,3.28
1993-05-25T06:00:00,3.3
1993-05-26T06:00:00,3.3
1993-05-27T06:00:00,3.36
1993-05-28T06:00:00,3.37
1993-05-29T06:00:00,3.39
1993-05-30T06:00:00,3.39
1993-05-31T06:00:00,3.38
1993-06-01T06:00:00,3.88
1993-06-02T06:00:00,3.88
1993-06-03T06:00:00,3.44
1993-06-04T06:00:00,3.45
1993-06-05T06:00:00,3.45
1993-06-06T06:00:00,3.45
1993-06-07T06:00:00,3.43
1993-06-08T06:00:00,3.46
1993-06-09T06:00:00,3.4
1993-06-10T06:00:00,3.4
1993-06-11T06:00:00,3.43
1993-06-12T06:00:00,3.43
1993-06-13T06:00:00,3.4
1993-06-14T06:00:00,3.38
1993-06-15T06:00:00,3.37
1993-06-16T06:00:00,3.4
1993-06-17T06:00:00,3.4
1993-06-18T06:00:00,3.4
1993-06-19T06:00:00,3.39
1993-06-20T06:00:00,3.39
1993-06-21T06:00:00,3.37
1993-06-22T06:00:00,3.35
1993-06-23T06:00:00,3.35
1993-06-24T06:00:00,3.35
1993-06-25T06:00:00,3.34
1993-06-26T06:00:00,3.33
1993-06-27T06:00:00,3.31
1993-06-28T06:00:00,3.28
1993-06-29T06:00:00,3.28
1993-06-30T06:00:00,3.31
1993-07-01T06:00:00,3.28
1993-07-02T06:00:00,3.26
1993-07-03T06:00:00,3.26
1993-07-04T06:00:00,3.26
1993-07-05T06:00:00,3.28
1993-07-06T06:00:00,3.28
1993-07-07T06:00:00,3.26
1993-07-08T06:00:00,3.25
1993-07-09T06:00:00,3.22
1993-07-10T06:00:00,3.18
1993-07-11T06:00:00,3.14
1993-07-12T06:00:00,3.1
1993-07-13T06:00:00,3.06
1993-07-14T06:00:00,3.04
1993-07-15T06:00:00,3.02
1993-07-16T06:00:00,3
1993-07-17T06:00:00,2.96
1993-07-18T06:00:00,2.95
1993-07-19T06:00:00,2.9
1993-07-20T06:00:00,2.86
1993-07-21T06:00:00,2.84
1993-07-22T06:00:00,2.82
1993-07-23T06:00:00,2.82
1993-07-24T06:00:00,2.76
1993-07-25T06:00:00,2.71
1993-07-26T06:00:00,2.77
1993-07-27T06:00:00,2.77
1993-07-28T06:00:00,2.69
1993-07-29T06:00:00,2.64
1993-07-30T06:00:00,2.74
1993-07-31T06:00:00,2.8
1993-08-01T06:00:00,2.83
1993-08-02T06:00:00,2.89
1993-08-03T06:00:00,2.89
1993-08-04T06:00:00,2.84
1993-08-05T06:00:00,2.82
1993-08-06T06:00:00,2.78
1993-08-07T06:00:00,2.78
1993-08-08T06:00:00,2.74
1993-08-09T06:00:00,2.74
1993-08-10T06:00:00,2.74
1993-08-11T06:00:00,2.75
1993-08-12T06:00:00,2.71
1993-08-13T06:00:00,2.7
1993-08-14T06:00:00,2.6
1993-08-15T06:00:00,2.58
1993-08-16T06:00:00,2.58
1993-08-17T06:00:00,2.55
1993-08-18T06:00:00,2.56
1993-08-19T06:00:00,2.56
1993-08-20T06:00:00,2.46
1993-08-21T06:00:00,2.46
1993-08-22T06:00:00,2.46
1993-08-23T06:00:00,2.45
1993-08-24T06:00:00,2.45
1993-08-25T06:00:00,2.35
1993-08-26T06:00:00,2.35
1993-08-27T06:00:00,2.23
1993-08-28T06:00:00,2.18
1993-08-29T06:00:00,2.15
1993-08-30T06:00:00,2.38
1993-08-31T06:00:00,2.56
1993-09-01T06:00:00,2.72
1993-09-02T06:00:00,2.66
1993-09-03T06:00:00,2.48
1993-09-04T06:00:00,2.31
1993-09-05T06:00:00,2.2
1993-09-06T06:00:00,2.1
1993-09-07T06:00:00,1.98
1993-09-08T06:00:00,1.96
1993-09-09T06:00:00,1.96
1993-09-10T06:00:00,1.99
1993-09-12T06:00:00,2.07
1993-09-13T06:00:00,2
1993-09-15T06:00:00,1.84
1993-09-16T06:00:00,1.84
1993-09-17T06:00:00,1.84
1993-09-18T06:00:00,1.84
1993-09-19T06:00:00,1.8
1993-09-20T06:00:00,1.8
1993-09-21T06:00:00,1.82
1993-09-22T06:00:00,1.95
1993-09-23T06:00:00,2.05
1993-09-24T06:00:00,2.05
1993-09-25T06:00:00,2
1993-09-26T06:00:00,1.98
1993-09-27T06:00:00,1.92
1993-09-28T06:00:00,1.9
1993-09-29T06:00:00,1.94
1993-09-30T06:00:00,2.02
1993-10-01T06:00:00,2.12
1993-10-02T06:00:00,2.3
1993-10-03T06:00:00,2.32
1993-10-04T06:00:00,2.28
1993-10-05T06:00:00,2.24
1993-10-06T06:00:00,2.3
1993-10-07T06:00:00,2.32
1993-10-08T06:00:00,2.3
1993-10-09T06:00:00,2.34
1993-10-10T06:00:00,2.41
1993-10-11T06:00:00,2.45
1993-10-12T06:00:00,2.52
1993-10-13T06:00:00,2.62
1993-10-14T06:00:00,2.7
1993-10-15T06:00:00,2.83
1993-10-16T06:00:00,2.86
1993-10-17T06:00:00,2.92
1993-10-18T06:00:00,3.05
1993-10-19T06:00:00,3.15
1993-10-20T06:00:00,3.32
1993-10-21T06:00:00,3.32
1993-10-22T06:00:00,3.25
1993-10-23T06:00:00,3.31
1993-10-24T06:00:00,3.4
1993-10-25T06:00:00,3.45
1993-10-26T06:00:00,3.45
1993-10-27T06:00:00,3.45
1993-10-28T06:00:00,3.49
1993-10-29T06:00:00,3.52
1993-10-30T06:00:00,3.6
1993-10-31T06:00:00,3.65
1993-11-01T06:00:00,3.69
1993-11-02T06:00:00,3.83
1993-11-03T06:00:00,3.86
1993-11-04T06:00:00,3.86
1993-11-05T06:00:00,3.88
1993-11-06T06:00:00,3.88
1993-11-07T06:00:00,3.82
1993-11-08T06:00:00,3.85
1993-11-09T06:00:00,3.88
1993-11-10T06:00:00,3.88
1993-11-11T06:00:00,3.86
1993-11-12T06:00:00,3.86
1993-11-13T06:00:00,3.9
1993-11-14T06:00:00,3.94
1993-11-15T06:00:00,3.98
1993-11-16T06:00:00,4.01
1993-11-17T06:00:00,4.01
1993-11-18T06:00:00,3.99
1993-11-19T06:00:00,4.01
1993-11-20T06:00:00,4.03
1993-11-21T06:00:00,4.07
1993-11-22T06:00:00,4.07
1993-11-23T06:00:00,4.07
1993-11-24T06:00:00,4.02
1993-11-25T06:00:00,4
1993-11-26T06:00:00,4.02
1993-11-27T06:00:00,3.98
1993-11-28T06:00:00,3.96
1993-11-29T06:00:00,3.96
1993-11-30T06:00:00,3.99
1993-12-01T06:00:00,3.97
1993-12-02T06:00:00,3.93
1993-12-03T06:00:00,3.92
1993-12-04T06:00:00,3.9
1993-12-05T06:00:00,3.85
1993-12-06T06:00:00,3.85
1993-12-07T06:00:00,3.81
1993-12-08T06:00:00,3.77
1993-12-09T06:00:00,3.72
1993-12-10T06:00:00,3.65
1993-12-11T06:00:00,3.62
1993-12-12T06:00:00,3.6
1993-12-13T06:00:00,3.58
1993-12-14T06:00:00,3.55
1993-12-15T06:00:00,3.55
1993-12-16T06:00:00,3.58
1993-12-17T06:00:00,3.58
1993-12-18T06:00:00,3.53
1993-12-19T06:00:00,3.5
1993-12-20T06:00:00,3.47
1993-12-21T06:00:00,3.45
1993-12-22T06:00:00,3.45
1993-12-23T06:00:00,3.43
1993-12-24T06:00:00,3.38
1993-12-25T06:00:00,3.38
1993-12-26T06:00:00,3.32
1993-12-27T06:00:00,3.31
1993-12-28T06:00:00,3.35
1993-12-29T06:00:00,3.3
1993-12-30T06:00:00,3.31
1993-12-31T06:00:00,3.3
1994-01-01T06:00:00,3.28
1994-01-02T06:00:00,3.27
1994-01-03T06:00:00,3.24
1994-01-04T06:00:00,3.21
1994-01-05T06:00:00,3.2
1994-01-06T06:00:00,3.14
1994-01-07T06:00:00,3.05
1994-01-08T06:00:00,3.05
1994-01-09T06:00:00,2.92
1994-01-10T06:00:00,3
1994-01-11T06:00:00,2.98
1994-01-12T06:00:00,2.9
1994-01-13T06:00:00,2.8
1994-01-14T06:00:00,2.8
1994-01-15T06:00:00,2.76
1994-01-16T06:00:00,2.68
1994-01-17T06:00:00,2.8
1994-01-18T06:00:00,2.72
1994-01-19T06:00:00,2.6
1994-01-20T06:00:00,2.5
1994-01-21T06:00:00,2.4
1994-01-22T06:00:00,2.4
1994-01-23T06:00:00,2.48
1994-01-24T06:00:00,2.48
1994-01-25T06:00:00,2.53
1994-01-26T06:00:00,2.53
1994-01-27T06:00:00,2.55
1994-01-28T06:00:00,2.58
1994-01-29T06:00:00,2.51
1994-01-30T06:00:00,2.47
1994-01-31T06:00:00,2.47
1994-02-01T06:00:00,2.46
1994-02-02T06:00:00,2.56
1994-02-03T06:00:00,2.59
1994-02-04T06:00:00,2.62
1994-02-05T06:00:00,2.64
1994-02-06T06:00:00,2.7
1994-02-07T06:00:00,2.84
1994-02-08T06:00:00,2.85
1994-02-09T06:00:00,2.8
1994-02-10T06:00:00,2.83
1994-02-11T06:00:00,2.91
1994-02-12T06:00:00,2.98
1994-02-13T06:00:00,2.99
1994-02-14T06:00:00,3.02
1994-02-15T06:00:00,3.03
1994-02-16T06:00:00,3.05
1994-02-17T06:00:00,3.02
1994-02-18T06:00:00,3.02
1994-02-19T06:00:00,3.13
1994-02-20T06:00:00,3.13
1994-02-21T06:00:00,3.19
1994-02-22T06:00:00,3.21
1994-02-23T06:00:00,3.25
1994-02-24T06:00:00,3.3
1994-02-25T06:00:00,3.33
1994-02-26T06:00:00,3.37
1994-02-27T06:00:00,3.41
1994-02-28T06:00:00,3.44
1994-03-01T06:00:00,3.45
1994-03-02T06:00:00,3.49
1994-03-03T06:00:00,3.56
1994-03-04T06:00:00,3.58
1994-03-05T06:00:00,3.6
1994-03-06T06:00:00,3.58
1994-03-07T06:00:00,3.6
1994-03-08T06:00:00,3.63
1994-03-09T06:00:00,3.63
1994-03-10T06:00:00,3.6
1994-03-11T06:00:00,3.57
1994-03-12T06:00:00,3.57
1994-03-13T06:00:00,3.6
1994-03-14T06:00:00,3.6
1994-03-15T06:00:00,3.58
1994-03-16T06:00:00,3.6
1994-03-17T06:00:00,3.6
1994-03-18T06:00:00,3.6
1994-03-19T06:00:00,3.65
1994-03-20T06:00:00,3.67
1994-03-21T06:00:00,3.67
1994-03-22T06:00:00,3.67
1994-03-23T06:00:00,3.67
1994-03-24T06:00:00,3.61
1994-03-25T06:00:00,3.61
1994-03-26T06:00:00,3.58
1994-03-27T06:00:00,3.5
1994-03-28T06:00:00,3.5
1994-03-29T06:00:00,3.5
1994-03-30T06:00:00,3.5
1994-03-31T06:00:00,3.45
1994-04-01T06:00:00,3.4
1994-04-02T06:00:00,3.4
1994-04-03T06:00:00,3.36
1994-04-04T06:00:00,3.4
1994-04-05T06:00:00,3.4
1994-04-06T06:00:00,3.43
1994-04-07T06:00:00,3.5
1994-04-08T06:00:00,3.54
1994-04-09T06:00:00,3.55
1994-04-10T06:00:00,3.52
1994-04-11T06:00:00,3.49
1994-04-12T06:00:00,3.35
1994-04-13T06:00:00,3.32
1994-04-14T06:00:00,3.32
1994-04-15T06:00:00,3.31
1994-04-16T06:00:00,3.31
1994-04-17T06:00:00,3.28
1994-04-18T06:00:00,3.2
1994-04-19T06:00:00,3.21
1994-04-20T06:00:00,3.19
1994-04-21T06:00:00,3.18
1994-04-22T06:00:00,3.12
1994-04-23T06:00:00,3.08
1994-04-24T06:00:00,3.11
1994-04-25T06:00:00,3.08
1994-04-26T06:00:00,3
1994-04-27T06:00:00,2.96
1994-04-28T06:00:00,2.84
1994-04-29T06:00:00,2.84
1994-04-30T06:00:00,2.9
1994-05-01T06:00:00,2.87
1994-05-02T06:00:00,2.87
1994-05-03T06:00:00,2.92
1994-05-04T06:00:00,3
1994-05-05T06:00:00,3
1994-05-06T06:00:00,3
1994-05-07T06:00:00,2.95
1994-05-08T06:00:00,2.98
1994-05-09T06:00:00,2.98
1994-05-10T06:00:00,3.08
1994-05-11T06:00:00,3.08
1994-05-12T06:00:00,3.08
1994-05-13T06:00:00,3.01
1994-05-14T06:00:00,3.01
1994-05-15T06:00:00,2.98
1994-05-16T06:00:00,2.96
1994-05-17T06:00:00,2.92
1994-05-18T06:00:00,2.88
1994-05-19T06:00:00,2.88
1994-05-20T06:00:00,2.86
1994-05-21T06:00:00,2.83
1994-05-22T06:00:00,2.81
1994-05-23T06:00:00,2.9
1994-05-24T06:00:00,2.92
1994-05-25T06:00:00,2.85
1994-05-26T06:00:00,2.8
1994-05-27T06:00:00,2.77
1994-05-28T06:00:00,2.76
1994-05-29T06:00:00,2.8
1994-05-30T06:00:00,2.8
1994-05-31T06:00:00,2.78
1994-06-01T06:00:00,2.7
1994-06-02T06:00:00,2.68
1994-06-03T06:00:00,2.67
1994-06-04T06:00:00,2.67
1994-06-05T06:00:00,2.7
1994-06-06T06:00:00,2.69
1994-06-07T06:00:00,2.72
1994-06-08T06:00:00,2.75
1994-06-09T06:00:00,2.86
1994-06-15T06:00:00,3.05
1994-06-16T06:00:00,3.1
1994-06-17T06:00:00,3.13
1994-06-18T06:00:00,3.16
1994-06-19T06:00:00,3.2
1994-06-20T06:00:00,3.22
1994-06-21T06:00:00,3.26
1994-06-22T06:00:00,3.27
1994-06-23T06:00:00,3.27
1994-06-24T06:00:00,3.29
1994-06-25T06:00:00,3.31
1994-06-26T06:00:00,3.22
1994-06-27T06:00:00,3.22
1994-06-28T06:00:00,3.22
1994-06-29T06:00:00,3.24
1994-06-30T06:00:00,3.26
1994-07-01T06:00:00,3.28
1994-07-02T06:00:00,3.28
1994-07-03T06:00:00,3.28
1994-07-04T06:00:00,3.33
1994-07-05T06:00:00,4.33
1994-07-06T06:00:00,3.4
1994-07-07T06:00:00,3.4
1994-07-08T06:00:00,3.4
1994-07-09T06:00:00,3.4
1994-07-10T06:00:00,3.43
1994-07-11T06:00:00,3.46
1994-07-12T06:00:00,3.46
1994-07-13T06:00:00,3.52
1994-07-14T06:00:00,3.53
1994-07-15T06:00:00,3.55
1994-07-16T06:00:00,3.58
1994-07-17T06:00:00,3.6
1994-07-18T06:00:00,3.62
1994-07-19T06:00:00,3.63
1994-07-20T06:00:00,3.64
1994-07-21T06:00:00,3.66
1994-07-22T06:00:00,3.66
1994-07-23T06:00:00,3.67
1994-07-24T06:00:00,3.67
1994-07-25T06:00:00,3.68
1994-07-26T06:00:00,3.68
1994-07-27T06:00:00,3.7
1994-07-28T06:00:00,3.71
1994-07-29T06:00:00,3.72
1994-07-30T06:00:00,3.75
1994-07-31T06:00:00,3.76
1994-08-01T06:00:00,3.73
1994-08-02T06:00:00,3.68
1994-08-03T06:00:00,3.64
1994-08-04T06:00:00,3.65
1994-08-05T06:00:00,3.66
1994-08-06T06:00:00,3.66
1994-08-07T06:00:00,3.62
1994-08-08T06:00:00,3.62
1994-08-09T06:00:00,3.63
1994-08-10T06:00:00,3.57
1994-08-11T06:00:00,3.5
1994-08-12T06:00:00,3.5
1994-08-13T06:00:00,3.5
1994-08-14T06:00:00,3.48
1994-08-15T06:00:00,3.46
1994-08-16T06:00:00,3.44
1994-08-17T06:00:00,3.41
1994-08-18T06:00:00,3.36
1994-08-19T06:00:00,3.32
1994-08-20T06:00:00,3.15
1994-08-21T06:00:00,3.15
1994-08-22T06:00:00,3.13
1994-08-23T06:00:00,3.08
1994-08-24T06:00:00,3.05
1994-08-25T06:00:00,3
1994-08-26T06:00:00,2.92
1994-08-27T06:00:00,2.83
1994-09-01T06:00:00,2.77
1994-09-02T06:00:00,2.79
1994-09-03T06:00:00,2.76
1994-09-04T06:00:00,2.64
1994-09-05T06:00:00,2.45
1994-09-06T06:00:00,2.42
1994-09-07T06:00:00,2.3
1994-09-08T06:00:00,2.32
1994-09-09T06:00:00,2.42
1994-09-10T06:00:00,2.42
1994-09-11T06:00:00,2.4
1994-09-12T06:00:00,2.15
1994-09-13T06:00:00,2.06
1994-09-14T06:00:00,2.03
1994-09-15T06:00:00,2.03
1994-09-16T06:00:00,2.03
1994-09-17T06:00:00,2.03
1994-09-18T06:00:00,1.95
1994-09-19T06:00:00,1.92
1994-09-20T06:00:00,1.88
1994-09-21T06:00:00,1.86
1994-09-22T06:00:00,1.84
1994-09-23T06:00:00,1.93
1994-09-24T06:00:00,1.95
1994-09-25T06:00:00,1.99
1994-09-26T06:00:00,2.04
1994-09-27T06:00:00,2.1
1994-09-28T06:00:00,2.18
1994-09-29T06:00:00,2.06
1994-09-30T06:00:00,2.03
1994-10-01T06:00:00,2.03
1994-10-02T06:00:00,2
1994-10-03T06:00:00,1.94
1994-10-04T06:00:00,1.92
1994-10-05T06:00:00,1.9
1994-10-06T06:00:00,2
1994-10-07T06:00:00,2
1994-10-08T06:00:00,2
1994-10-09T06:00:00,2.02
1994-10-10T06:00:00,1.98
1994-10-11T06:00:00,2.05
1994-10-12T06:00:00,2.1
1994-10-13T06:00:00,2.12
1994-10-14T06:00:00,2.02
1994-10-15T06:00:00,2.02
1994-10-16T06:00:00,2.02
1994-10-17T06:00:00,2.03
1994-10-18T06:00:00,2.03
1994-10-19T06:00:00,2
1994-10-20T06:00:00,1.97
1994-10-21T06:00:00,1.95
1994-10-22T06:00:00,1.91
1994-10-23T06:00:00,1.93
1994-10-24T06:00:00,2.04
1994-10-25T06:00:00,2.04
1994-10-26T06:00:00,2.04
1994-10-27T06:00:00,2.07
1994-10-28T06:00:00,2.1
1994-10-29T06:00:00,2.12
1994-10-30T06:00:00,2.2
1994-10-31T06:00:00,2.25
1994-11-01T06:00:00,2.3
1994-11-02T06:00:00,2.3
1994-11-03T06:00:00,2.4
1994-11-04T06:00:00,2.42
1994-11-05T06:00:00,2.5
1994-11-06T06:00:00,2.5
1994-11-07T06:00:00,2.52
1994-11-08T06:00:00,2.55
1994-11-09T06:00:00,2.57
1994-11-10T06:00:00,2.57
1994-11-11T06:00:00,2.58
1994-11-12T06:00:00,2.58
1994-11-13T06:00:00,2.6
1994-11-14T06:00:00,2.58
1994-11-15T06:00:00,2.58
1994-11-16T06:00:00,2.6
1994-11-17T06:00:00,2.66
1994-11-18T06:00:00,2.75
1994-11-19T06:00:00,2.77
1994-11-20T06:00:00,2.83
1994-11-21T06:00:00,2.85
1994-11-22T06:00:00,2.85
1994-11-23T06:00:00,2.87
1994-11-24T06:00:00,2.9
1994-11-25T06:00:00,2.9
1994-11-26T06:00:00,2.99
1994-11-27T06:00:00,2.99
1994-11-28T06:00:00,3.01
1994-11-29T06:00:00,3.01
1994-11-30T06:00:00,3
1994-12-01T06:00:00,3.02
1994-12-02T06:00:00,3.05
1994-12-03T06:00:00,3.07
1994-12-04T06:00:00,3.1
1994-12-05T06:00:00,3.13
1994-12-06T06:00:00,3.15
1994-12-07T06:00:00,3.16
1994-12-08T06:00:00,3.15
1994-12-09T06:00:00,3.16
1994-12-10T06:00:00,3.16
1994-12-11T06:00:00,3.14
1994-12-12T06:00:00,3.14
1994-12-13T06:00:00,3.14
1994-12-14T06:00:00,3.18
1994-12-15T06:00:00,3.18
1994-12-16T06:00:00,3.18
1994-12-17T06:00:00,3.2
1994-12-18T06:00:00,3.18
1994-12-19T06:00:00,3.15
1994-12-20T06:00:00,3.12
1994-12-21T06:00:00,3.07
1994-12-22T06:00:00,3.03
1994-12-23T06:00:00,3.01
1994-12-24T06:00:00,2.94
1994-12-25T06:00:00,2.85
1994-12-26T06:00:00,2.85
1994-12-27T06:00:00,2.85
1994-12-28T06:00:00,2.8
1994-12-29T06:00:00,2.73
1994-12-30T06:00:00,2.71
1994-12-31T06:00:00,2.68
1995-01-01T06:00:00,2.6
1995-01-02T06:00:00,2.54
1995-01-03T06:00:00,2.56
1995-01-04T06:00:00,2.56
1995-01-05T06:00:00,2.56
1995-01-06T06:00:00,2.5
1995-01-07T06:00:00,2.52
1995-01-08T06:00:00,2.52
1995-01-09T06:00:00,2.52
1995-01-10T06:00:00,2.53
1995-01-11T06:00:00,2.55
1995-01-12T06:00:00,2.6
1995-01-13T06:00:00,2.58
1995-01-14T06:00:00,2.56
1995-01-15T06:00:00,2.48
1995-01-16T06:00:00,2.47
1995-01-17T06:00:00,2.54
1995-01-18T06:00:00,2.64
1995-01-19T06:00:00,2.75
1995-01-20T06:00:00,2.79
1995-01-21T06:00:00,2.79
1995-01-22T06:00:00,3.01
1995-01-23T06:00:00,2.81
1995-01-25T06:00:00,2.85
1995-01-26T06:00:00,2.86
1995-01-27T06:00:00,2.98
1995-01-28T06:00:00,3.02
1995-01-29T06:00:00,3.07
1995-01-30T06:00:00,3.1
1995-01-31T06:00:00,3.21
1995-02-01T06:00:00,3.22
1995-02-02T06:00:00,3.25
1995-02-03T06:00:00,3.28
1995-02-04T06:00:00,3.29
1995-02-05T06:00:00,3.32
1995-02-06T06:00:00,3.35
1995-02-07T06:00:00,3.4
1995-02-08T06:00:00,3.42
1995-02-09T06:00:00,3.46
1995-02-10T06:00:00,3.48
1995-02-11T06:00:00,3.5
1995-02-12T06:00:00,3.51
1995-02-13T06:00:00,3.57
1995-02-14T06:00:00,3.6
1995-02-15T06:00:00,3.62
1995-02-16T06:00:00,3.42
1995-02-17T06:00:00,3.67
1995-02-18T06:00:00,3.67
1995-02-19T06:00:00,3.72
1995-02-20T06:00:00,3.77
1995-02-21T06:00:00,3.79
1995-02-22T06:00:00,3.79
1995-02-23T06:00:00,3.82
1995-02-24T06:00:00,3.86
1995-02-25T06:00:00,3.87
1995-02-26T06:00:00,3.88
1995-02-27T06:00:00,3.89
1995-02-28T06:00:00,3.9
1995-03-01T06:00:00,3.92
1995-03-02T06:00:00,3.94
1995-03-03T06:00:00,3.96
1995-03-04T06:00:00,3.97
1995-03-05T06:00:00,3.98
1995-03-06T06:00:00,4
1995-03-07T06:00:00,4.01
1995-03-08T06:00:00,4.05
1995-03-09T06:00:00,4.05
1995-03-10T06:00:00,4.08
1995-03-11T06:00:00,4.1
1995-03-12T06:00:00,4.1
1995-03-13T06:00:00,4.12
1995-03-14T06:00:00,4.15
1995-03-15T06:00:00,4.16
1995-03-16T06:00:00,4.18
1995-03-17T06:00:00,4.19
1995-03-18T06:00:00,4.23
1995-03-19T06:00:00,4.28
1995-03-20T06:00:00,4.34
1995-03-21T06:00:00,4.36
1995-03-22T06:00:00,4.39
1995-03-23T06:00:00,4.4
1995-03-24T06:00:00,4.42
1995-03-25T06:00:00,4.46
1995-03-26T06:00:00,4.49
1995-03-27T06:00:00,4.51
1995-03-28T06:00:00,4.55
1995-03-29T06:00:00,4.58
1995-03-30T06:00:00,4.61
1995-03-31T06:00:00,4.67
1995-04-01T06:00:00,4.63
1995-04-02T06:00:00,4.6
1995-04-03T06:00:00,4.65
1995-04-04T06:00:00,4.67
1995-04-05T06:00:00,4.7
1995-04-06T06:00:00,4.7
1995-04-07T06:00:00,4.7
1995-04-08T06:00:00,4.7
1995-04-09T06:00:00,4.72
1995-04-10T06:00:00,4.72
1995-04-11T06:00:00,4.6
1995-04-12T06:00:00,4.58
1995-04-13T06:00:00,4.6
1995-04-14T06:00:00,4.66
1995-04-15T06:00:00,4.65
1995-04-16T06:00:00,4.62
1995-04-17T06:00:00,4.6
1995-04-18T06:00:00,4.55
1995-04-19T06:00:00,4.52
1995-04-20T06:00:00,4.47
1995-04-21T06:00:00,4.4
1995-04-22T06:00:00,4.39
1995-04-23T06:00:00,4.39
1995-04-24T06:00:00,4.38
1995-04-25T06:00:00,4.37
1995-04-26T06:00:00,4.34
1995-04-27T06:00:00,4.32
1995-04-28T06:00:00,4.3
1995-04-29T06:00:00,4.32
1995-04-30T06:00:00,4.35
1995-05-01T06:00:00,4.3
1995-05-02T06:00:00,4.22
1995-05-03T06:00:00,4.21
1995-05-04T06:00:00,4.21
1995-05-05T06:00:00,4.17
1995-05-06T06:00:00,4.13
1995-05-07T06:00:00,4.08
1995-05-08T06:00:00,4.06
1995-05-09T06:00:00,4.08
1995-05-10T06:00:00,4.06
1995-05-11T06:00:00,4.02
1995-05-12T06:00:00,4.02
1995-05-13T06:00:00,4.02
1995-05-14T06:00:00,3.99
1995-05-15T06:00:00,3.96
1995-05-16T06:00:00,3.96
1995-05-17T06:00:00,3.96
1995-05-18T06:00:00,3.93
1995-05-19T06:00:00,3.89
1995-05-20T06:00:00,3.91
1995-05-21T06:00:00,3.91
1995-05-22T06:00:00,3.9
1995-05-23T06:00:00,3.88
1995-05-24T06:00:00,3.86
1995-05-25T06:00:00,3.81
1995-05-26T06:00:00,3.81
1995-05-27T06:00:00,3.8
1995-05-28T06:00:00,3.8
1995-05-29T06:00:00,3.78
1995-05-30T06:00:00,3.74
1995-05-31T06:00:00,3.74
1995-06-01T06:00:00,3.72
1995-06-02T06:00:00,3.69
1995-06-03T06:00:00,3.64
1995-06-04T06:00:00,3.62
1995-06-05T06:00:00,3.6
1995-06-06T06:00:00,3.58
1995-06-07T06:00:00,3.52
1995-06-08T06:00:00,3.51
1995-06-09T06:00:00,3.5
1995-06-10T06:00:00,3.47
1995-06-11T06:00:00,3.42
1995-06-12T06:00:00,3.39
1995-06-13T06:00:00,3.38
1995-06-14T06:00:00,3.35
1995-06-15T06:00:00,3.32
1995-06-16T06:00:00,3.31
1995-06-17T06:00:00,3.3
1995-06-18T06:00:00,3.29
1995-06-19T06:00:00,3.29
1995-06-20T06:00:00,3.28
1995-06-21T06:00:00,3.25
1995-06-22T06:00:00,3.18
1995-06-23T06:00:00,3.07
1995-06-24T06:00:00,3.05
1995-06-25T06:00:00,2.98
1995-06-26T06:00:00,3.02
1995-06-27T06:00:00,3.02
1995-06-28T06:00:00,2.98
1995-06-29T06:00:00,2.94
1995-06-30T06:00:00,2.92
1995-07-01T06:00:00,2.92
1995-07-02T06:00:00,2.91
1995-07-03T06:00:00,2.85
1995-07-04T06:00:00,2.8
1995-07-05T06:00:00,2.78
1995-07-06T06:00:00,2.77
1995-07-07T06:00:00,2.72
1995-07-08T06:00:00,2.72
1995-07-09T06:00:00,2.71
1995-07-10T06:00:00,2.69
1995-07-11T06:00:00,2.64
1995-07-12T06:00:00,2.68
1995-07-13T06:00:00,2.68
1995-07-14T06:00:00,2.75
1995-07-15T06:00:00,2.82
1995-07-16T06:00:00,2.86
1995-07-17T06:00:00,2.86
1995-07-18T06:00:00,2.8
1995-07-19T06:00:00,2.8
1995-07-20T06:00:00,2.8
1995-07-21T06:00:00,2.79
1995-07-22T06:00:00,2.75
1995-07-23T06:00:00,2.75
1995-07-24T06:00:00,2.75
1995-07-25T06:00:00,2.75
1995-07-26T06:00:00,2.74
1995-07-27T06:00:00,2.77
1995-07-28T06:00:00,2.81
1995-07-29T06:00:00,2.87
1995-07-30T06:00:00,2.8
1995-07-31T06:00:00,2.83
1995-08-01T06:00:00,2.9
1995-08-02T06:00:00,2.9
1995-08-03T06:00:00,2.88
1995-08-04T06:00:00,2.76
1995-08-05T06:00:00,2.78
1995-08-06T06:00:00,2.81
1995-08-07T06:00:00,2.89
1995-08-08T06:00:00,2.74
1995-08-09T06:00:00,2.7
1995-08-10T06:00:00,2.68
1995-08-11T06:00:00,2.68
1995-08-12T06:00:00,2.7
1995-08-13T06:00:00,2.66
1995-08-14T06:00:00,2.61
1995-08-15T06:00:00,2.55
1995-08-16T06:00:00,2.55
1995-08-17T06:00:00,2.53
1995-08-18T06:00:00,2.53
1995-08-19T06:00:00,2.53
1995-08-20T06:00:00,2.52
1995-08-21T06:00:00,2.52
1995-08-22T06:00:00,2.48
1995-08-23T06:00:00,2.45
1995-08-24T06:00:00,2.42
1995-08-25T06:00:00,2.42
1995-08-26T06:00:00,2.48
1995-08-27T06:00:00,2.48
1995-08-28T06:00:00,2.47
1995-08-29T06:00:00,2.4
1995-08-30T06:00:00,2.29
1995-08-31T06:00:00,2.2
1995-09-01T06:00:00,2.25
1995-09-02T06:00:00,2.15
1995-09-03T06:00:00,2.15
1995-09-04T06:00:00,2.19
1995-09-05T06:00:00,2.19
1995-09-06T06:00:00,2.12
1995-09-07T06:00:00,2.08
1995-09-08T06:00:00,2.01
1995-09-09T06:00:00,2.01
1995-09-10T06:00:00,2.11
1995-09-11T06:00:00,2.11
1995-09-12T06:00:00,2.1
1995-09-13T06:00:00,2.3
1995-09-14T06:00:00,2.32
1995-09-15T06:00:00,2.2
1995-09-16T06:00:00,2.1
1995-09-17T06:00:00,2.05
1995-09-18T06:00:00,1.97
1995-09-19T06:00:00,1.82
1995-09-20T06:00:00,1.91
1995-09-21T06:00:00,2.02
1995-09-22T06:00:00,2.02
1995-09-23T06:00:00,1.89
1995-09-24T06:00:00,1.88
1995-09-25T06:00:00,1.88
1995-09-26T06:00:00,1.88
1995-09-27T06:00:00,1.84
1995-09-28T06:00:00,1.88
1995-09-29T06:00:00,2
1995-09-30T06:00:00,2.08
1995-10-01T06:00:00,2.05
1995-10-02T06:00:00,2.04
1995-10-03T06:00:00,2.04
1995-10-04T06:00:00,2.28
1995-10-05T06:00:00,2.34
1995-10-06T06:00:00,2.28
1995-10-07T06:00:00,2.28
1995-10-08T06:00:00,2.34
1995-10-09T06:00:00,2.42
1995-10-10T06:00:00,2.41
1995-10-11T06:00:00,2.52
1995-10-12T06:00:00,2.57
1995-10-13T06:00:00,2.6
1995-10-14T06:00:00,2.51
1995-10-15T06:00:00,2.5
1995-10-16T06:00:00,2.5
1995-10-17T06:00:00,2.5
1995-10-18T06:00:00,2.67
1995-10-19T06:00:00,2.67
1995-10-20T06:00:00,2.64
1995-10-21T06:00:00,2.62
1995-10-22T06:00:00,2.59
1995-10-23T06:00:00,2.59
1995-10-24T06:00:00,2.6
1995-10-25T06:00:00,2.62
1995-10-26T06:00:00,2.64
1995-10-27T06:00:00,2.73
1995-10-28T06:00:00,2.79
1995-10-29T06:00:00,2.86
1995-10-30T06:00:00,2.89
1995-10-31T06:00:00,2.89
1995-11-01T06:00:00,2.89
1995-11-02T06:00:00,2.79
1995-11-03T06:00:00,2.81
1995-11-04T06:00:00,3.47
1995-11-05T06:00:00,2.87
1995-11-06T06:00:00,2.91
1995-11-07T06:00:00,2.91
1995-11-08T06:00:00,2.95
1995-11-09T06:00:00,3
1995-11-10T06:00:00,3.1
1995-11-11T06:00:00,3.17
1995-11-12T06:00:00,3.18
1995-11-13T06:00:00,3.22
1995-11-14T06:00:00,3.24
1995-11-15T06:00:00,3.18
1995-11-16T06:00:00,3.14
1995-11-17T06:00:00,3.1
1995-11-18T06:00:00,3.08
1995-11-19T06:00:00,3.18
1995-11-20T06:00:00,3.1
1995-11-21T06:00:00,3
1995-11-22T06:00:00,2.89
1995-11-23T06:00:00,2.83
1995-11-24T06:00:00,2.81
1995-11-25T06:00:00,2.73
1995-11-26T06:00:00,2.68
1995-11-27T06:00:00,2.66
1995-11-28T06:00:00,2.6
1995-11-29T06:00:00,2.6
1995-11-30T06:00:00,2.58
1995-12-01T06:00:00,2.5
1995-12-02T06:00:00,2.48
1995-12-03T06:00:00,2.5
1995-12-04T06:00:00,2.48
1995-12-05T06:00:00,2.44
1995-12-06T06:00:00,2.4
1995-12-07T06:00:00,2.38
1995-12-08T06:00:00,2.35
1995-12-09T06:00:00,2.5
1995-12-10T06:00:00,2.45
1995-12-11T06:00:00,2.25
1995-12-12T06:00:00,2.16
1995-12-13T06:00:00,2.18
1995-12-14T06:00:00,2.1
1995-12-15T06:00:00,2.12
1995-12-16T06:00:00,2.05
1995-12-17T06:00:00,2
1995-12-18T06:00:00,2.08
1995-12-19T06:00:00,1.95
1995-12-20T06:00:00,2
1995-12-21T06:00:00,2
1995-12-22T06:00:00,1.9
1995-12-23T06:00:00,2.06
1995-12-24T06:00:00,2.1
1995-12-25T06:00:00,2.1
1995-12-26T06:00:00,2.05
1995-12-27T06:00:00,1.99
1995-12-28T06:00:00,1.9
1995-12-29T06:00:00,1.9
1995-12-30T06:00:00,1.82
1995-12-31T06:00:00,1.75
1996-01-01T06:00:00,1.8
1996-01-02T06:00:00,1.75
1996-01-03T06:00:00,1.73
1996-01-04T06:00:00,1.68
1996-01-05T06:00:00,1.62
1996-01-06T06:00:00,1.59
1996-01-07T06:00:00,1.64
1996-01-08T06:00:00,1.6
1996-01-09T06:00:00,1.46
1996-01-10T06:00:00,1.42
1996-01-11T06:00:00,1.4
1996-01-12T06:00:00,1.4
1996-01-13T06:00:00,1.6
1996-01-14T06:00:00,1.6
1996-01-15T06:00:00,1.75
1996-01-16T06:00:00,1.58
1996-01-17T06:00:00,1.42
1996-01-18T06:00:00,1.39
1996-01-19T06:00:00,1.46
1996-01-20T06:00:00,1.39
1996-01-21T06:00:00,1.39
1996-01-22T06:00:00,1.35
1996-01-23T06:00:00,1.39
1996-01-24T06:00:00,1.45
1996-01-25T06:00:00,1.67
1996-01-26T06:00:00,1.66
1996-01-27T06:00:00,1.72
1996-01-28T06:00:00,1.89
1996-01-29T06:00:00,2.08
1996-01-30T06:00:00,2.08
1996-01-31T06:00:00,2.13
1996-02-01T06:00:00,2.27
1996-02-02T06:00:00,2.37
1996-02-03T06:00:00,2.43
1996-02-04T06:00:00,2.48
1996-02-05T06:00:00,2.43
1996-02-06T06:00:00,2.44
1996-02-07T06:00:00,2.54
1996-02-08T06:00:00,2.58
1996-02-09T06:00:00,2.65
1996-02-10T06:00:00,2.75
1996-02-11T06:00:00,2.77
1996-02-12T06:00:00,2.8
1996-02-13T06:00:00,2.83
1996-02-14T06:00:00,2.83
1996-02-15T06:00:00,2.83
1996-02-16T06:00:00,3.32
1996-02-17T06:00:00,2.89
1996-02-18T06:00:00,2.93
1996-02-19T06:00:00,2.95
1996-02-20T06:00:00,2.97
1996-02-21T06:00:00,3.01
1996-02-22T06:00:00,3.15
1996-02-23T06:00:00,3.15
1996-02-24T06:00:00,3.15
1996-02-25T06:00:00,3.2
1996-02-26T06:00:00,3.27
1996-02-27T06:00:00,3.27
1996-02-28T06:00:00,3.29
1996-02-29T06:00:00,3.31
1996-03-01T06:00:00,3.35
1996-03-02T06:00:00,3.42
1996-03-03T06:00:00,3.38
1996-03-04T06:00:00,3.31
1996-03-05T06:00:00,3.33
1996-03-06T06:00:00,3.3
1996-03-07T06:00:00,3.28
1996-03-08T06:00:00,3.26
1996-03-09T06:00:00,3.22
1996-03-10T06:00:00,3.32
1996-03-11T06:00:00,3.27
1996-03-12T06:00:00,3.27
1996-03-13T06:00:00,3.24
1996-03-14T06:00:00,3.2
1996-03-15T06:00:00,3.2
1996-03-16T06:00:00,3.2
1996-03-17T06:00:00,3.18
1996-03-18T06:00:00,3.15
1996-03-19T06:00:00,3.11
1996-03-20T06:00:00,3.11
1996-03-21T06:00:00,3.18
1996-03-22T06:00:00,3.18
1996-03-23T06:00:00,3.2
1996-03-24T06:00:00,3.28
1996-03-25T06:00:00,2.3
1996-03-26T06:00:00,3.3
1996-03-27T06:00:00,3.28
1996-03-28T06:00:00,3.28
1996-03-29T06:00:00,3.27
1996-03-30T06:00:00,3.25
1996-03-31T06:00:00,3.25
1996-04-01T06:00:00,3.22
1996-04-02T06:00:00,3.22
1996-04-03T06:00:00,3.24
1996-04-04T06:00:00,3.24
1996-04-05T06:00:00,3.4
1996-04-06T06:00:00,3.4
1996-04-07T06:00:00,3.41
1996-04-08T06:00:00,3.38
1996-04-09T06:00:00,3.4
1996-04-10T06:00:00,3.38
1996-04-11T06:00:00,3.4
1996-04-12T06:00:00,3.45
1996-04-13T06:00:00,3.41
1996-04-14T06:00:00,3.45
1996-04-15T06:00:00,3.5
1996-04-16T06:00:00,3.57
1996-04-17T06:00:00,3.58
1996-04-18T06:00:00,3.62
1996-04-19T06:00:00,3.63
1996-04-20T06:00:00,3.67
1996-04-21T06:00:00,3.65
1996-04-22T06:00:00,3.65
1996-04-23T06:00:00,3.65
1996-04-24T06:00:00,3.66
1996-04-25T06:00:00,3.67
1996-04-26T06:00:00,3.7
1996-04-27T06:00:00,3.7
1996-04-28T06:00:00,3.71
1996-04-29T06:00:00,3.71
1996-04-30T06:00:00,3.74
1996-05-01T06:00:00,3.75
1996-05-02T06:00:00,3.75
1996-05-03T06:00:00,3.75
1996-05-04T06:00:00,3.77
1996-05-05T06:00:00,3.77
1996-05-06T06:00:00,3.79
1996-05-07T06:00:00,3.79
1996-05-08T06:00:00,3.75
1996-05-09T06:00:00,3.73
1996-05-10T06:00:00,3.73
1996-05-11T06:00:00,3.73
1996-05-12T06:00:00,3.72
1996-05-13T06:00:00,3.72
1996-05-14T06:00:00,3.72
1996-05-15T06:00:00,3.68
1996-05-16T06:00:00,3.67
1996-05-17T06:00:00,3.64
1996-05-18T06:00:00,3.66
1996-05-19T06:00:00,3.57
1996-05-20T06:00:00,3.56
1996-05-21T06:00:00,3.54
1996-05-22T06:00:00,3.54
1996-05-23T06:00:00,3.52
1996-05-24T06:00:00,3.53
1996-05-25T06:00:00,3.49
1996-05-26T06:00:00,3.47
1996-05-27T06:00:00,3.45
1996-05-28T06:00:00,3.42
1996-05-29T06:00:00,3.36
1996-05-30T06:00:00,3.31
1996-05-31T06:00:00,3.26
1996-06-01T06:00:00,3.3
1996-06-02T06:00:00,3.28
1996-06-03T06:00:00,3.24
1996-06-04T06:00:00,3.22
1996-06-05T06:00:00,3.13
1996-06-06T06:00:00,3.05
1996-06-07T06:00:00,3.03
1996-06-08T06:00:00,3.03
1996-06-09T06:00:00,3
1996-06-10T06:00:00,3
1996-06-11T06:00:00,2.95
1996-06-12T06:00:00,2.92
1996-06-13T06:00:00,2.92
1996-06-14T06:00:00,2.85
1996-06-15T06:00:00,2.85
1996-06-16T06:00:00,2.87
1996-06-17T06:00:00,3
1996-06-18T06:00:00,3
1996-06-19T06:00:00,2.94
1996-06-20T06:00:00,2.87
1996-06-21T06:00:00,2.81
1996-06-22T06:00:00,2.71
1996-06-23T06:00:00,2.67
1996-06-24T06:00:00,2.69
1996-06-25T06:00:00,2.7
1996-06-26T06:00:00,2.65
1996-06-27T06:00:00,2.7
1996-06-28T06:00:00,2.74
1996-06-29T06:00:00,2.74
1996-06-30T06:00:00,2.68
1996-07-01T06:00:00,2.6
1996-07-02T06:00:00,2.58
1996-07-03T06:00:00,2.48
1996-07-04T06:00:00,2.48
1996-07-05T06:00:00,2.48
1996-07-06T06:00:00,2.58
1996-07-07T06:00:00,2.54
1996-07-08T06:00:00,2.52
1996-07-09T06:00:00,2.54
1996-07-10T06:00:00,2.5
1996-07-11T06:00:00,2.37
1996-07-12T06:00:00,2.37
1996-07-13T06:00:00,2.4
1996-07-14T06:00:00,2.43
1996-07-15T06:00:00,2.4
1996-07-16T06:00:00,2.45
1996-07-17T06:00:00,2.44
1996-07-18T06:00:00,2.38
1996-07-19T06:00:00,2.4
1996-07-20T06:00:00,2.4
1996-07-21T06:00:00,2.38
1996-07-22T06:00:00,2.5
1996-07-23T06:00:00,2.64
1996-07-24T06:00:00,2.58
1996-07-25T06:00:00,2.52
1996-07-26T06:00:00,2.47
1996-07-27T06:00:00,2.48
1996-07-28T06:00:00,2.42
1996-07-29T06:00:00,2.38
1996-07-30T06:00:00,2.37
1996-07-31T06:00:00,2.32
1996-08-01T06:00:00,2.28
1996-08-02T06:00:00,2.28
1996-08-03T06:00:00,2.27
1996-08-04T06:00:00,2.23
1996-08-05T06:00:00,2.17
1996-08-06T06:00:00,2.27
1996-08-07T06:00:00,2.17
1996-08-08T06:00:00,2
1996-08-09T06:00:00,1.92
1996-08-10T06:00:00,1.8
1996-08-11T06:00:00,1.7
1996-08-12T06:00:00,1.64
1996-08-13T06:00:00,1.62
1996-08-14T06:00:00,1.59
1996-08-15T06:00:00,1.51
1996-08-16T06:00:00,1.56
1996-08-17T06:00:00,1.65
1996-08-18T06:00:00,1.62
1996-08-19T06:00:00,1.66
1996-08-20T06:00:00,1.69
1996-08-21T06:00:00,1.68
1996-08-22T06:00:00,1.67
1996-08-23T06:00:00,1.7
1996-08-24T06:00:00,1.76
1996-08-25T06:00:00,1.77
1996-08-26T06:00:00,2
1996-08-27T06:00:00,2.08
1996-08-28T06:00:00,1.89
1996-08-29T06:00:00,1.75
1996-08-30T06:00:00,1.69
1996-08-31T06:00:00,1.65
1996-09-01T06:00:00,1.61
1996-09-02T06:00:00,1.61
1996-09-03T06:00:00,1.63
1996-09-04T06:00:00,1.63
1996-09-05T06:00:00,1.52
1996-09-06T06:00:00,1.53
1996-09-07T06:00:00,1.67
1996-09-08T06:00:00,1.65
1996-09-09T06:00:00,1.64
1996-09-10T06:00:00,1.74
1996-09-11T06:00:00,1.72
1996-09-12T06:00:00,1.68
1996-09-13T06:00:00,1.65
1996-09-14T06:00:00,1.65
1996-09-15T06:00:00,1.67
1996-09-16T06:00:00,1.77
1996-09-17T06:00:00,2
1996-09-18T06:00:00,1.98
1996-09-19T06:00:00,1.92
1996-09-20T06:00:00,1.82
1996-09-21T06:00:00,1.9
1996-09-22T06:00:00,1.96
1996-09-23T06:00:00,2
1996-09-24T06:00:00,2.09
1996-09-25T06:00:00,2.1
1996-09-26T06:00:00,2.15
1996-09-27T06:00:00,2.2
1996-09-28T06:00:00,2.17
1996-09-29T06:00:00,2.1
1996-09-30T06:00:00,2
1996-10-01T06:00:00,2
1996-10-02T06:00:00,2
1996-10-03T06:00:00,2
1996-10-04T06:00:00,1.94
1996-10-05T06:00:00,1.94
1996-10-06T06:00:00,1.84
1996-10-07T06:00:00,1.87
1996-10-08T06:00:00,1.85
1996-10-09T06:00:00,1.85
1996-10-10T06:00:00,1.88
1996-10-11T06:00:00,2
1996-10-12T06:00:00,2
1996-10-13T06:00:00,1.95
1996-10-14T06:00:00,2.02
1996-10-15T06:00:00,2.16
1996-10-16T06:00:00,2.28
1996-10-17T06:00:00,2.29
1996-10-18T06:00:00,2.45
1996-10-19T06:00:00,2.51
1996-10-20T06:00:00,2.55
1996-10-21T06:00:00,2.75
1996-10-22T06:00:00,2.85
1996-10-23T06:00:00,2.89
1996-10-24T06:00:00,2.9
1996-10-25T06:00:00,2.9
1996-10-26T06:00:00,2.9
1996-10-27T06:00:00,2.93
1996-10-28T06:00:00,2.96
1996-10-29T06:00:00,3.05
1996-10-30T06:00:00,3.12
1996-10-31T06:00:00,3.15
1996-11-01T06:00:00,3.22
1996-11-02T06:00:00,3.28
1996-11-03T06:00:00,3.28
1996-11-04T06:00:00,3.32
1996-11-05T06:00:00,3.38
1996-11-06T06:00:00,3.4
1996-11-07T06:00:00,3.48
1996-11-08T06:00:00,3.51
1996-11-09T06:00:00,3.59
1996-11-10T06:00:00,3.59
1996-11-11T06:00:00,3.59
1996-11-12T06:00:00,3.6
1996-11-13T06:00:00,3.63
1996-11-14T06:00:00,3.7
1996-11-15T06:00:00,3.71
1996-11-16T06:00:00,3.73
1996-11-17T06:00:00,3.75
1996-11-18T06:00:00,3.76
1996-11-19T06:00:00,3.78
1996-11-20T06:00:00,3.8
1996-11-21T06:00:00,3.78
1996-11-22T06:00:00,3.8
1996-11-23T06:00:00,3.75
1996-11-24T06:00:00,3.85
1996-11-25T06:00:00,3.78
1996-11-26T06:00:00,3.78
1996-11-27T06:00:00,3.75
1996-11-28T06:00:00,3.75
1996-11-29T06:00:00,3.75
1996-11-30T06:00:00,3.74
1996-12-01T06:00:00,3.74
1996-12-02T06:00:00,3.79
1996-12-03T06:00:00,3.76
1996-12-04T06:00:00,3.74
1996-12-05T06:00:00,3.75
1996-12-06T06:00:00,3.79
1996-12-07T06:00:00,3.79
1996-12-08T06:00:00,3.74
1996-12-09T06:00:00,3.72
1996-12-10T06:00:00,3.7
1996-12-11T06:00:00,3.7
1996-12-12T06:00:00,3.7
1996-12-13T06:00:00,3.64
1996-12-14T06:00:00,3.68
1996-12-15T06:00:00,3.68
1996-12-16T06:00:00,3.64
1996-12-17T06:00:00,3.6
1996-12-18T06:00:00,3.59
1996-12-19T06:00:00,3.59
1996-12-20T06:00:00,3.56
1996-12-21T06:00:00,3.56
1996-12-22T06:00:00,3.55
1996-12-23T06:00:00,3.49
1996-12-24T06:00:00,3.49
1996-12-25T06:00:00,3.48
1996-12-26T06:00:00,3.41
1996-12-27T06:00:00,3.4
1996-12-28T06:00:00,3.4
1996-12-29T06:00:00,3.48
1996-12-30T06:00:00,3.48
1996-12-31T06:00:00,3.47
1997-01-01T04:00:00,3.47
1997-01-02T04:00:00,3.5
1997-01-03T04:00:00,3.5
1997-01-04T04:00:00,3.48
1997-01-05T04:00:00,3.48
1997-01-06T04:00:00,3.5
1997-01-07T04:00:00,3.5
1997-01-08T04:00:00,3.53
1997-01-09T04:00:00,3.58
1997-01-10T04:00:00,3.58
1997-01-11T04:00:00,3.58
1997-01-12T04:00:00,3.6
1997-01-13T04:00:00,3.6
1997-01-14T04:00:00,3.6
1997-01-15T04:00:00,3.68
1997-01-16T04:00:00,3.68
1997-01-17T04:00:00,3.7
1997-01-18T04:00:00,3.7
1997-01-19T04:00:00,3.7
1997-01-20T04:00:00,3.7
1997-01-21T04:00:00,3.71
1997-01-22T04:00:00,3.71
1997-01-23T04:00:00,3.47
1997-01-24T04:00:00,3.74
1997-01-25T04:00:00,3.74
1997-01-26T04:00:00,3.71
1997-01-27T04:00:00,3.75
1997-01-28T04:00:00,3.76
1997-01-29T04:00:00,4.73
1997-01-30T04:00:00,3.73
1997-01-31T04:00:00,3.71
1997-02-01T04:00:00,3.7
1997-02-02T04:00:00,3.7
1997-02-03T04:00:00,3.69
1997-02-04T04:00:00,3.72
1997-02-05T04:00:00,3.68
1997-02-06T04:00:00,3.7
1997-02-07T04:00:00,3.75
1997-02-08T04:00:00,3.78
1997-02-09T04:00:00,3.79
1997-02-10T04:00:00,3.79
1997-02-11T04:00:00,3.79
1997-02-12T04:00:00,3.85
1997-02-13T04:00:00,3.88
1997-02-14T04:00:00,3.86
1997-02-15T04:00:00,3.86
1997-02-16T04:00:00,3.88
1997-02-17T04:00:00,3.9
1997-02-18T04:00:00,3.91
1997-02-19T04:00:00,3.95
1997-02-20T04:00:00,3.98
1997-02-21T04:00:00,3.95
1997-02-22T04:00:00,3.99
1997-02-23T04:00:00,4.03
1997-02-24T04:00:00,4.03
1997-02-25T04:00:00,4.18
1997-02-26T04:00:00,4.24
1997-02-27T04:00:00,4.33
1997-02-28T04:00:00,4.4
1997-03-01T04:00:00,4.44
1997-03-02T04:00:00,4.49
1997-03-03T04:00:00,4.53
1997-03-04T04:00:00,4.6
1997-03-05T04:00:00,4.67
1997-03-06T04:00:00,4.73
1997-03-07T04:00:00,4.79
1997-03-08T04:00:00,4.85
1997-03-09T04:00:00,4.9
1997-03-10T04:00:00,5
1997-03-11T04:00:00,5.03
1997-03-12T04:00:00,5.06
1997-03-13T04:00:00,5.07
1997-03-14T04:00:00,5.11
1997-03-15T04:00:00,5.13
1997-03-16T04:00:00,5.17
1997-03-17T04:00:00,5.18
1997-03-18T04:00:00,5.17
1997-03-19T04:00:00,5.15
1997-03-20T04:00:00,5.14
1997-03-21T04:00:00,5.06
1997-03-22T04:00:00,5.04
1997-03-23T04:00:00,5.04
1997-03-24T04:00:00,4.97
1997-03-25T04:00:00,4.97
1997-03-26T04:00:00,4.95
1997-03-27T04:00:00,4.91
1997-03-28T04:00:00,4.96
1997-03-29T04:00:00,4.83
1997-03-30T04:00:00,4.79
1997-03-31T04:00:00,4.71
1997-04-01T04:00:00,4.69
1997-04-02T04:00:00,4.65
1997-04-03T04:00:00,4.6
1997-04-04T04:00:00,4.52
1997-04-05T04:00:00,4.45
1997-04-06T04:00:00,4.42
1997-04-07T04:00:00,4.4
1997-04-08T04:00:00,4.36
1997-04-09T04:00:00,4.32
1997-04-10T04:00:00,4.25
1997-04-11T04:00:00,4.19
1997-04-12T04:00:00,4
1997-04-13T04:00:00,4.08
1997-04-14T04:00:00,4.04
1997-04-15T04:00:00,3.96
1997-04-16T04:00:00,3.89
1997-04-17T04:00:00,3.81
1997-04-18T04:00:00,3.75
1997-04-19T04:00:00,3.67
1997-04-20T04:00:00,3.62
1997-04-21T04:00:00,3.49
1997-04-22T04:00:00,3.5
1997-04-23T04:00:00,3.4
1997-04-24T04:00:00,3.3
1997-04-25T04:00:00,3.26
1997-04-26T04:00:00,3.08
1997-04-27T04:00:00,3.08
1997-05-03T04:00:00,2.76
1997-05-04T04:00:00,2.8
1997-05-05T04:00:00,2.75
1997-05-06T04:00:00,2.7
1997-05-07T04:00:00,2.6
1997-05-08T04:00:00,2.57
1997-05-09T04:00:00,2.55
1997-05-10T04:00:00,2.53
1997-05-11T04:00:00,2.5
1997-05-12T04:00:00,2.46
1997-05-13T04:00:00,2.41
1997-05-14T04:00:00,2.39
1997-05-15T04:00:00,2.36
1997-05-16T04:00:00,2.32
1997-05-17T04:00:00,2.3
1997-05-18T04:00:00,2.28
1997-05-19T04:00:00,2.26
1997-05-20T04:00:00,2.24
1997-05-21T04:00:00,2.28
1997-05-22T04:00:00,2.31
1997-05-23T04:00:00,2.32
1997-05-24T04:00:00,2.42
1997-05-25T04:00:00,2.41
1997-05-26T04:00:00,2.41
1997-05-27T04:00:00,2.4
1997-05-28T04:00:00,2.34
1997-05-29T04:00:00,2.27
1997-05-30T04:00:00,2.27
1997-05-31T04:00:00,2.28
1997-06-01T04:00:00,2.23
1997-06-02T04:00:00,2.23
1997-06-03T04:00:00,2.35
1997-06-04T04:00:00,2.39
1997-06-05T04:00:00,2.44
1997-06-06T04:00:00,2.4
1997-06-07T04:00:00,2.4
1997-06-08T04:00:00,2.52
1997-06-09T04:00:00,2.71
1997-06-10T04:00:00,2.69
1997-06-11T04:00:00,2.67
1997-06-12T04:00:00,2.65
1997-06-13T04:00:00,3.65
1997-06-14T04:00:00,2.66
1997-06-15T04:00:00,2.47
1997-06-16T04:00:00,2.45
1997-06-17T04:00:00,2.62
1997-06-18T04:00:00,2.66
1997-06-19T04:00:00,2.66
1997-06-20T04:00:00,2.75
1997-06-21T04:00:00,2.79
1997-06-22T04:00:00,2.79
1997-06-23T04:00:00,2.81
1997-06-24T04:00:00,2.86
1997-06-25T04:00:00,2.9
1997-06-26T04:00:00,2.9
1997-06-27T04:00:00,2.92
1997-06-28T04:00:00,2.96
1997-06-29T04:00:00,3
1997-06-30T04:00:00,2.98
1997-07-01T04:00:00,3.01
1997-07-02T04:00:00,3.06
1997-07-03T04:00:00,3.06
1997-07-04T04:00:00,3.06
1997-07-05T04:00:00,3.13
1997-07-06T04:00:00,3.22
1997-07-07T04:00:00,3.23
1997-07-08T04:00:00,3.3
1997-07-09T04:00:00,3.33
1997-07-10T04:00:00,3.31
1997-07-11T04:00:00,3.32
1997-07-12T04:00:00,3.39
1997-07-13T04:00:00,3.41
1997-07-14T04:00:00,3.39
1997-07-15T04:00:00,3.4
1997-07-16T04:00:00,3.42
1997-07-17T04:00:00,3.44
1997-07-18T04:00:00,3.47
1997-07-19T04:00:00,3.54
1997-07-20T04:00:00,3.56
1997-07-21T04:00:00,3.58
1997-07-22T04:00:00,3.57
1997-07-23T04:00:00,3.54
1997-07-24T04:00:00,3.54
1997-07-25T04:00:00,3.58
1997-07-26T04:00:00,3.57
1997-07-27T04:00:00,3.55
1997-07-28T04:00:00,3.55
1997-07-29T04:00:00,3.55
1997-07-30T04:00:00,3.55
1997-07-31T04:00:00,3.54
1997-08-01T04:00:00,3.5
1997-08-02T04:00:00,3.53
1997-08-03T04:00:00,3.53
1997-08-04T04:00:00,3.5
1997-08-05T04:00:00,3.49
1997-08-06T04:00:00,3.52
1997-08-07T04:00:00,3.5
1997-08-08T04:00:00,3.5
1997-08-09T04:00:00,3.51
1997-08-10T04:00:00,3.47
1997-08-11T04:00:00,3.44
1997-08-12T04:00:00,3.41
1997-08-13T04:00:00,3.44
1997-08-14T04:00:00,3.46
1997-08-15T04:00:00,3.46
1997-08-16T04:00:00,3.49
1997-08-17T04:00:00,3.53
1997-08-18T04:00:00,3.54
1997-08-19T04:00:00,3.53
1997-08-20T04:00:00,3.53
1997-08-21T04:00:00,3.54
1997-08-22T04:00:00,3.6
1997-08-23T04:00:00,3.6
1997-08-24T04:00:00,3.6
1997-08-25T04:00:00,3.59
1997-08-26T04:00:00,3.59
1997-08-27T04:00:00,3.56
1997-08-28T04:00:00,3.56
1997-08-29T04:00:00,3.56
1997-08-30T04:00:00,3.54
1997-08-31T04:00:00,3.54
1997-09-01T04:00:00,3.5
1997-09-02T04:00:00,3.55
1997-09-03T04:00:00,3.56
1997-09-04T04:00:00,3.56
1997-09-05T04:00:00,3.5
1997-09-06T04:00:00,3.49
1997-09-07T04:00:00,3.47
1997-09-08T04:00:00,3.46
1997-09-09T04:00:00,3.41
1997-09-10T04:00:00,3.37
1997-09-11T04:00:00,3.36
1997-09-12T04:00:00,3.36
1997-09-13T04:00:00,3.33
1997-09-14T04:00:00,3.27
1997-09-15T04:00:00,3.77
1997-09-16T04:00:00,3.21
1997-09-17T04:00:00,3.19
1997-09-18T04:00:00,3.18
1997-09-19T04:00:00,3.21
1997-09-20T04:00:00,3.2
1997-09-21T04:00:00,3.17
1997-09-22T04:00:00,3.15
1997-09-23T04:00:00,3.08
1997-09-24T04:00:00,3
1997-09-25T04:00:00,3
1997-09-26T04:00:00,3
1997-09-27T04:00:00,3
1997-09-28T04:00:00,2.96
1997-09-29T04:00:00,2.88
1997-09-30T04:00:00,2.88
1997-10-01T04:00:00,2.86
1997-10-02T04:00:00,2.85
1997-10-03T04:00:00,2.88
1997-10-04T04:00:00,2.85
1997-10-05T04:00:00,2.78
1997-10-06T04:00:00,2.73
1997-10-07T04:00:00,2.72
1997-10-08T04:00:00,2.8
1997-10-09T04:00:00,2.84
1997-10-10T04:00:00,2.86
1997-10-11T04:00:00,2.92
1997-10-12T04:00:00,2.95
1997-10-13T04:00:00,3.04
1997-10-14T04:00:00,3.2
1997-10-15T04:00:00,3.25
1997-10-16T04:00:00,3.2
1997-10-17T04:00:00,3.22
1997-10-18T04:00:00,3.26
1997-10-19T04:00:00,3.27
1997-10-20T04:00:00,3.29
1997-10-21T04:00:00,3.3
1997-10-22T04:00:00,3.36
1997-10-23T04:00:00,3.35
1997-10-24T04:00:00,3.4
1997-10-25T04:00:00,3.44
1997-10-26T04:00:00,3.46
1997-10-27T04:00:00,3.51
1997-10-28T04:00:00,3.6
1997-10-29T04:00:00,3.59
1997-10-30T04:00:00,3.6
1997-10-31T04:00:00,3.7
1997-11-01T04:00:00,3.69
1997-11-02T04:00:00,3.73
1997-11-03T04:00:00,3.76
1997-11-04T04:00:00,3.79
1997-11-05T04:00:00,3.81
1997-11-06T04:00:00,3.84
1997-11-07T04:00:00,3.86
1997-11-08T04:00:00,3.87
1997-11-09T04:00:00,3.9
1997-11-10T04:00:00,3.9
1997-11-11T04:00:00,3.95
1997-11-12T04:00:00,3.96
1997-11-13T04:00:00,3.97
1997-11-14T04:00:00,3.97
1997-11-15T04:00:00,3.98
1997-11-16T04:00:00,3.99
1997-11-17T04:00:00,3.99
1997-11-18T04:00:00,4.03
1997-11-19T04:00:00,4.07
1997-11-20T04:00:00,4.1
1997-11-21T04:00:00,4.1
1997-11-22T04:00:00,4.13
1997-11-23T04:00:00,4.16
1997-11-24T04:00:00,4.18
1997-11-25T04:00:00,4.18
1997-11-26T04:00:00,4.3
1997-11-27T04:00:00,4.32
1997-11-28T04:00:00,4.2
1997-11-29T04:00:00,4.29
1997-11-30T04:00:00,4.34
1997-12-01T04:00:00,4.34
1997-12-02T04:00:00,4.34
1997-12-03T04:00:00,4.37
1997-12-04T04:00:00,4.34
1997-12-05T04:00:00,4.34
1997-12-06T04:00:00,4.36
1997-12-07T04:00:00,4.39
1997-12-08T04:00:00,4.39
1997-12-09T04:00:00,4.4
1997-12-10T04:00:00,4.42
1997-12-11T04:00:00,4.45
1997-12-12T04:00:00,4.41
1997-12-13T04:00:00,4.45
1997-12-14T04:00:00,4.46
1997-12-15T04:00:00,4.48
1997-12-16T04:00:00,4.48
1997-12-17T04:00:00,4.52
1997-12-18T04:00:00,4.58
1997-12-19T04:00:00,4.6
1997-12-20T04:00:00,4.64
1997-12-21T04:00:00,4.65
1997-12-22T04:00:00,4.68
1997-12-23T04:00:00,4.7
1997-12-24T04:00:00,4.71
1997-12-25T04:00:00,4.71
1997-12-26T04:00:00,4.73
1997-12-27T04:00:00,4.78
1997-12-28T04:00:00,4.79
1997-12-29T04:00:00,4.78
1997-12-30T04:00:00,4.8
1997-12-31T04:00:00,4.82
1998-01-01T04:00:00,4.88
1998-01-02T04:00:00,4.92
1998-01-03T04:00:00,4.88
1998-01-04T04:00:00,4.89
1998-01-05T04:00:00,4.89
1998-01-06T04:00:00,4.92
1998-01-07T04:00:00,4.93
1998-01-08T04:00:00,4.96
1998-01-09T04:00:00,4.98
1998-01-10T04:00:00,5
1998-01-11T04:00:00,5
1998-01-12T04:00:00,5.02
1998-01-13T04:00:00,5.01
1998-01-14T04:00:00,5.02
1998-01-15T04:00:00,5.05
1998-01-16T04:00:00,5.06
1998-01-17T04:00:00,5.1
1998-01-18T04:00:00,5.11
1998-01-19T04:00:00,5.06
1998-01-20T04:00:00,5.1
1998-01-21T04:00:00,5.12
1998-01-22T04:00:00,5.13
1998-01-23T04:00:00,5.14
1998-01-24T04:00:00,5.13
1998-01-25T04:00:00,5.08
1998-01-26T04:00:00,5.06
1998-01-27T04:00:00,5.04
1998-01-28T04:00:00,5.1
1998-01-29T04:00:00,5.07
1998-01-30T04:00:00,5.1
1998-01-31T04:00:00,5.08
1998-02-01T04:00:00,5.05
1998-02-02T04:00:00,5.08
1998-02-03T04:00:00,5.06
1998-02-04T04:00:00,5.12
1998-02-05T04:00:00,5.11
1998-02-06T04:00:00,5.13
1998-02-07T04:00:00,5.14
1998-02-08T04:00:00,5.12
1998-02-09T04:00:00,5.13
1998-02-10T04:00:00,5.12
1998-02-11T04:00:00,5.1
1998-02-12T04:00:00,5.08
1998-02-13T04:00:00,5.07
1998-02-14T04:00:00,5.07
1998-02-15T04:00:00,5.04
1998-02-16T04:00:00,5.06
1998-02-17T04:00:00,5
1998-02-18T04:00:00,5
1998-02-19T04:00:00,4.96
1998-02-20T04:00:00,4.9
1998-02-21T04:00:00,4.89
1998-02-22T04:00:00,4.87
1998-02-23T04:00:00,4.88
1998-02-24T04:00:00,4.88
1998-02-25T04:00:00,4.87
1998-02-26T04:00:00,4.9
1998-02-27T04:00:00,4.87
1998-02-28T04:00:00,4.88
1998-03-01T04:00:00,4.87
1998-03-02T04:00:00,4.86
1998-03-03T04:00:00,4.85
1998-03-04T04:00:00,4.83
1998-03-05T04:00:00,4.84
1998-03-06T04:00:00,4.87
1998-03-07T04:00:00,4.9
1998-03-08T04:00:00,4.91
1998-03-09T04:00:00,4.91
1998-03-10T04:00:00,4.95
1998-03-11T04:00:00,4.91
1998-03-12T04:00:00,4.91
1998-03-13T04:00:00,4.99
1998-03-14T04:00:00,5
1998-03-15T04:00:00,5
1998-03-16T04:00:00,5.03
1998-03-17T04:00:00,5.03
1998-03-18T04:00:00,5.05
1998-03-19T04:00:00,5.09
1998-03-20T04:00:00,5.06
1998-03-21T04:00:00,5.06
1998-03-22T04:00:00,5.08
1998-03-23T04:00:00,5.05
1998-03-24T04:00:00,5.07
1998-03-25T04:00:00,5.03
1998-03-26T04:00:00,5
1998-03-27T04:00:00,5.05
1998-03-28T04:00:00,5.08
1998-03-29T04:00:00,5.1
1998-03-30T04:00:00,5.08
1998-03-31T04:00:00,5.1
1998-04-01T04:00:00,5.08
1998-04-02T04:00:00,5.1
1998-04-03T04:00:00,5.1
1998-04-04T04:00:00,5.12
1998-04-05T04:00:00,5.15
1998-04-06T04:00:00,5.15
1998-04-07T04:00:00,5.09
1998-04-08T04:00:00,4.98
1998-04-09T04:00:00,5
1998-04-10T04:00:00,5.02
1998-04-11T04:00:00,5.04
1998-04-12T04:00:00,5.04
1998-04-13T04:00:00,5.05
1998-04-14T04:00:00,5.01
1998-04-15T04:00:00,5.02
1998-04-16T04:00:00,5
1998-04-17T04:00:00,5
1998-04-18T04:00:00,4.97
1998-04-19T04:00:00,5.02
1998-04-20T04:00:00,5.06
1998-04-21T04:00:00,5.1
1998-04-22T04:00:00,5.15
1998-04-23T04:00:00,5.21
1998-04-24T04:00:00,5.26
1998-04-25T04:00:00,5.34
1998-04-26T04:00:00,5.41
1998-04-27T04:00:00,5.52
1998-04-28T04:00:00,5.6
1998-04-29T04:00:00,5.57
1998-04-30T04:00:00,5.61
1998-05-01T04:00:00,5.76
1998-05-02T04:00:00,5.84
1998-05-03T04:00:00,5.95
1998-05-04T04:00:00,6
1998-05-05T04:00:00,6.05
1998-05-06T04:00:00,6.1
1998-05-07T04:00:00,6.15
1998-05-08T04:00:00,6.2
1998-05-09T04:00:00,6.2
1998-05-10T04:00:00,6.22
1998-05-11T04:00:00,6.26
1998-05-12T04:00:00,6.26
1998-05-13T04:00:00,6.27
1998-05-14T04:00:00,6.34
1998-05-15T04:00:00,6.34
1998-05-16T04:00:00,6.38
1998-05-17T04:00:00,6.4
1998-05-18T04:00:00,6.41
1998-05-19T04:00:00,6.43
1998-05-20T04:00:00,6.4
1998-05-21T04:00:00,6.35
1998-05-22T04:00:00,6.35
1998-05-23T04:00:00,6.3
1998-05-24T04:00:00,6.28
1998-05-25T04:00:00,6.22
1998-05-26T04:00:00,6.26
1998-05-27T04:00:00,6.11
1998-05-28T04:00:00,6.14
1998-05-29T04:00:00,6.12
1998-05-30T04:00:00,6.05
1998-05-31T04:00:00,5.98
1998-06-01T04:00:00,5.94
1998-06-02T04:00:00,5.87
1998-06-03T04:00:00,5.84
1998-06-04T04:00:00,5.8
1998-06-05T04:00:00,5.79
1998-06-06T04:00:00,5.72
1998-06-07T04:00:00,5.66
1998-06-08T04:00:00,5.65
1998-06-09T04:00:00,5.57
1998-06-10T04:00:00,5.5
1998-06-11T04:00:00,5.46
1998-06-12T04:00:00,5.39
1998-06-13T04:00:00,5.42
1998-06-14T04:00:00,5.42
1998-06-15T04:00:00,5.4
1998-06-16T04:00:00,5.32
1998-06-17T04:00:00,5.22
1998-06-18T04:00:00,5.2
1998-06-19T04:00:00,5.18
1998-06-20T04:00:00,5.17
1998-06-21T04:00:00,5.1
1998-06-22T04:00:00,5.07
1998-06-23T04:00:00,5.06
1998-06-24T04:00:00,4.98
1998-06-25T04:00:00,4.96
1998-06-26T04:00:00,4.95
1998-06-27T04:00:00,4.95
1998-06-28T04:00:00,4.92
1998-06-29T04:00:00,4.89
1998-06-30T04:00:00,4.86
1998-07-01T04:00:00,4.79
1998-07-02T04:00:00,4.76
1998-07-03T04:00:00,4.75
1998-07-04T04:00:00,4.74
1998-07-05T04:00:00,4.7
1998-07-06T04:00:00,4.65
1998-07-07T04:00:00,4.6
1998-07-08T04:00:00,4.57
1998-07-09T04:00:00,4.55
1998-07-10T04:00:00,4.52
1998-07-11T04:00:00,4.51
1998-07-12T04:00:00,4.49
1998-07-13T04:00:00,4.46
1998-07-14T04:00:00,4.41
1998-07-15T04:00:00,4.39
1998-07-16T04:00:00,4.35
1998-07-17T04:00:00,4.32
1998-07-18T04:00:00,4.26
1998-07-19T04:00:00,4.24
1998-07-20T04:00:00,4.2
1998-07-21T04:00:00,4.2
1998-07-22T04:00:00,4.18
1998-07-23T04:00:00,4.15
1998-07-24T04:00:00,4.13
1998-07-25T04:00:00,4.08
1998-07-26T04:00:00,4.02
1998-07-27T04:00:00,4.01
1998-07-28T04:00:00,4
1998-07-29T04:00:00,4
1998-07-30T04:00:00,3.97
1998-07-31T04:00:00,3.95
1998-08-01T04:00:00,3.91
1998-08-02T04:00:00,3.88
1998-08-03T04:00:00,3.86
1998-08-04T04:00:00,3.85
1998-08-05T04:00:00,3.82
1998-08-06T04:00:00,3.8
1998-08-07T04:00:00,3.78
1998-08-08T04:00:00,3.76
1998-08-09T04:00:00,3.72
1998-08-10T04:00:00,3.7
1998-08-11T04:00:00,3.67
1998-08-12T04:00:00,3.65
1998-08-13T04:00:00,3.62
1998-08-14T04:00:00,3.61
1998-08-15T04:00:00,3.6
1998-08-16T04:00:00,3.57
1998-08-17T04:00:00,3.57
1998-08-18T04:00:00,3.54
1998-08-19T04:00:00,3.53
1998-08-20T04:00:00,3.51
1998-08-21T04:00:00,3.48
1998-08-22T04:00:00,3.47
1998-08-23T04:00:00,3.51
1998-08-24T04:00:00,3.5
1998-08-25T04:00:00,3.5
1998-08-26T04:00:00,3.48
1998-08-27T04:00:00,3.49
1998-08-28T04:00:00,3.5
1998-08-29T04:00:00,3.5
1998-08-30T04:00:00,3.51
1998-08-31T04:00:00,3.55
1998-09-01T04:00:00,3.6
1998-09-02T04:00:00,3.6
1998-09-03T04:00:00,3.61
1998-09-04T04:00:00,3.64
1998-09-05T04:00:00,3.68
1998-09-06T04:00:00,3.7
1998-09-07T04:00:00,3.74
1998-09-08T04:00:00,3.77
1998-09-09T04:00:00,3.78
1998-09-10T04:00:00,3.79
1998-09-11T04:00:00,3.85
1998-09-12T04:00:00,3.88
1998-09-13T04:00:00,3.89
1998-09-14T04:00:00,3.89
1998-09-15T04:00:00,3.93
1998-09-16T04:00:00,3.96
1998-09-17T04:00:00,3.98
1998-09-18T04:00:00,3.98
1998-09-19T04:00:00,3.94
1998-09-20T04:00:00,3.98
1998-09-21T04:00:00,4
1998-09-22T04:00:00,4.03
1998-09-23T04:00:00,4.05
1998-09-24T04:00:00,4.05
1998-09-25T04:00:00,4.04
1998-09-26T04:00:00,4.05
1998-09-27T04:00:00,4.09
1998-09-28T04:00:00,4.05
1998-09-29T04:00:00,4.01
1998-09-30T04:00:00,4.01
1998-10-01T04:00:00,4.06
1998-10-02T04:00:00,4.08
1998-10-03T04:00:00,4.08
1998-10-04T04:00:00,4.11
1998-10-05T04:00:00,4.11
1998-10-06T04:00:00,4.08
1998-10-07T04:00:00,4.12
1998-10-08T04:00:00,4.13
1998-10-09T04:00:00,4.15
1998-10-10T04:00:00,4.17
1998-10-11T04:00:00,4.18
1998-10-12T04:00:00,4.18
1998-10-13T04:00:00,4.2
1998-10-14T04:00:00,4.2
1998-10-15T04:00:00,4.23
1998-10-16T04:00:00,4.23
1998-10-17T04:00:00,4.23
1998-10-18T04:00:00,4.25
1998-10-19T04:00:00,4.26
1998-10-20T04:00:00,4.29
1998-10-21T04:00:00,4.28
1998-10-22T04:00:00,4.28
1998-10-23T04:00:00,4.3
1998-10-24T04:00:00,4.28
1998-10-25T04:00:00,4.29
1998-10-26T04:00:00,4.35
1998-10-27T04:00:00,4.36
1998-10-28T04:00:00,4.37
1998-10-29T04:00:00,4.38
1998-10-30T04:00:00,4.4
1998-10-31T04:00:00,4.42
1998-11-01T04:00:00,4.43
1998-11-02T04:00:00,4.46
1998-11-03T04:00:00,4.48
1998-11-04T04:00:00,4.49
1998-11-05T04:00:00,4.52
1998-11-06T04:00:00,4.53
1998-11-07T04:00:00,4.56
1998-11-08T04:00:00,4.57
1998-11-09T04:00:00,4.6
1998-11-10T04:00:00,4.62
1998-11-11T04:00:00,4.64
1998-11-12T04:00:00,4.67
1998-11-13T04:00:00,4.67
1998-11-14T04:00:00,4.68
1998-11-15T04:00:00,4.66
1998-11-16T04:00:00,4.67
1998-11-17T04:00:00,4.73
1998-11-18T04:00:00,4.7
1998-11-19T04:00:00,4.74
1998-11-20T04:00:00,4.75
1998-11-21T04:00:00,4.74
1998-11-22T04:00:00,4.73
1998-11-23T04:00:00,4.68
1998-11-24T04:00:00,4.63
1998-11-25T04:00:00,4.52
1998-11-26T04:00:00,4.51
1998-11-27T04:00:00,4.47
1998-11-28T04:00:00,4.42
1998-11-29T04:00:00,4.33
1998-11-30T04:00:00,4.29
1998-12-01T04:00:00,4.25
1998-12-02T04:00:00,4.16
1998-12-03T04:00:00,4.09
1998-12-04T04:00:00,4.04
1998-12-05T04:00:00,3.99
1998-12-06T04:00:00,3.9
1998-12-07T04:00:00,3.86
1998-12-08T04:00:00,3.83
1998-12-09T04:00:00,3.73
1998-12-10T04:00:00,3.66
1998-12-11T04:00:00,3.6
1998-12-12T04:00:00,3.55
1998-12-13T04:00:00,3.46
1998-12-14T04:00:00,3.4
1998-12-15T04:00:00,3.34
1998-12-16T04:00:00,3.27
1998-12-17T04:00:00,3.2
1998-12-18T04:00:00,3.2
1998-12-19T04:00:00,3.17
1998-12-20T04:00:00,3.1
1998-12-21T04:00:00,3.02
1998-12-22T04:00:00,2.98
1998-12-23T04:00:00,2.98
1998-12-24T04:00:00,2.95
1998-12-25T04:00:00,2.9
1998-12-26T04:00:00,2.84
1998-12-27T04:00:00,2.78
1998-12-28T04:00:00,2.73
1998-12-29T04:00:00,2.72
1998-12-30T04:00:00,2.68
1998-12-31T04:00:00,2.74
2006-01-01T04:00:00,2.26
2006-01-02T04:00:00,2.3
2006-01-03T04:00:00,2.3
2006-01-04T04:00:00,2.33
2006-01-05T04:00:00,2.42
2006-01-06T04:00:00,2.4
2006-01-07T04:00:00,2.36
2006-01-08T04:00:00,2.41
2006-01-09T04:00:00,2.5
2006-01-10T04:00:00,2.51
2006-01-11T04:00:00,2.4
2006-01-12T04:00:00,2.63
2006-01-13T04:00:00,2.5
2006-01-14T04:00:00,2.46
2006-01-15T04:00:00,2.5
2006-01-16T04:00:00,2.4
2006-01-17T04:00:00,2.37
2006-01-18T04:00:00,2.5
2006-01-19T04:00:00,2.48
2006-01-20T04:00:00,2.36
2006-01-21T04:00:00,2.26
2006-01-22T04:00:00,2.26
2006-01-23T04:00:00,2.35
2006-01-24T04:00:00,2.3
2006-01-25T04:00:00,2.22
2006-01-26T04:00:00,2.2
2006-01-27T04:00:00,2.28
2006-01-28T04:00:00,2.21
2006-01-29T04:00:00,2.16
2006-01-30T04:00:00,2.12
2006-01-31T04:00:00,2.3
2006-02-01T04:00:00,2.37
2006-02-02T04:00:00,2.26
2006-02-03T04:00:00,2.27
2006-02-04T04:00:00,2.26
2006-02-05T04:00:00,2.3
2006-02-06T04:00:00,2.25
2006-02-07T04:00:00,2.26
2006-02-08T04:00:00,2.41
2006-02-09T04:00:00,2.32
2006-02-10T04:00:00,2.22
2006-02-11T04:00:00,2.2
2006-02-12T04:00:00,2.16
2006-02-13T04:00:00,2.1
2006-02-14T04:00:00,1.99
2006-02-15T04:00:00,1.96
2006-02-16T04:00:00,1.92
2006-02-17T04:00:00,1.9
2006-02-18T04:00:00,1.9
2006-02-19T04:00:00,2.04
2006-02-20T04:00:00,1.9
2006-02-21T04:00:00,1.82
2006-02-22T04:00:00,1.76
2006-02-23T04:00:00,1.8
2006-02-24T04:00:00,1.87
2006-02-25T04:00:00,2
2006-02-26T04:00:00,2.19
2006-02-27T04:00:00,2
2006-02-28T04:00:00,1.82
2006-03-01T04:00:00,1.8
2006-03-02T04:00:00,1.8
2006-03-03T04:00:00,1.85
2006-03-04T04:00:00,1.9
2006-03-05T04:00:00,1.98
2006-03-06T04:00:00,1.97
2006-03-07T04:00:00,1.95
2006-03-08T04:00:00,1.95
2006-03-09T04:00:00,1.96
2006-03-10T04:00:00,1.96
2006-03-11T04:00:00,2.31
2006-03-12T04:00:00,2.33
2006-03-13T04:00:00,2.22
2006-03-14T04:00:00,2.2
2006-03-15T04:00:00,2.22
2006-03-16T04:00:00,2.28
2006-03-17T04:00:00,2.37
2006-03-18T04:00:00,2.42
2006-03-19T04:00:00,2.48
2006-03-20T04:00:00,2.48
2006-03-21T04:00:00,2.44
2006-03-22T04:00:00,2.6
2006-03-23T04:00:00,2.52
2006-03-24T04:00:00,2.46
2006-03-25T04:00:00,2.42
2006-03-26T04:00:00,2.57
2006-03-27T04:00:00,2.6
2006-03-28T04:00:00,2.54
2006-03-29T04:00:00,2.53
2006-03-30T04:00:00,2.6
2006-03-31T04:00:00,2.58
2006-04-01T04:00:00,2.55
2006-04-02T04:00:00,2.59
2006-04-03T04:00:00,2.6
2006-04-04T04:00:00,2.64
2006-04-05T04:00:00,2.6
2006-04-06T04:00:00,2.6
2006-04-07T04:00:00,2.64
2006-04-08T04:00:00,2.66
2006-04-09T04:00:00,2.07
2006-04-10T04:00:00,2.74
2006-04-11T04:00:00,2.74
2006-04-12T04:00:00,2.72
2006-04-13T04:00:00,2.72
2006-04-14T04:00:00,2.74
2006-04-15T04:00:00,2.67
2006-04-16T04:00:00,3.76
2006-04-17T04:00:00,2.82
2006-04-18T04:00:00,2.8
2006-04-19T04:00:00,2.7
2006-04-20T04:00:00,2.64
2006-04-21T04:00:00,2.52
2006-04-22T04:00:00,2.49
2006-04-23T04:00:00,2.55
2006-04-24T04:00:00,2.56
2006-04-25T04:00:00,2.59
2006-04-26T04:00:00,2.6
2006-04-27T04:00:00,2.65
2006-04-28T04:00:00,2.63
2006-04-29T04:00:00,2.69
2006-04-30T04:00:00,2.66
2006-05-01T04:00:00,2.68
2006-05-02T04:00:00,2.8
2006-05-03T04:00:00,2.83
2006-05-04T04:00:00,2.82
2006-05-05T04:00:00,2.75
2006-05-06T04:00:00,2.7
2006-05-07T04:00:00,2.66
2006-05-08T04:00:00,2.66
2006-05-09T04:00:00,2.64
2006-05-10T04:00:00,2.56
2006-05-11T04:00:00,2.49
2006-05-12T04:00:00,2.45
2006-05-13T04:00:00,2.49
2006-05-14T04:00:00,2.41
2006-05-15T04:00:00,2.31
2006-05-16T04:00:00,2.28
2006-05-17T04:00:00,2.17
2006-05-18T04:00:00,2.1
2006-05-19T04:00:00,2.08
2006-05-20T04:00:00,2.15
2006-05-21T04:00:00,2.13
2006-05-22T04:00:00,2.02
2006-05-23T04:00:00,1.97
2006-05-24T04:00:00,1.89
2006-05-25T04:00:00,1.76
2006-05-26T04:00:00,1.65
2006-05-27T04:00:00,1.58
2006-05-28T04:00:00,1.54
2006-05-29T04:00:00,1.77
2006-05-30T04:00:00,1.87
2006-05-31T04:00:00,1.79
2006-06-01T04:00:00,1.76
2006-06-02T04:00:00,1.76
2006-06-03T04:00:00,1.69
2006-06-04T04:00:00,1.59
2006-06-05T04:00:00,1.59
2006-06-06T04:00:00,1.8
2006-06-07T04:00:00,1.92
2006-06-08T04:00:00,1.96
2006-06-09T04:00:00,2
2006-06-10T04:00:00,2.1
2006-06-11T04:00:00,2.29
2006-06-12T04:00:00,2.3
2006-06-13T04:00:00,2.26
2006-06-14T04:00:00,2.18
2006-06-15T04:00:00,2.17
2006-06-16T04:00:00,2.19
2006-06-17T04:00:00,2.25
2006-06-18T04:00:00,2.19
2006-06-19T04:00:00,2.08
2006-06-20T04:00:00,1.97
2006-06-21T04:00:00,1.92
2006-06-22T04:00:00,1.95
2006-06-23T04:00:00,1.94
2006-06-24T04:00:00,2.05
2006-06-25T04:00:00,2.08
2006-06-26T04:00:00,1.98
2006-06-27T04:00:00,2.02
2006-06-28T04:00:00,2.17
2006-06-29T04:00:00,2.1
2006-06-30T04:00:00,2
2006-07-01T04:00:00,1.9
2006-07-02T04:00:00,1.78
2006-07-03T04:00:00,1.76
2006-07-04T04:00:00,1.73
2006-07-05T04:00:00,1.76
2006-07-06T04:00:00,1.79
2006-07-07T04:00:00,1.81
2006-07-08T04:00:00,1.81
2006-07-09T04:00:00,1.72
2006-07-10T04:00:00,1.77
2006-07-11T04:00:00,1.71
2006-07-12T04:00:00,1.68
2006-07-13T04:00:00,1.56
2006-07-14T04:00:00,1.7
2006-07-15T04:00:00,1.82
2006-07-16T04:00:00,1.86
2006-07-17T04:00:00,1.74
2006-07-18T04:00:00,1.6
2006-07-19T04:00:00,1.6
2006-07-20T04:00:00,1.56
2006-07-21T04:00:00,1.65
2006-07-22T04:00:00,1.69
2006-07-23T04:00:00,1.76
2006-07-24T04:00:00,1.74
2006-07-25T04:00:00,1.78
2006-07-26T04:00:00,1.47
2006-07-27T04:00:00,1.72
2006-07-28T04:00:00,1.68
2006-07-29T04:00:00,1.47
2006-07-30T04:00:00,1.6
2006-07-31T04:00:00,1.64
2006-08-01T04:00:00,1.64
2006-08-02T04:00:00,1.6
2006-08-03T04:00:00,1.6
2006-08-04T04:00:00,1.61
2006-08-05T04:00:00,1.63
2006-08-06T04:00:00,1.56
2006-08-07T04:00:00,1.56
2006-08-08T04:00:00,1.58
2006-08-09T04:00:00,1.56
2006-08-10T04:00:00,1.6
2006-08-11T04:00:00,1.6
2006-08-12T04:00:00,1.6
2006-08-13T04:00:00,1.56
2006-08-14T04:00:00,1.75
2006-08-15T04:00:00,1.78
2006-08-16T04:00:00,1.69
2006-08-17T04:00:00,1.66
2006-08-18T04:00:00,1.66
2006-08-19T04:00:00,1.6
2006-08-20T04:00:00,1.44
2006-08-21T04:00:00,1.54
2006-08-22T04:00:00,1.62
2006-08-23T04:00:00,1.45
2006-08-24T04:00:00,1.42
2006-08-25T04:00:00,1.52
2006-08-26T04:00:00,1.52
2006-08-27T04:00:00,1.56
2006-08-28T04:00:00,1.78
2006-08-29T04:00:00,1.7
2006-08-30T04:00:00,1.72
2006-08-31T04:00:00,1.64
2006-09-01T04:00:00,1.54
2006-09-02T04:00:00,1.53
2006-09-03T04:00:00,1.78
2006-09-04T04:00:00,1.82
2006-09-05T04:00:00,1.8
2006-09-06T04:00:00,1.72
2006-09-07T04:00:00,1.62
2006-09-08T04:00:00,1.51
2006-09-09T04:00:00,1.44
2006-09-10T04:00:00,1.45
2006-09-11T04:00:00,1.42
2006-09-12T04:00:00,1.38
2006-09-13T04:00:00,1.39
2006-09-14T04:00:00,1.54
2006-09-15T04:00:00,1.42
2006-09-16T04:00:00,1.32
2006-09-17T04:00:00,1.32
2006-09-18T04:00:00,1.22
2006-09-19T04:00:00,1.15
2006-09-20T04:00:00,1.18
2006-09-21T04:00:00,1.29
2006-09-22T04:00:00,1.48
2006-09-23T04:00:00,1.44
2006-09-24T04:00:00,1.47
2006-09-25T04:00:00,1.7
2006-09-26T04:00:00,1.66
2006-09-27T04:00:00,1.6
2006-09-28T04:00:00,1.52
2006-09-29T04:00:00,1.72
2006-09-30T04:00:00,1.8
2006-10-01T04:00:00,1.73
2006-10-02T04:00:00,1.74
2006-10-03T04:00:00,1.78
2006-10-04T04:00:00,1.9
2006-10-05T04:00:00,1.98
2006-10-06T04:00:00,1.88
2006-10-07T04:00:00,1.94
2006-10-08T04:00:00,1.94
2006-10-09T04:00:00,1.88
2006-10-10T04:00:00,1.83
2006-10-11T04:00:00,1.86
2006-10-12T04:00:00,1.96
2006-10-13T04:00:00,2.03
2006-10-14T04:00:00,2.04
2006-10-15T04:00:00,2.1
2006-10-16T04:00:00,2.12
2006-10-17T04:00:00,2.16
2006-10-18T04:00:00,2.18
2006-10-19T04:00:00,2.28
2006-10-20T04:00:00,2.26
2006-10-21T04:00:00,2.2
2006-10-22T04:00:00,2.12
2006-10-23T04:00:00,2.12
2006-10-24T04:00:00,2.1
2006-10-25T04:00:00,2.11
2006-10-26T04:00:00,2.2
2006-10-27T04:00:00,2.46
2006-10-28T04:00:00,2.46
2006-10-29T04:00:00,2.32
2006-10-30T04:00:00,2.38
2006-10-31T04:00:00,2.39
2006-11-01T04:00:00,2.33
2006-11-02T04:00:00,2.28
2006-11-03T04:00:00,2.22
2006-11-04T04:00:00,2.3
2006-11-05T04:00:00,2.42
2006-11-06T04:00:00,2.32
2006-11-07T04:00:00,2.18
2006-11-08T04:00:00,2.29
2006-11-09T04:00:00,2.36
2006-11-10T04:00:00,2.24
2006-11-11T04:00:00,2.2
2006-11-12T04:00:00,2.29
2006-11-13T04:00:00,2.2
2006-11-14T04:00:00,2.09
2006-11-15T04:00:00,2.07
2006-11-16T04:00:00,2.07
2006-11-17T04:00:00,2.16
2006-11-18T04:00:00,2.42
2006-11-19T04:00:00,2.45
2006-11-20T04:00:00,2.38
2006-11-21T04:00:00,2.26
2006-11-22T04:00:00,2.19
2006-11-23T04:00:00,2.22
2006-11-24T04:00:00,2.25
2006-11-25T04:00:00,2.22
2006-11-26T04:00:00,2.3
2006-11-27T04:00:00,2.51
2006-11-28T04:00:00,2.6
2006-11-29T04:00:00,2.52
2006-11-30T04:00:00,2.42
2006-12-01T04:00:00,2.39
2006-12-02T04:00:00,2.35
2006-12-03T04:00:00,2.32
2006-12-04T04:00:00,2.33
2006-12-05T04:00:00,2.38
2006-12-06T04:00:00,2.42
2006-12-07T04:00:00,2.42
2006-12-08T04:00:00,2.4
2006-12-09T04:00:00,2.36
2006-12-10T04:00:00,2.28
2006-12-11T04:00:00,2.3
2006-12-12T04:00:00,2.25
2006-12-13T04:00:00,2.25
2006-12-14T04:00:00,2.23
2006-12-15T04:00:00,2.2
2006-12-16T04:00:00,2.25
2006-12-17T04:00:00,2.27
2006-12-18T04:00:00,2.4
2006-12-19T04:00:00,2.41
2006-12-20T04:00:00,2.44
2006-12-21T04:00:00,2.44
2006-12-22T04:00:00,2.57
2006-12-23T04:00:00,2.51
2006-12-24T04:00:00,2.49
2006-12-25T04:00:00,2.5
2006-12-26T04:00:00,2.57
2006-12-27T04:00:00,2.68
2006-12-28T04:00:00,2.66
2006-12-29T04:00:00,2.7
2006-12-30T04:00:00,2.76
2006-12-31T04:00:00,2.76
2007-01-01T04:00:00,2.8
2007-01-02T04:00:00,2.77
2007-01-03T04:00:00,2.82
2007-01-04T04:00:00,2.91
2007-01-05T04:00:00,2.9
2007-01-06T04:00:00,2.89
2007-01-07T04:00:00,2.97
2007-01-08T04:00:00,2.97
2007-01-09T04:00:00,2.92
2007-01-10T04:00:00,2.85
2007-01-11T04:00:00,2.91
2007-01-12T04:00:00,2.91
2007-01-13T04:00:00,2.87
2007-01-14T04:00:00,2.8
2007-01-15T04:00:00,2.92
2007-01-16T04:00:00,2.87
2007-01-17T04:00:00,2.88
2007-01-18T04:00:00,2.82
2007-01-19T04:00:00,2.72
2007-01-20T04:00:00,2.85
2007-01-21T04:00:00,2.9
2007-01-22T04:00:00,2.9
2007-01-23T04:00:00,2.84
2007-01-24T04:00:00,2.84
2007-01-25T04:00:00,2.82
2007-01-26T04:00:00,2.94
2007-01-27T04:00:00,3
2007-01-28T04:00:00,2.98
2007-01-29T04:00:00,3.05
2007-01-30T04:00:00,3.08
2007-01-31T04:00:00,3.05
2007-02-01T04:00:00,3.06
2007-02-02T04:00:00,3.06
2007-02-03T04:00:00,3.08
2007-02-04T04:00:00,3.09
2007-02-05T04:00:00,3.15
2007-02-06T04:00:00,3.18
2007-02-07T04:00:00,3.18
2007-02-08T04:00:00,3.24
2007-02-09T04:00:00,3.3
2007-02-10T04:00:00,3.3
2007-02-11T04:00:00,3.3
2007-02-12T04:00:00,3.32
2007-02-13T04:00:00,3.32
2007-02-14T04:00:00,3.3
2007-02-15T04:00:00,3.28
2007-02-16T04:00:00,3.31
2007-02-17T04:00:00,3.34
2007-02-18T04:00:00,3.3
2007-02-19T04:00:00,3.37
2007-02-20T04:00:00,3.43
2007-02-21T04:00:00,3.44
2007-02-22T04:00:00,3.49
2007-02-23T04:00:00,3.5
2007-02-24T04:00:00,3.52
2007-02-25T04:00:00,3.54
2007-02-26T04:00:00,3.56
2007-02-27T04:00:00,3.6
2007-02-28T04:00:00,3.7
2007-03-01T04:00:00,3.75
2007-03-02T04:00:00,3.8
2007-03-03T04:00:00,3.82
2007-03-04T04:00:00,3.88
2007-03-05T04:00:00,3.9
2007-03-06T04:00:00,3.91
2007-03-07T04:00:00,3.92
2007-03-08T04:00:00,3.97
2007-03-09T04:00:00,3.98
2007-03-10T04:00:00,4.05
2007-03-11T04:00:00,4.07
2007-03-12T04:00:00,4.08
2007-03-13T04:00:00,4.09
2007-03-14T04:00:00,4.1
2007-03-15T04:00:00,4.14
2007-03-16T04:00:00,4.14
2007-03-17T04:00:00,4.17
2007-03-18T04:00:00,4.2
2007-03-19T04:00:00,4.22
2007-03-20T04:00:00,4.25
2007-03-21T04:00:00,4.29
2007-03-22T04:00:00,4.31
2007-03-23T04:00:00,4.32
2007-03-24T04:00:00,4.34
2007-03-25T04:00:00,4.36
2007-03-26T04:00:00,4.38
2007-03-27T04:00:00,4.41
2007-03-28T04:00:00,4.48
2007-03-29T04:00:00,4.75
2007-03-30T04:00:00,4.79
2007-03-31T04:00:00,4.9
2007-04-01T04:00:00,5
2007-04-02T04:00:00,5.04
2007-04-03T04:00:00,5.03
2007-04-04T04:00:00,5.02
2007-04-05T04:00:00,5.01
2007-04-06T04:00:00,5
2007-04-07T04:00:00,4.98
2007-04-08T04:00:00,4.92
2007-04-09T04:00:00,4.84
2007-04-10T04:00:00,4.88
2007-04-11T04:00:00,4.84
2007-04-12T04:00:00,4.78
2007-04-13T04:00:00,4.73
2007-04-14T04:00:00,4.71
2007-04-15T04:00:00,4.65
2007-04-16T04:00:00,4.58
2007-04-17T04:00:00,4.53
2007-04-18T04:00:00,4.52
2007-04-19T04:00:00,4.43
2007-04-20T04:00:00,4.39
2007-04-21T04:00:00,4.24
2007-04-22T04:00:00,4.25
2007-04-23T04:00:00,4.22
2007-04-24T04:00:00,4.18
2007-04-25T04:00:00,4.14
2007-04-26T04:00:00,4.08
2007-04-27T04:00:00,4.03
2007-04-28T04:00:00,4.01
2007-04-29T04:00:00,4.01
2007-04-30T04:00:00,3.94
2007-05-01T04:00:00,3.9
2007-05-02T04:00:00,3.85
2007-05-03T04:00:00,3.8
2007-05-04T04:00:00,3.78
2007-05-05T04:00:00,3.74
2007-05-06T04:00:00,3.7
2007-05-07T04:00:00,3.74
2007-05-08T04:00:00,3.75
2007-05-09T04:00:00,3.72
2007-05-10T04:00:00,3.74
2007-05-11T04:00:00,3.75
2007-05-12T04:00:00,3.74
2007-05-13T04:00:00,3.74
2007-05-14T04:00:00,3.74
2007-05-15T04:00:00,3.74
2007-05-16T04:00:00,3.72
2007-05-17T04:00:00,3.69
2007-05-18T04:00:00,3.68
2007-05-19T04:00:00,3.69
2007-05-20T04:00:00,3.67
2007-05-21T04:00:00,3.67
2007-05-22T04:00:00,3.63
2007-05-23T04:00:00,3.6
2007-05-24T04:00:00,3.59
2007-05-25T04:00:00,3.6
2007-05-26T04:00:00,3.6
2007-05-27T04:00:00,3.58
2007-05-28T04:00:00,3.56
2007-05-29T04:00:00,3.52
2007-05-30T04:00:00,3.54
2007-05-31T04:00:00,3.55
2007-06-01T04:00:00,3.55
2007-06-02T04:00:00,3.51
2007-06-03T04:00:00,3.5
2007-06-04T04:00:00,3.52
2007-06-05T04:00:00,3.54
2007-06-06T04:00:00,3.53
2007-06-07T04:00:00,3.54
2007-06-08T04:00:00,3.55
2007-06-09T04:00:00,3.56
2007-06-10T04:00:00,3.55
2007-06-11T04:00:00,3.55
2007-06-12T04:00:00,3.55
2007-06-13T04:00:00,3.55
2007-06-14T04:00:00,3.55
2007-06-15T04:00:00,3.58
2007-06-16T04:00:00,3.57
2007-06-17T04:00:00,3.57
2007-06-18T04:00:00,3.57
2007-06-19T04:00:00,3.55
2007-06-20T04:00:00,3.53
2007-06-21T04:00:00,3.5
2007-06-22T04:00:00,3.49
2007-06-23T04:00:00,3.46
2007-06-24T04:00:00,3.42
2007-06-25T04:00:00,3.39
2007-06-26T04:00:00,3.38
2007-06-27T04:00:00,3.35
2007-06-28T04:00:00,3.39
2007-06-29T04:00:00,3.28
2007-06-30T04:00:00,3.2
2007-07-01T04:00:00,3.17
2007-07-02T04:00:00,3.17
2007-07-03T04:00:00,3.15
2007-07-04T04:00:00,3.1
2007-07-05T04:00:00,2.99
2007-07-06T04:00:00,2.99
2007-07-07T04:00:00,2.96
2007-07-08T04:00:00,2.89
2007-07-09T04:00:00,2.89
2007-07-10T04:00:00,2.86
2007-07-11T04:00:00,2.83
2007-07-12T04:00:00,2.78
2007-07-13T04:00:00,2.75
2007-07-14T04:00:00,2.68
2007-07-15T04:00:00,2.6
2007-07-16T04:00:00,2.55
2007-07-17T04:00:00,2.52
2007-07-18T04:00:00,2.49
2007-07-19T04:00:00,2.45
2007-07-20T04:00:00,2.37
2007-07-21T04:00:00,2.32
2007-07-22T04:00:00,2.34
2007-07-23T04:00:00,2.29
2007-07-24T04:00:00,2.25
2007-07-25T04:00:00,2.2
2007-07-26T04:00:00,2.22
2007-07-27T04:00:00,2.18
2007-07-28T04:00:00,2.2
2007-07-29T04:00:00,2.4
2007-07-30T04:00:00,2.35
2007-07-31T04:00:00,2.3
2007-08-01T04:00:00,2.25
2007-08-02T04:00:00,2.28
2007-08-03T04:00:00,2.4
2007-08-04T04:00:00,2.41
2007-08-05T04:00:00,2.36
2007-08-06T04:00:00,2.32
2007-08-07T04:00:00,2.25
2007-08-08T04:00:00,2.26
2007-08-09T04:00:00,2.24
2007-08-10T04:00:00,2.27
2007-08-11T04:00:00,2.2
2007-08-12T04:00:00,2.22
2007-08-13T04:00:00,2.24
2007-08-14T04:00:00,2.2
2007-08-15T04:00:00,2.17
2007-08-16T04:00:00,2.18
2007-08-17T04:00:00,2.25
2007-08-18T04:00:00,2.32
2007-08-19T04:00:00,2.3
2007-08-20T04:00:00,2.18
2007-08-21T04:00:00,2.1
2007-08-22T04:00:00,1.97
2007-08-23T04:00:00,1.89
2007-08-24T04:00:00,1.82
2007-08-25T04:00:00,1.83
2007-08-26T04:00:00,2.05
2007-08-27T04:00:00,1.89
2007-08-28T04:00:00,1.86
2007-08-29T04:00:00,1.73
2007-08-30T04:00:00,1.8
2007-08-31T04:00:00,1.8
2007-09-01T04:00:00,1.7
2007-09-02T04:00:00,1.64
2007-09-03T04:00:00,1.64
2007-09-04T04:00:00,1.6
2007-09-05T04:00:00,1.58
2007-09-06T04:00:00,1.68
2007-09-07T04:00:00,1.7
2007-09-08T04:00:00,1.65
2007-09-09T04:00:00,1.62
2007-09-10T04:00:00,1.6
2007-09-11T04:00:00,1.56
2007-09-12T04:00:00,1.64
2007-09-13T04:00:00,1.9
2007-09-14T04:00:00,1.97
2007-09-15T04:00:00,1.86
2007-09-16T04:00:00,1.86
2007-09-17T04:00:00,2.04
2007-09-18T04:00:00,2.14
2007-09-19T04:00:00,2.08
2007-09-20T04:00:00,1.9
2007-09-21T04:00:00,1.9
2007-09-22T04:00:00,1.83
2007-09-23T04:00:00,1.8
2007-09-24T04:00:00,1.79
2007-09-25T04:00:00,1.8
2007-09-26T04:00:00,1.86
2007-09-27T04:00:00,1.84
2007-09-28T04:00:00,1.8
2007-09-29T04:00:00,1.78
2007-09-30T04:00:00,1.82
2007-10-01T04:00:00,1.92
2007-10-02T04:00:00,1.96
2007-10-03T04:00:00,1.94
2007-10-04T04:00:00,1.93
2007-10-05T04:00:00,1.96
2007-10-06T04:00:00,1.93
2007-10-07T04:00:00,1.9
2007-10-08T04:00:00,1.97
2007-10-09T04:00:00,2
2007-10-10T04:00:00,1.93
2007-10-11T04:00:00,1.79
2007-10-12T04:00:00,1.93
2007-10-13T04:00:00,1.98
2007-10-14T04:00:00,1.99
2007-10-15T04:00:00,1.96
2007-10-16T04:00:00,1.92
2007-10-17T04:00:00,1.84
2007-10-18T04:00:00,1.82
2007-10-19T04:00:00,1.83
2007-10-20T04:00:00,1.9
2007-10-21T04:00:00,2.2
2007-10-22T04:00:00,1.87
2007-10-23T04:00:00,1.87
2007-10-24T04:00:00,1.82
2007-10-25T04:00:00,1.76
2007-10-26T04:00:00,1.7
2007-10-27T04:00:00,1.74
2007-10-28T04:00:00,1.91
2007-10-29T04:00:00,1.91
2007-10-30T04:00:00,1.92
2007-10-31T04:00:00,2.05
2007-11-01T04:00:00,2
2007-11-02T04:00:00,2.02
2007-11-03T04:00:00,2.02
2007-11-04T04:00:00,1.98
2007-11-05T04:00:00,2.08
2007-11-06T04:00:00,2.11
2007-11-07T04:00:00,2
2007-11-08T04:00:00,1.98
2007-11-09T04:00:00,2.05
2007-11-10T04:00:00,2.08
2007-11-11T04:00:00,2.2
2007-11-12T04:00:00,2.18
2007-11-13T04:00:00,2.18
2007-11-14T04:00:00,2.17
2007-11-15T04:00:00,2.1
2007-11-16T04:00:00,2.27
2007-11-17T04:00:00,2.21
2007-11-18T04:00:00,2.06
2007-11-19T04:00:00,2
2007-11-20T04:00:00,2.02
2007-11-21T04:00:00,2.04
2007-11-22T04:00:00,2.11
2007-11-23T04:00:00,2.18
2007-11-24T04:00:00,2.11
2007-11-25T04:00:00,2.33
2007-11-26T04:00:00,2.44
2007-11-27T04:00:00,2.38
2007-11-28T04:00:00,2.51
2007-11-29T04:00:00,2.48
2007-11-30T04:00:00,2.49
2007-12-01T04:00:00,2.49
2007-12-02T04:00:00,2.46
2007-12-03T04:00:00,2.4
2007-12-04T04:00:00,2.39
2007-12-05T04:00:00,2.38
2007-12-06T04:00:00,2.51
2007-12-07T04:00:00,2.46
2007-12-08T04:00:00,2.35
2007-12-09T04:00:00,2.26
2007-12-10T04:00:00,2.37
2007-12-11T04:00:00,2.29
2007-12-12T04:00:00,2.3
2007-12-13T04:00:00,2.22
2007-12-14T04:00:00,2.11
2007-12-15T04:00:00,2.04
2007-12-16T04:00:00,2.14
2007-12-17T04:00:00,2.25
2007-12-18T04:00:00,2.16
2007-12-19T04:00:00,2.06
2007-12-20T04:00:00,2.14
2007-12-21T04:00:00,2.1
2007-12-22T04:00:00,2.06
2007-12-23T04:00:00,2.3
2007-12-24T04:00:00,2.37
2007-12-25T04:00:00,2.21
2007-12-26T04:00:00,2.29
2007-12-27T04:00:00,2.26
2007-12-28T04:00:00,2.24
2007-12-29T04:00:00,2.2
2007-12-30T04:00:00,2.16
2007-12-31T04:00:00,2.08
2008-01-01T04:00:00,2.06
2008-01-02T04:00:00,2.02
2008-01-03T04:00:00,1.99
2008-01-04T04:00:00,1.99
2008-01-05T04:00:00,2.18
2008-01-06T04:00:00,2.14
2008-01-07T04:00:00,2.04
2008-01-08T04:00:00,1.95
2008-01-09T04:00:00,1.86
2008-01-10T04:00:00,1.85
2008-01-11T04:00:00,1.82
2008-01-12T04:00:00,1.94
2008-01-13T04:00:00,1.95
2008-01-14T04:00:00,1.89
2008-01-15T04:00:00,1.82
2008-01-16T04:00:00,1.83
2008-01-17T04:00:00,1.88
2008-01-18T04:00:00,2.12
2008-01-19T04:00:00,2.09
2008-01-20T04:00:00,2.17
2008-01-21T04:00:00,2.11
2008-01-22T04:00:00,2.02
2008-01-23T04:00:00,1.96
2008-01-24T04:00:00,2.03
2008-01-25T04:00:00,2.09
2008-01-26T04:00:00,2.1
2008-01-27T04:00:00,2.15
2008-01-28T04:00:00,2.13
2008-01-29T04:00:00,2.1
2008-01-30T04:00:00,2.08
2008-01-31T04:00:00,2.12
2008-02-01T04:00:00,2.18
2008-02-02T04:00:00,2.16
2008-02-03T04:00:00,2.16
2008-02-04T04:00:00,2.27
2008-02-05T04:00:00,2.2
2008-02-06T04:00:00,2.16
2008-02-07T04:00:00,2.24
2008-02-08T04:00:00,2.14
2008-02-09T04:00:00,2.4
2008-02-10T04:00:00,2.28
2008-02-11T04:00:00,2.13
2008-02-12T04:00:00,2.23
2008-02-13T04:00:00,2.16
2008-02-14T04:00:00,2.04
2008-02-15T04:00:00,1.99
2008-02-16T04:00:00,1.93
2008-02-17T04:00:00,1.98
2008-02-18T04:00:00,1.92
2008-02-19T04:00:00,1.86
2008-02-20T04:00:00,1.88
2008-02-21T04:00:00,1.81
2008-02-22T04:00:00,1.8
2008-02-23T04:00:00,1.9
2008-02-24T04:00:00,1.98
2008-02-25T04:00:00,2.05
2008-02-26T04:00:00,2.05
2008-02-27T04:00:00,2.04
2008-02-28T04:00:00,2.02
2008-02-29T04:00:00,2.02
2008-03-01T04:00:00,2.05
2008-03-02T04:00:00,2.06
2008-03-03T04:00:00,2.1
2008-03-04T04:00:00,2.12
2008-03-05T04:00:00,2.14
2008-03-06T04:00:00,2.13
2008-03-07T04:00:00,2.08
2008-03-08T04:00:00,2.12
2008-03-09T04:00:00,2.2
2008-03-10T04:00:00,2.18
2008-03-11T04:00:00,2.28
2008-03-12T04:00:00,2.38
2008-03-13T04:00:00,2.3
2008-03-14T04:00:00,2.25
2008-03-15T04:00:00,2.25
2008-03-16T04:00:00,2.29
2008-03-17T04:00:00,2.21
2008-03-18T04:00:00,2.18
2008-03-19T04:00:00,2.16
2008-03-20T04:00:00,2.28
2008-03-21T04:00:00,2.19
2008-03-22T04:00:00,2.23
2008-03-23T04:00:00,2.3
2008-03-24T04:00:00,2.44
2008-03-25T04:00:00,2.34
2008-03-26T04:00:00,2.32
2008-03-27T04:00:00,2.23
2008-03-28T04:00:00,2.28
2008-03-29T04:00:00,2.36
2008-03-30T04:00:00,2.39
2008-03-31T04:00:00,2.29
2008-04-01T04:00:00,2.18
2008-04-02T04:00:00,2.12
2008-04-03T04:00:00,2.16
2008-04-04T04:00:00,2.18
2008-04-05T04:00:00,2.16
2008-04-06T04:00:00,2.14
2008-04-07T04:00:00,2.2
2008-04-08T04:00:00,2.28
2008-04-09T04:00:00,2.3
2008-04-10T04:00:00,2.3
2008-04-11T04:00:00,2.32
2008-04-12T04:00:00,2.35
2008-04-13T04:00:00,2.4
2008-04-14T04:00:00,2.38
2008-04-15T04:00:00,2.36
2008-04-16T04:00:00,2.38
2008-04-17T04:00:00,2.34
2008-04-18T04:00:00,2.26
2008-04-19T04:00:00,2.3
2008-04-20T04:00:00,2.3
2008-04-21T04:00:00,2.33
2008-04-22T04:00:00,2.32
2008-04-23T04:00:00,2.33
2008-04-24T04:00:00,2.36
2008-04-25T04:00:00,2.4
2008-04-26T04:00:00,2.52
2008-04-27T04:00:00,2.62
2008-04-28T04:00:00,2.66
2008-04-29T04:00:00,2.59
2008-04-30T04:00:00,2.6
2008-05-01T04:00:00,2.66
2008-05-02T04:00:00,2.66
2008-05-03T04:00:00,2.66
2008-05-04T04:00:00,2.67
2008-05-05T04:00:00,2.67
2008-05-06T04:00:00,2.66
2008-05-07T04:00:00,2.66
2008-05-08T04:00:00,2.67
2008-05-09T04:00:00,2.74
2008-05-10T04:00:00,2.75
2008-05-11T04:00:00,2.74
2008-05-12T04:00:00,2.77
2008-05-13T04:00:00,2.76
2008-05-14T04:00:00,2.74
2008-05-15T04:00:00,2.75
2008-05-16T04:00:00,2.71
2008-05-17T04:00:00,2.8
2008-05-18T04:00:00,2.78
2008-05-19T04:00:00,2.68
2008-05-20T04:00:00,2.69
2008-05-21T04:00:00,2.65
2008-05-22T04:00:00,2.75
2008-05-23T04:00:00,2.68
2008-05-24T04:00:00,2.6
2008-05-25T04:00:00,2.5
2008-05-26T04:00:00,2.48
2008-05-27T04:00:00,2.4
2008-05-28T04:00:00,2.37
2008-05-29T04:00:00,2.3
2008-05-30T04:00:00,2.4
2008-05-31T04:00:00,2.37
2008-06-01T04:00:00,2.35
2008-06-02T04:00:00,2.41
2008-06-03T04:00:00,2.25
2008-06-04T04:00:00,2.27
2008-06-05T04:00:00,2.18
2008-06-06T04:00:00,2.07
2008-06-07T04:00:00,2
2008-06-08T04:00:00,2.05
2008-06-09T04:00:00,2.02
2008-06-10T04:00:00,2
2008-06-11T04:00:00,2.03
2008-06-12T04:00:00,1.97
2008-06-13T04:00:00,2
2008-06-14T04:00:00,2.02
2008-06-15T04:00:00,1.98
2008-06-16T04:00:00,1.9
2008-06-17T04:00:00,2.05
2008-06-18T04:00:00,2
2008-06-19T04:00:00,2.05
2008-06-20T04:00:00,2.24
2008-06-21T04:00:00,2.33
2008-06-22T04:00:00,2.34
2008-06-23T04:00:00,2.26
2008-06-24T04:00:00,2.17
2008-06-25T04:00:00,2.12
2008-06-26T04:00:00,2.12
2008-06-27T04:00:00,2.08
2008-06-28T04:00:00,2.08
2008-06-29T04:00:00,2.08
2008-06-30T04:00:00,2.12
2008-07-01T04:00:00,2.1
2008-07-02T04:00:00,2.12
2008-07-03T04:00:00,2.29
2008-07-04T04:00:00,2.28
2008-07-05T04:00:00,2.26
2008-07-06T04:00:00,2.22
2008-07-07T04:00:00,2.23
2008-07-08T04:00:00,2.29
2008-07-09T04:00:00,2.2
2008-07-10T04:00:00,2.19
2008-07-11T04:00:00,2.28
2008-07-12T04:00:00,2.22
2008-07-13T04:00:00,2.15
2008-07-14T04:00:00,2.07
2008-07-15T04:00:00,2.05
2008-07-16T04:00:00,2.03
2008-07-17T04:00:00,2
2008-07-18T04:00:00,1.94
2008-07-19T04:00:00,1.91
2008-07-20T04:00:00,2.01
2008-07-21T04:00:00,2.07
2008-07-22T04:00:00,2.06
2008-07-23T04:00:00,2.16
2008-07-24T04:00:00,2.15
2008-07-25T04:00:00,2
2008-07-26T04:00:00,1.93
2008-07-27T04:00:00,1.88
2008-07-28T04:00:00,1.84
2008-07-29T04:00:00,1.84
2008-07-30T04:00:00,1.82
2008-07-31T04:00:00,1.82
2008-08-01T04:00:00,1.82
2008-08-02T04:00:00,1.95
2008-08-03T04:00:00,1.94
2008-08-04T04:00:00,2.11
2008-08-05T04:00:00,2
2008-08-06T04:00:00,1.88
2008-08-07T04:00:00,1.86
2008-08-08T04:00:00,1.83
2008-08-09T04:00:00,1.94
2008-08-10T04:00:00,1.96
2008-08-11T04:00:00,1.98
2008-08-12T04:00:00,1.9
2008-08-13T04:00:00,1.98
2008-08-14T04:00:00,2.04
2008-08-15T04:00:00,2.04
2008-08-16T04:00:00,2.04
2008-08-17T04:00:00,2
2008-08-18T04:00:00,2.08
2008-08-19T04:00:00,2.18
2008-08-20T04:00:00,2.22
2008-08-21T04:00:00,2.3
2008-08-22T04:00:00,2.26
2008-08-23T04:00:00,2.34
2008-08-24T04:00:00,2.32
2008-08-25T04:00:00,2.35
2008-08-26T04:00:00,2.38
2008-08-27T04:00:00,2.44
2008-08-28T04:00:00,2.4
2008-08-29T04:00:00,2.45
2008-08-30T04:00:00,2.56
2008-08-31T04:00:00,2.57
2008-09-01T04:00:00,2.52
2008-09-02T04:00:00,2.48
2008-09-03T04:00:00,2.42
2008-09-04T04:00:00,2.47
2008-09-05T04:00:00,2.56
2008-09-06T04:00:00,2.58
2008-09-07T04:00:00,2.5
2008-09-08T04:00:00,2.41
2008-09-09T04:00:00,2.32
2008-09-10T04:00:00,2.24
2008-09-11T04:00:00,2.2
2008-09-12T04:00:00,2.14
2008-09-13T04:00:00,2.22
2008-09-14T04:00:00,2.15
2008-09-15T04:00:00,2.16
2008-09-16T04:00:00,2.1
2008-09-17T04:00:00,2.02
2008-09-18T04:00:00,2
2008-09-19T04:00:00,1.92
2008-09-20T04:00:00,1.92
2008-09-21T04:00:00,1.87
2008-09-22T04:00:00,1.85
2008-09-23T04:00:00,1.85
2008-09-24T04:00:00,1.82
2008-09-25T04:00:00,1.72
2008-09-26T04:00:00,1.62
2008-09-27T04:00:00,1.64
2008-09-28T04:00:00,1.6
2008-09-29T04:00:00,1.56
2008-09-30T04:00:00,1.6
2008-10-01T04:00:00,1.71
2008-10-02T04:00:00,1.63
2008-10-03T04:00:00,1.55
2008-10-04T04:00:00,1.59
2008-10-05T04:00:00,1.6
2008-10-06T04:00:00,1.58
2008-10-07T04:00:00,1.5
2008-10-08T04:00:00,1.7
2008-10-09T04:00:00,1.78
2008-10-10T04:00:00,1.62
2008-10-11T04:00:00,1.56
2008-10-12T04:00:00,1.58
2008-10-13T04:00:00,1.64
2008-10-14T04:00:00,1.8
2008-10-15T04:00:00,2.04
2008-10-16T04:00:00,2.19
2008-10-17T04:00:00,2.22
2008-10-18T04:00:00,2.25
2008-10-19T04:00:00,2.25
2008-10-20T04:00:00,2.25
2008-10-21T04:00:00,2.22
2008-10-22T04:00:00,2.25
2008-10-23T04:00:00,2.27
2008-10-24T04:00:00,2.34
2008-10-25T04:00:00,2.32
2008-10-26T04:00:00,2.32
2008-10-27T04:00:00,2.36
2008-10-28T04:00:00,2.4
2008-10-29T04:00:00,2.42
2008-10-30T04:00:00,2.32
2008-10-31T04:00:00,2.32
2008-11-01T04:00:00,2.4
2008-11-02T04:00:00,2.34
2008-11-03T04:00:00,2.42
2008-11-04T04:00:00,2.53
2008-11-05T04:00:00,2.5
2008-11-06T04:00:00,2.49
2008-11-07T04:00:00,2.52
2008-11-08T04:00:00,2.64
2008-11-09T04:00:00,2.62
2008-11-10T04:00:00,2.66
2008-11-11T04:00:00,2.67
2008-11-12T04:00:00,2.71
2008-11-13T04:00:00,2.71
2008-11-14T04:00:00,2.71
2008-11-15T04:00:00,2.72
2008-11-16T04:00:00,2.7
2008-11-17T04:00:00,2.89
2008-11-18T04:00:00,2.88
2008-11-19T04:00:00,2.84
2008-11-20T04:00:00,2.91
2008-11-21T04:00:00,2.86
2008-11-22T04:00:00,2.83
2008-11-23T04:00:00,2.78
2008-11-24T04:00:00,2.73
2008-11-25T04:00:00,2.68
2008-11-26T04:00:00,2.69
2008-11-27T04:00:00,2.72
2008-11-28T04:00:00,2.72
2008-11-29T04:00:00,2.7
2008-11-30T04:00:00,2.69
2008-12-01T04:00:00,2.82
2008-12-02T04:00:00,2.92
2008-12-03T04:00:00,2.88
2008-12-04T04:00:00,2.82
2008-12-05T04:00:00,2.78
2008-12-06T04:00:00,2.58
2008-12-07T04:00:00,2.46
2008-12-08T04:00:00,2.38
2008-12-09T04:00:00,2.26
2008-12-10T04:00:00,2.26
2008-12-11T04:00:00,2.3
2008-12-12T04:00:00,2.4
2008-12-13T04:00:00,2.32
2008-12-14T04:00:00,2.17
2008-12-15T04:00:00,2.05
2008-12-16T04:00:00,2
2008-12-17T04:00:00,1.88
2008-12-18T04:00:00,1.79
2008-12-19T04:00:00,1.79
2008-12-20T04:00:00,1.76
2008-12-21T04:00:00,1.72
2008-12-22T04:00:00,1.62
2008-12-23T04:00:00,1.8
2008-12-24T04:00:00,1.78
2008-12-25T04:00:00,1.6
2008-12-26T04:00:00,1.5
2008-12-27T04:00:00,1.6
2008-12-28T04:00:00,1.49
2008-12-29T04:00:00,1.26
2008-12-30T04:00:00,1.56
2009-01-01T04:00:00,1.23
2009-01-02T04:00:00,1.43
2009-01-03T04:00:00,1.34
2009-01-04T04:00:00,1.13
2009-01-05T04:00:00,0.97
2009-01-06T04:00:00,0.84
2009-01-07T04:00:00,0.79
2009-01-08T04:00:00,0.96
2009-01-09T04:00:00,1.08
2009-01-10T04:00:00,1.06
2009-01-11T04:00:00,0.96
2009-01-12T04:00:00,0.94
2009-01-13T04:00:00,0.94
2009-01-14T04:00:00,0.97
2009-01-15T04:00:00,0.95
2009-01-16T04:00:00,1
2009-01-17T04:00:00,1.09
2009-01-18T04:00:00,1.1
2009-01-19T04:00:00,1.58
2009-01-20T04:00:00,1.6
2009-01-21T04:00:00,1.35
2009-01-22T04:00:00,1.24
2009-01-23T04:00:00,1.22
2009-01-24T04:00:00,1.25
2009-01-25T04:00:00,1.21
2009-01-26T04:00:00,1.2
2009-01-27T04:00:00,1.62
2009-01-28T04:00:00,1.62
2009-01-29T04:00:00,1.68
2009-01-30T04:00:00,1.75
2009-01-31T04:00:00,1.74
2009-02-01T04:00:00,1.74
2009-02-02T04:00:00,1.86
2009-02-03T04:00:00,1.66
2009-02-04T04:00:00,1.62
2009-02-05T04:00:00,1.54
2009-02-06T04:00:00,1.52
2009-02-07T04:00:00,1.34
2009-02-08T04:00:00,1.36
2009-02-09T04:00:00,1.47
2009-02-10T04:00:00,1.42
2009-02-11T04:00:00,1.56
2009-02-12T04:00:00,1.55
2009-02-13T04:00:00,1.64
2009-02-14T04:00:00,1.58
2009-02-15T04:00:00,1.5
2009-02-16T04:00:00,1.52
2009-02-17T04:00:00,1.5
2009-02-18T04:00:00,1.5
2009-02-19T04:00:00,1.52
2009-02-20T04:00:00,1.52
2009-02-21T04:00:00,1.59
2009-02-22T04:00:00,1.84
2009-02-23T04:00:00,2.14
2009-02-24T04:00:00,2.12
2009-02-25T04:00:00,2.02
2009-02-26T04:00:00,1.96
2009-02-27T04:00:00,1.84
2009-02-28T04:00:00,1.86
2009-03-01T04:00:00,1.9
2009-03-02T04:00:00,1.81
2009-03-03T04:00:00,1.82
2009-03-04T04:00:00,1.95
2009-03-05T04:00:00,2.22
2009-03-06T04:00:00,2.45
2009-03-07T04:00:00,2.36
2009-03-08T04:00:00,2.25
2009-03-09T04:00:00,2.15
2009-03-10T04:00:00,2.12
2009-03-11T04:00:00,2.16
2009-03-12T04:00:00,2.16
2009-03-13T04:00:00,2.08
2009-03-14T04:00:00,2.16
2009-03-15T04:00:00,2.12
2009-03-16T04:00:00,2.3
2009-03-17T04:00:00,2.28
2009-03-18T04:00:00,2.08
2009-03-19T04:00:00,2.08
2009-03-20T04:00:00,1.98
2009-03-21T04:00:00,1.9
2009-03-22T04:00:00,1.89
2009-03-23T04:00:00,1.8
2009-03-24T04:00:00,1.8
2009-03-25T04:00:00,1.8
2009-03-26T04:00:00,1.75
2009-03-27T04:00:00,1.75
2009-03-28T04:00:00,1.74
2009-03-29T04:00:00,1.69
2009-03-30T04:00:00,1.58
2009-03-31T04:00:00,1.7
2009-04-01T04:00:00,1.87
2009-04-02T04:00:00,1.88
2009-04-03T04:00:00,1.78
2009-04-04T04:00:00,1.6
2009-04-05T04:00:00,1.6
2009-04-06T04:00:00,1.69
2009-04-07T04:00:00,1.66
2009-04-08T04:00:00,1.73
2009-04-09T04:00:00,1.88
2009-04-10T04:00:00,1.88
2009-04-11T04:00:00,1.87
2009-04-12T04:00:00,1.74
2009-04-13T04:00:00,1.78
2009-04-14T04:00:00,1.7
2009-04-15T04:00:00,1.96
2009-04-16T04:00:00,1.88
2009-04-17T04:00:00,1.75
2009-04-18T04:00:00,1.64
2009-04-19T04:00:00,1.58
2009-04-20T04:00:00,1.67
2009-04-21T04:00:00,1.76
2009-04-22T04:00:00,1.66
2009-04-23T04:00:00,1.44
2009-04-24T04:00:00,1.36
2009-04-25T04:00:00,1.43
2009-04-26T04:00:00,1.52
2009-04-27T04:00:00,1.44
2009-04-28T04:00:00,1.45
2009-04-29T04:00:00,1.33
2009-04-30T04:00:00,1.34
2009-05-01T04:00:00,1.6
2009-05-02T04:00:00,1.5
2009-05-03T04:00:00,1.34
2009-05-04T04:00:00,1.34
2009-05-05T04:00:00,1.24
2009-05-06T04:00:00,1.3
2009-05-07T04:00:00,1.3
2009-05-08T04:00:00,1.35
2009-05-09T04:00:00,1.28
2009-05-10T04:00:00,1.32
2009-05-11T04:00:00,1.17
2009-05-12T04:00:00,1.14
2009-05-13T04:00:00,1.43
2009-05-14T04:00:00,1.4
2009-05-15T04:00:00,1.48
2009-05-16T04:00:00,1.32
2009-05-17T04:00:00,1.05
2009-05-18T04:00:00,0.77
2009-05-19T04:00:00,0.88
2009-05-20T04:00:00,0.82
2009-05-21T04:00:00,0.75
2009-05-22T04:00:00,0.82
2009-05-23T04:00:00,0.86
2009-05-24T04:00:00,1.01
2009-05-25T04:00:00,1.08
2009-05-26T04:00:00,0.97
2009-05-27T04:00:00,0.86
2009-05-28T04:00:00,1.02
2009-05-29T04:00:00,1.1
2009-05-30T04:00:00,1.22
2009-05-31T04:00:00,1.16
2009-06-01T04:00:00,1.16
2009-06-02T04:00:00,0.97
2009-06-03T04:00:00,1.22
2009-06-04T04:00:00,1.36
2009-06-05T04:00:00,1.25
2009-06-06T04:00:00,1.32
2009-06-07T04:00:00,1.64
2009-06-08T04:00:00,1.7
2009-06-09T04:00:00,1.6
2009-06-10T04:00:00,1.62
2009-06-11T04:00:00,1.54
2009-06-12T04:00:00,1.68
2009-06-13T04:00:00,1.64
2009-06-14T04:00:00,1.6
2009-06-15T04:00:00,1.55
2009-06-16T04:00:00,1.48
2009-06-17T04:00:00,1.52
2009-06-18T04:00:00,1.52
2009-06-19T04:00:00,1.45
2009-06-20T04:00:00,1.44
2009-06-21T04:00:00,1.44
2009-06-22T04:00:00,1.54
2009-06-23T04:00:00,1.52
2009-06-24T04:00:00,1.45
2009-06-25T04:00:00,1.68
2009-06-26T04:00:00,1.56
2009-06-27T04:00:00,1.62
2009-06-28T04:00:00,1.65
2009-06-29T04:00:00,1.54
2009-06-30T04:00:00,1.36
2009-07-01T04:00:00,1.22
2009-07-02T04:00:00,1.35
2009-07-03T04:00:00,1.4
2009-07-04T04:00:00,1.42
2009-07-05T04:00:00,1.53
2009-07-06T04:00:00,1.48
2009-07-07T04:00:00,1.47
2009-07-08T04:00:00,1.48
2009-07-09T04:00:00,1.65
2009-07-10T04:00:00,1.7
2009-07-11T04:00:00,1.59
2009-07-12T04:00:00,1.72
2009-07-13T04:00:00,1.66
2009-07-14T04:00:00,1.62
2009-07-15T04:00:00,1.84
2009-07-16T04:00:00,1.84
2009-07-17T04:00:00,1.84
2009-07-18T04:00:00,1.88
2009-07-19T04:00:00,1.96
2009-07-20T04:00:00,2.06
2009-07-21T04:00:00,2.08
2009-07-22T04:00:00,2.12
2009-07-23T04:00:00,2.08
2009-07-24T04:00:00,2.06
2009-07-25T04:00:00,2.14
2009-07-26T04:00:00,2.24
2009-07-27T04:00:00,2.26
2009-07-28T04:00:00,2.28
2009-07-29T04:00:00,2.35
2009-07-30T04:00:00,2.4
2009-07-31T04:00:00,2.46
2009-08-01T04:00:00,2.46
2009-08-02T04:00:00,2.42
2009-08-03T04:00:00,2.34
2009-08-04T04:00:00,2.3
2009-08-05T04:00:00,2.2
2009-08-06T04:00:00,2.18
2009-08-07T04:00:00,2.2
2009-08-08T04:00:00,2.26
2009-08-09T04:00:00,2.24
2009-08-10T04:00:00,2.23
2009-08-11T04:00:00,2.23
2009-08-12T04:00:00,2.2
2009-08-13T04:00:00,2.26
2009-08-14T04:00:00,2.28
2009-08-15T04:00:00,2.38
2009-08-16T04:00:00,2.4
2009-08-17T04:00:00,2.37
2009-08-18T04:00:00,2.52
2009-08-19T04:00:00,2.5
2009-08-20T04:00:00,2.53
2009-08-21T04:00:00,2.59
2009-08-22T04:00:00,2.58
2009-08-23T04:00:00,2.47
2009-08-24T04:00:00,2.4
2009-08-25T04:00:00,2.42
2009-08-26T04:00:00,2.42
2009-08-27T04:00:00,2.38
2009-08-28T04:00:00,2.36
2009-08-29T04:00:00,2.4
2009-08-30T04:00:00,2.38
2009-08-31T04:00:00,2.32
2009-09-01T04:00:00,2.38
2009-09-02T04:00:00,2.5
2009-09-03T04:00:00,2.56
2009-09-04T04:00:00,2.58
2009-09-05T04:00:00,2.54
2009-09-06T04:00:00,2.44
2009-09-07T04:00:00,2.32
2009-09-08T04:00:00,2.3
2009-09-09T04:00:00,2.32
2009-09-10T04:00:00,2.32
2009-09-11T04:00:00,2.26
2009-09-12T04:00:00,2.22
2009-09-13T04:00:00,2.2
2009-09-14T04:00:00,2.16
2009-09-15T04:00:00,2.15
2009-09-16T04:00:00,2.12
2009-09-17T04:00:00,2.12
2009-09-18T04:00:00,2.28
2009-09-19T04:00:00,2.43
2009-09-20T04:00:00,2.45
2009-09-21T04:00:00,2.56
2009-09-22T04:00:00,2.51
2009-09-23T04:00:00,2.5
2009-09-24T04:00:00,2.68
2009-09-25T04:00:00,2.68
2009-09-26T04:00:00,2.64
2009-09-27T04:00:00,2.61
2009-09-28T04:00:00,2.6
2009-09-29T04:00:00,2.82
2009-09-30T04:00:00,2.82
2009-10-01T04:00:00,2.8
2009-10-02T04:00:00,2.75
2009-10-03T04:00:00,2.7
2009-10-04T04:00:00,2.69
2009-10-05T04:00:00,2.7
2009-10-06T04:00:00,2.68
2009-10-07T04:00:00,2.7
2009-10-08T04:00:00,2.82
2009-10-09T04:00:00,2.86
2009-10-10T04:00:00,2.86
2009-10-11T04:00:00,2.83
2009-10-12T04:00:00,2.8
2009-10-13T04:00:00,2.86
2009-10-14T04:00:00,2.9
2009-10-15T04:00:00,2.95
2009-10-16T04:00:00,2.98
2009-10-17T04:00:00,2.95
2009-10-18T04:00:00,2.89
2009-10-19T04:00:00,2.85
2009-10-20T04:00:00,2.8
2009-10-21T04:00:00,2.82
2009-10-22T04:00:00,2.82
2009-10-23T04:00:00,2.84
2009-10-24T04:00:00,2.78
2009-10-25T04:00:00,2.84
2009-10-26T04:00:00,2.86
2009-10-27T04:00:00,2.88
2009-10-28T04:00:00,2.92
2009-10-29T04:00:00,2.85
2009-10-30T04:00:00,2.85
2009-10-31T04:00:00,2.85
2009-11-01T04:00:00,3.04
2009-11-02T04:00:00,3.06
2009-11-03T04:00:00,3.04
2009-11-04T04:00:00,3
2009-11-05T04:00:00,3.04
2009-11-06T04:00:00,3.04
2009-11-07T04:00:00,3.06
2009-11-08T04:00:00,3.12
2009-11-09T04:00:00,3.21
2009-11-10T04:00:00,3.16
2009-11-11T04:00:00,3.18
2009-11-12T04:00:00,3.21
2009-11-13T04:00:00,3.21
2009-11-14T04:00:00,3.26
2009-11-15T04:00:00,3.3
2009-11-16T04:00:00,3.4
2009-11-17T04:00:00,3.4
2009-11-18T04:00:00,3.37
2009-11-19T04:00:00,3.42
2009-11-20T04:00:00,3.5
2009-11-21T04:00:00,3.57
2009-11-22T04:00:00,3.57
2009-11-23T04:00:00,3.56
2009-11-24T04:00:00,3.6
2009-11-25T04:00:00,3.62
2009-11-26T04:00:00,3.65
2009-11-27T04:00:00,3.67
2009-11-28T04:00:00,3.72
2009-11-29T04:00:00,3.75
2009-11-30T04:00:00,3.76
2009-12-01T04:00:00,3.76
2009-12-02T04:00:00,3.8
2009-12-03T04:00:00,3.8
2009-12-04T04:00:00,3.8
2009-12-05T04:00:00,3.85
2009-12-06T04:00:00,3.87
2009-12-07T04:00:00,3.87
2009-12-08T04:00:00,3.89
2009-12-09T04:00:00,3.91
2009-12-10T04:00:00,3.92
2009-12-11T04:00:00,3.95
2009-12-12T04:00:00,3.95
2009-12-13T04:00:00,3.96
2009-12-14T04:00:00,3.98
2009-12-15T04:00:00,3.98
2009-12-16T04:00:00,3.99
2009-12-17T04:00:00,3.99
2009-12-18T04:00:00,4.02
2009-12-19T04:00:00,4.04
2009-12-20T04:00:00,4.09
2009-12-21T04:00:00,4.09
2009-12-22T04:00:00,4.1
2009-12-23T04:00:00,4.15
2009-12-24T04:00:00,4.18
2009-12-25T04:00:00,4.2
2009-12-26T04:00:00,4.25
2009-12-27T04:00:00,4.31
2009-12-28T04:00:00,4.31
2009-12-29T04:00:00,4.34
2009-12-30T04:00:00,4.34
2009-12-31T04:00:00,4.33
2010-01-01T04:00:00,4.37
2010-01-02T04:00:00,4.4
2010-01-03T04:00:00,4.38
2010-01-04T04:00:00,4.39
2010-01-05T04:00:00,4.43
2010-01-06T04:00:00,4.45
2010-01-07T04:00:00,4.45
2010-01-08T04:00:00,4.49
2010-01-09T04:00:00,4.49
2010-01-10T04:00:00,4.48
2010-01-11T04:00:00,4.46
2010-01-12T04:00:00,4.47
2010-01-13T04:00:00,4.47
2010-01-14T04:00:00,4.46
2010-01-15T04:00:00,4.48
2010-01-16T04:00:00,4.49
2010-01-17T04:00:00,4.49
2010-01-18T04:00:00,4.49
2010-01-19T04:00:00,4.47
2010-01-20T04:00:00,4.47
2010-01-21T04:00:00,4.49
2010-01-22T04:00:00,4.52
2010-01-23T04:00:00,4.54
2010-01-24T04:00:00,4.55
2010-01-25T04:00:00,4.55
2010-01-26T04:00:00,4.56
2010-01-27T04:00:00,4.57
2010-01-28T04:00:00,4.57
2010-01-29T04:00:00,4.58
2010-01-30T04:00:00,4.59
2010-01-31T04:00:00,4.59
2010-02-01T04:00:00,4.62
2010-02-02T04:00:00,4.63
2010-02-03T04:00:00,4.65
2010-02-04T04:00:00,4.68
2010-02-05T04:00:00,4.73
2010-02-06T04:00:00,4.77
2010-02-07T04:00:00,4.89
2010-02-08T04:00:00,4.94
2010-02-09T04:00:00,4.93
2010-02-10T04:00:00,5
2010-02-11T04:00:00,5
2010-02-12T04:00:00,5.04
2010-02-13T04:00:00,5.06
2010-02-14T04:00:00,5.08
2010-02-15T04:00:00,5.07
2010-02-16T04:00:00,5.16
2010-02-17T04:00:00,5.18
2010-02-18T04:00:00,5.22
2010-02-19T04:00:00,5.22
2010-02-20T04:00:00,5.22
2010-02-21T04:00:00,5.35
2010-02-22T04:00:00,5.35
2010-02-23T04:00:00,5.35
2010-02-24T04:00:00,5.32
2010-02-25T04:00:00,5.32
2010-02-26T04:00:00,5.34
2010-02-27T04:00:00,5.35
2010-02-28T04:00:00,5.34
2010-03-01T04:00:00,5.31
2010-03-02T04:00:00,5.32
2010-03-03T04:00:00,5.3
2010-03-04T04:00:00,5.28
2010-03-05T04:00:00,5.23
2010-03-06T04:00:00,5.2
2010-03-07T04:00:00,5.16
2010-03-08T04:00:00,5.16
2010-03-09T04:00:00,5.11
2010-03-10T04:00:00,5.06
2010-03-11T04:00:00,5.01
2010-03-12T04:00:00,4.96
2010-03-13T04:00:00,4.93
2010-03-14T04:00:00,4.9
2010-03-15T04:00:00,4.8
2010-03-16T04:00:00,4.8
2010-03-17T04:00:00,4.8
2010-03-18T04:00:00,4.8
2010-03-19T04:00:00,4.72
2010-03-20T04:00:00,4.68
2010-03-21T04:00:00,4.66
2010-03-22T04:00:00,4.63
2010-03-23T04:00:00,4.59
2010-03-24T04:00:00,4.55
2010-03-25T04:00:00,4.54
2010-03-26T04:00:00,4.54
2010-03-27T04:00:00,4.53
2010-03-28T04:00:00,4.51
2010-03-29T04:00:00,4.51
2010-03-30T04:00:00,4.44
2010-03-31T04:00:00,4.36
2010-04-01T04:00:00,4.29
2010-04-02T04:00:00,4.24
2010-04-03T04:00:00,4.2
2010-04-04T04:00:00,4.14
2010-04-05T04:00:00,4.12
2010-04-06T04:00:00,4.12
2010-04-07T04:00:00,4.14
2010-04-08T04:00:00,4.12
2010-04-09T04:00:00,4.08
2010-04-10T04:00:00,4.05
2010-04-11T04:00:00,4.05
2010-04-12T04:00:00,4.01
2010-04-13T04:00:00,3.98
2010-04-14T04:00:00,3.94
2010-04-15T04:00:00,3.94
2010-04-16T04:00:00,3.9
2010-04-17T04:00:00,3.92
2010-04-18T04:00:00,3.93
2010-04-19T04:00:00,3.92
2010-04-20T04:00:00,3.9
2010-04-21T04:00:00,3.88
2010-04-22T04:00:00,3.86
2010-04-23T04:00:00,3.86
2010-04-24T04:00:00,3.85
2010-04-25T04:00:00,3.85
2010-04-26T04:00:00,3.85
2010-04-27T04:00:00,3.84
2010-04-28T04:00:00,3.83
2010-04-29T04:00:00,3.84
2010-04-30T04:00:00,3.82
2010-05-01T04:00:00,3.81
2010-05-02T04:00:00,3.8
2010-05-03T04:00:00,3.8
2010-05-04T04:00:00,3.79
2010-05-05T04:00:00,3.79
2010-05-06T04:00:00,3.8
2010-05-07T04:00:00,3.77
2010-05-08T04:00:00,3.76
2010-05-09T04:00:00,3.75
2010-05-10T04:00:00,3.75
2010-05-11T04:00:00,3.75
2010-05-12T04:00:00,3.74
2010-05-13T04:00:00,3.73
2010-05-14T04:00:00,3.74
2010-05-15T04:00:00,3.74
2010-05-16T04:00:00,3.72
2010-05-17T04:00:00,3.72
2010-05-18T04:00:00,3.74
2010-05-19T04:00:00,3.74
2010-05-20T04:00:00,3.75
2010-05-21T04:00:00,3.76
2010-05-22T04:00:00,3.76
2010-05-23T04:00:00,3.8
2010-05-24T04:00:00,3.78
2010-05-25T04:00:00,3.75
2010-05-26T04:00:00,3.75
2010-05-27T04:00:00,3.75
2010-05-28T04:00:00,3.76
2010-05-29T04:00:00,3.78
2010-05-30T04:00:00,3.78
2010-05-31T04:00:00,3.77
2010-06-01T04:00:00,3.8
2010-06-02T04:00:00,3.81
2010-06-03T04:00:00,3.81
2010-06-04T04:00:00,3.81
2010-06-05T04:00:00,3.77
2010-06-06T04:00:00,3.76
2010-06-07T04:00:00,3.75
2010-06-08T04:00:00,3.75
2010-06-09T04:00:00,3.75
2010-06-10T04:00:00,3.75
2010-06-11T04:00:00,3.73
2010-06-12T04:00:00,3.72
2010-06-13T04:00:00,3.65
2010-06-14T04:00:00,3.62
2010-06-15T04:00:00,3.62
2010-06-16T04:00:00,3.58
2010-06-17T04:00:00,3.58
2010-06-18T04:00:00,3.56
2010-06-19T04:00:00,3.56
2010-06-20T04:00:00,3.52
2010-06-21T04:00:00,3.5
2010-06-22T04:00:00,3.47
2010-06-23T04:00:00,3.46
2010-06-24T04:00:00,3.42
2010-06-25T04:00:00,3.37
2010-06-26T04:00:00,3.3
2010-06-27T04:00:00,3.3
2010-06-28T04:00:00,3.25
2010-06-29T04:00:00,3.25
2010-06-30T04:00:00,3.2
2010-07-01T04:00:00,3.16
2010-07-02T04:00:00,3.14
2010-07-03T04:00:00,3.08
2010-07-04T04:00:00,3.08
2010-07-05T04:00:00,3.06
2010-07-06T04:00:00,2.98
2010-07-07T04:00:00,2.98
2010-07-08T04:00:00,2.96
2010-07-09T04:00:00,2.88
2010-07-10T04:00:00,2.82
2010-07-11T04:00:00,2.81
2010-07-12T04:00:00,2.76
2010-07-13T04:00:00,2.62
2010-07-14T04:00:00,2.6
2010-07-15T04:00:00,2.61
2010-07-16T04:00:00,2.6
2010-07-17T04:00:00,2.6
2010-07-18T04:00:00,2.52
2010-07-19T04:00:00,2.48
2010-07-20T04:00:00,2.5
2010-07-21T04:00:00,2.45
2010-07-22T04:00:00,2.38
2010-07-23T04:00:00,2.38
2010-07-24T04:00:00,2.36
2010-07-25T04:00:00,2.36
2010-07-26T04:00:00,2.34
2010-07-27T04:00:00,2.36
2010-07-28T04:00:00,2.4
2010-07-29T04:00:00,2.4
2010-07-30T04:00:00,2.46
2010-07-31T04:00:00,2.56
2010-08-01T04:00:00,2.54
2010-08-02T04:00:00,2.6
2010-08-03T04:00:00,2.66
2010-08-04T04:00:00,2.68
2010-08-05T04:00:00,2.71
2010-08-06T04:00:00,2.7
2010-08-07T04:00:00,2.68
2010-08-08T04:00:00,2.62
2010-08-09T04:00:00,2.62
2010-08-10T04:00:00,2.62
2010-08-11T04:00:00,2.6
2010-08-12T04:00:00,2.6
2010-08-13T04:00:00,2.56
2010-08-14T04:00:00,2.7
2010-08-15T04:00:00,2.75
2010-08-16T04:00:00,2.73
2010-08-17T04:00:00,2.63
2010-08-18T04:00:00,2.52
2010-08-19T04:00:00,2.45
2010-08-20T04:00:00,2.35
2010-08-21T04:00:00,2.37
2010-08-22T04:00:00,2.34
2010-08-23T04:00:00,2.27
2010-08-24T04:00:00,2.25
2010-08-25T04:00:00,2.24
2010-08-26T04:00:00,2.22
2010-08-27T04:00:00,2.19
2010-08-28T04:00:00,2.14
2010-08-29T04:00:00,2.12
2010-08-30T04:00:00,2.08
2010-08-31T04:00:00,2.26
2010-09-01T04:00:00,2.18
2010-09-02T04:00:00,2.18
2010-09-03T04:00:00,2.52
2010-09-04T04:00:00,2.42
2010-09-05T04:00:00,2.22
2010-09-06T04:00:00,2.24
2010-09-07T04:00:00,2.2
2010-09-08T04:00:00,2.12
2010-09-09T04:00:00,2.12
2010-09-10T04:00:00,2.05
2010-09-11T04:00:00,2.02
2010-09-12T04:00:00,2
2010-09-13T04:00:00,2.08
2010-09-14T04:00:00,2.14
2010-09-15T04:00:00,2.16
2010-09-16T04:00:00,2.09
2010-09-17T04:00:00,1.96
2010-09-18T04:00:00,1.9
2010-09-19T04:00:00,1.97
2010-09-20T04:00:00,1.85
2010-09-21T04:00:00,1.77
2010-09-22T04:00:00,1.8
2010-09-23T04:00:00,1.82
2010-09-24T04:00:00,1.89
2010-09-25T04:00:00,1.96
2010-09-26T04:00:00,1.88
2010-09-27T04:00:00,1.8
2010-09-28T04:00:00,1.8
2010-09-29T04:00:00,1.79
2010-09-30T04:00:00,1.63
2010-10-01T04:00:00,1.56
2010-10-02T04:00:00,1.76
2010-10-03T04:00:00,1.8
2010-10-04T04:00:00,1.75
2010-10-05T04:00:00,1.68
2010-10-06T04:00:00,1.65
2010-10-07T04:00:00,1.65
2010-10-08T04:00:00,1.64
2010-10-09T04:00:00,1.7
2010-10-10T04:00:00,1.77
2010-10-11T04:00:00,1.79
2010-10-12T04:00:00,1.76
2010-10-13T04:00:00,1.77
2010-10-14T04:00:00,1.82
2010-10-15T04:00:00,1.84
2010-10-16T04:00:00,2.04
2010-10-17T04:00:00,2.09
2010-10-18T04:00:00,2.12
2010-10-19T04:00:00,2.18
2010-10-20T04:00:00,2.17
2010-10-21T04:00:00,2.1
2010-10-22T04:00:00,2.1
2010-10-23T04:00:00,2.16
2010-10-24T04:00:00,2.28
2010-10-25T04:00:00,2.26
2010-10-26T04:00:00,2.16
2010-10-27T04:00:00,2.15
2010-10-28T04:00:00,2.16
2010-10-29T04:00:00,2.14
2010-10-30T04:00:00,2.1
2010-10-31T04:00:00,1.96
2010-11-01T04:00:00,1.76
2010-11-02T04:00:00,1.91
2010-11-03T04:00:00,2
2010-11-04T04:00:00,1.98
2010-11-05T04:00:00,1.92
2010-11-06T04:00:00,1.97
2010-11-07T04:00:00,1.96
2010-11-08T04:00:00,1.95
2010-11-09T04:00:00,1.92
2010-11-10T04:00:00,2.2
2010-11-11T04:00:00,2.18
2010-11-12T04:00:00,2.2
2010-11-13T04:00:00,2.12
2010-11-14T04:00:00,2.04
2010-11-15T04:00:00,1.96
2010-11-16T04:00:00,2
2010-11-17T04:00:00,1.95
2010-11-18T04:00:00,1.9
2010-11-19T04:00:00,1.9
2010-11-20T04:00:00,1.89
2010-11-21T04:00:00,1.82
2010-11-22T04:00:00,1.8
2010-11-23T04:00:00,1.78
2010-11-24T04:00:00,1.8
2010-11-25T04:00:00,1.78
2010-11-26T04:00:00,1.71
2010-11-27T04:00:00,1.71
2010-11-28T04:00:00,1.6
2010-11-29T04:00:00,1.83
2010-11-30T04:00:00,1.75
2010-12-01T04:00:00,1.58
2010-12-02T04:00:00,1.61
2010-12-03T04:00:00,1.48
2010-12-04T04:00:00,1.55
2010-12-05T04:00:00,1.66
2010-12-06T04:00:00,1.55
2010-12-07T04:00:00,1.62
2010-12-08T04:00:00,1.52
2010-12-09T04:00:00,1.46
2010-12-10T04:00:00,1.62
2010-12-11T04:00:00,1.61
2010-12-12T04:00:00,1.67
2010-12-13T04:00:00,1.9
2010-12-14T04:00:00,2.02
2010-12-15T04:00:00,2
2010-12-16T04:00:00,2.01
2010-12-17T04:00:00,2.08
2010-12-18T04:00:00,2.08
2010-12-19T04:00:00,2.11
2010-12-20T04:00:00,2.44
2010-12-21T04:00:00,2.37
2010-12-22T04:00:00,2.4
2010-12-23T04:00:00,2.4
2010-12-24T04:00:00,2.5
2010-12-25T04:00:00,2.52
2010-12-26T04:00:00,2.58
2010-12-27T04:00:00,2.62
2010-12-28T04:00:00,2.69
2010-12-29T04:00:00,2.69
2010-12-30T04:00:00,2.73
2010-12-31T04:00:00,2.73
2011-01-01T04:00:00,2.75
2011-01-02T04:00:00,2.75
2011-01-03T04:00:00,2.75
2011-01-04T04:00:00,2.75
2011-01-05T04:00:00,2.73
2011-01-06T04:00:00,2.66
2011-01-07T04:00:00,2.56
2011-01-08T04:00:00,2.51
2011-01-09T04:00:00,2.47
2011-01-10T04:00:00,2.46
2011-01-11T04:00:00,2.46
2011-01-12T04:00:00,2.44
2011-01-13T04:00:00,2.4
2011-01-14T04:00:00,2.34
2011-01-15T04:00:00,2.3
2011-01-16T04:00:00,2.42
2011-01-17T04:00:00,2.35
2011-01-18T04:00:00,2.26
2011-01-19T04:00:00,2.27
2011-01-20T04:00:00,2.24
2011-01-21T04:00:00,2.24
2011-01-22T04:00:00,2.28
2011-01-23T04:00:00,2.22
2011-01-24T04:00:00,2.2
2011-01-25T04:00:00,2.22
2011-01-26T04:00:00,2.23
2011-01-27T04:00:00,2.25
2011-01-28T04:00:00,2.28
2011-01-29T04:00:00,2.31
2011-01-30T04:00:00,2.38
2011-01-31T04:00:00,2.44
2011-02-01T04:00:00,2.44
2011-02-02T04:00:00,2.44
2011-02-03T04:00:00,2.56
2011-02-04T04:00:00,2.49
2011-02-05T04:00:00,2.45
2011-02-06T04:00:00,2.54
2011-02-07T04:00:00,2.7
2011-02-08T04:00:00,2.8
2011-02-09T04:00:00,2.94
2011-02-10T04:00:00,2.96
2011-02-11T04:00:00,2.94
2011-02-12T04:00:00,2.9
2011-02-13T04:00:00,2.8
2011-02-14T04:00:00,2.76
2011-02-15T04:00:00,2.78
2011-02-16T04:00:00,2.8
2011-02-17T04:00:00,2.73
2011-02-18T04:00:00,2.74
2011-02-19T04:00:00,2.72
2011-02-20T04:00:00,2.77
2011-02-21T04:00:00,2.84
2011-02-22T04:00:00,2.9
2011-02-23T04:00:00,2.98
2011-02-24T04:00:00,3
2011-02-25T04:00:00,3
2011-02-26T04:00:00,3.08
2011-02-27T04:00:00,3.08
2011-02-28T04:00:00,3.05
2011-03-01T04:00:00,3.06
2011-03-02T04:00:00,3.08
2011-03-03T04:00:00,3.1
2011-03-04T04:00:00,3.07
2011-03-05T04:00:00,3.1
2011-03-06T04:00:00,3.12
2011-03-07T04:00:00,3.17
2011-03-08T04:00:00,3.18
2011-03-09T04:00:00,3.16
2011-03-10T04:00:00,3.16
2011-03-11T04:00:00,3.18
2011-03-12T04:00:00,3.19
2011-03-13T04:00:00,3.2
2011-03-14T04:00:00,3.14
2011-03-15T04:00:00,3.16
2011-03-16T04:00:00,3.3
2011-03-17T04:00:00,3.28
2011-03-18T04:00:00,3.25
2011-03-19T04:00:00,3.22
2011-03-20T04:00:00,3.31
2011-03-21T04:00:00,3.3
2011-03-22T04:00:00,3.29
2011-03-23T04:00:00,3.3
2011-03-24T04:00:00,3.38
2011-03-25T04:00:00,3.44
2011-03-26T04:00:00,3.49
2011-03-27T04:00:00,3.45
2011-03-28T04:00:00,3.44
2011-03-29T04:00:00,3.48
2011-03-30T04:00:00,3.5
2011-03-31T04:00:00,3.48
2011-04-01T04:00:00,3.48
2011-04-02T04:00:00,3.5
2011-04-03T04:00:00,3.52
2011-04-04T04:00:00,3.53
2011-04-05T04:00:00,3.55
2011-04-06T04:00:00,3.55
2011-04-07T04:00:00,3.56
2011-04-08T04:00:00,3.6
2011-04-09T04:00:00,3.55
2011-04-10T04:00:00,3.58
2011-04-11T04:00:00,3.6
2011-04-12T04:00:00,3.6
2011-04-13T04:00:00,3.6
2011-04-14T04:00:00,3.62
2011-04-15T04:00:00,3.62
2011-04-16T04:00:00,3.65
2011-04-17T04:00:00,3.7
2011-04-18T04:00:00,3.72
2011-04-19T04:00:00,3.7
2011-04-20T04:00:00,3.7
2011-04-21T04:00:00,3.8
2011-04-22T04:00:00,3.79
2011-04-23T04:00:00,3.8
2011-04-24T04:00:00,3.76
2011-04-25T04:00:00,3.79
2011-04-26T04:00:00,3.8
2011-04-27T04:00:00,3.82
2011-04-28T04:00:00,3.84
2011-04-29T04:00:00,3.84
2011-04-30T04:00:00,3.88
2011-05-01T04:00:00,3.88
2011-05-02T04:00:00,3.82
2011-05-03T04:00:00,3.92
2011-05-04T04:00:00,3.94
2011-05-05T04:00:00,3.93
2011-05-06T04:00:00,3.9
2011-05-07T04:00:00,3.9
2011-05-08T04:00:00,3.93
2011-05-09T04:00:00,3.91
2011-05-10T04:00:00,3.91
2011-05-11T04:00:00,3.92
2011-05-12T04:00:00,3.91
2011-05-13T04:00:00,3.9
2011-05-14T04:00:00,3.92
2011-05-15T04:00:00,3.9
2011-05-16T04:00:00,3.89
2011-05-17T04:00:00,3.87
2011-05-18T04:00:00,3.82
2011-05-19T04:00:00,3.8
2011-05-20T04:00:00,3.78
2011-05-21T04:00:00,3.74
2011-05-22T04:00:00,3.7
2011-05-23T04:00:00,3.67
2011-05-24T04:00:00,3.64
2011-05-25T04:00:00,3.64
2011-05-26T04:00:00,3.62
2011-05-27T04:00:00,3.63
2011-05-28T04:00:00,3.63
2011-05-29T04:00:00,3.6
2011-05-30T04:00:00,3.52
2011-05-31T04:00:00,3.5
2011-06-01T04:00:00,3.48
2011-06-02T04:00:00,3.42
2011-06-03T04:00:00,3.39
2011-06-04T04:00:00,3.35
2011-06-05T04:00:00,3.37
2011-06-06T04:00:00,3.33
2011-06-07T04:00:00,3.26
2011-06-08T04:00:00,3.2
2011-06-09T04:00:00,3.18
2011-06-10T04:00:00,3.08
2011-06-11T04:00:00,3.02
2011-06-12T04:00:00,3
2011-06-13T04:00:00,2.92
2011-06-14T04:00:00,2.88
2011-06-15T04:00:00,2.9
2011-06-16T04:00:00,2.84
2011-06-17T04:00:00,2.77
2011-06-18T04:00:00,2.75
2011-06-19T04:00:00,2.8
2011-06-20T04:00:00,2.72
2011-06-21T04:00:00,2.6
2011-06-22T04:00:00,2.67
2011-06-23T04:00:00,2.67
2011-06-24T04:00:00,2.63
2011-06-25T04:00:00,2.6
2011-06-26T04:00:00,2.57
2011-06-27T04:00:00,2.64
2011-06-28T04:00:00,2.62
2011-06-29T04:00:00,2.54
2011-06-30T04:00:00,2.56
2011-07-01T04:00:00,2.44
2011-07-02T04:00:00,2.47
2011-07-03T04:00:00,2.52
2011-07-04T04:00:00,2.5
2011-07-05T04:00:00,2.5
2011-07-06T04:00:00,2.48
2011-07-07T04:00:00,2.5
2011-07-08T04:00:00,2.49
2011-07-09T04:00:00,2.46
2011-07-10T04:00:00,2.46
2011-07-11T04:00:00,2.46
2011-07-12T04:00:00,2.5
2011-07-13T04:00:00,2.5
2011-07-14T04:00:00,2.48
2011-07-15T04:00:00,2.54
2011-07-16T04:00:00,2.52
2011-07-17T04:00:00,2.52
2011-07-18T04:00:00,2.64
2011-07-19T04:00:00,2.7
2011-07-20T04:00:00,2.68
2011-07-21T04:00:00,2.59
2011-07-22T04:00:00,2.55
2011-07-23T04:00:00,2.58
2011-07-24T04:00:00,2.58
2011-07-25T04:00:00,2.53
2011-07-26T04:00:00,2.56
2011-07-27T04:00:00,2.54
2011-07-28T04:00:00,2.62
2011-07-29T04:00:00,2.58
2011-07-30T04:00:00,2.58
2011-07-31T04:00:00,2.75
2011-08-01T04:00:00,2.8
2011-08-02T04:00:00,2.8
2011-08-03T04:00:00,2.75
2011-08-04T04:00:00,2.75
2011-08-05T04:00:00,2.84
2011-08-06T04:00:00,2.86
2011-08-07T04:00:00,2.82
2011-08-08T04:00:00,2.84
2011-08-09T04:00:00,2.9
2011-08-10T04:00:00,2.94
2011-08-11T04:00:00,2.94
2011-08-12T04:00:00,2.85
2011-08-13T04:00:00,2.85
2011-08-14T04:00:00,2.98
2011-08-15T04:00:00,3.01
2011-08-16T04:00:00,3.01
2011-08-17T04:00:00,2.98
2011-08-18T04:00:00,3.04
2011-08-19T04:00:00,3.03
2011-08-20T04:00:00,3
2011-08-21T04:00:00,3.1
2011-08-22T04:00:00,3.2
2011-08-23T04:00:00,3.2
2011-08-24T04:00:00,3.2
2011-08-25T04:00:00,3.16
2011-08-26T04:00:00,3.15
2011-08-27T04:00:00,3.23
2011-08-28T04:00:00,3.24
2011-08-29T04:00:00,3.18
2011-08-30T04:00:00,3.22
2011-08-31T04:00:00,3.22
2011-09-01T04:00:00,3.2
2011-09-02T04:00:00,3.29
2011-09-03T04:00:00,3.29
2011-09-04T04:00:00,3.21
2011-09-05T04:00:00,3.2
2011-09-06T04:00:00,3.26
2011-09-07T04:00:00,3.29
2011-09-08T04:00:00,3.3
2011-09-09T04:00:00,3.31
2011-09-10T04:00:00,3.31
2011-09-11T04:00:00,3.27
2011-09-12T04:00:00,3.3
2011-09-13T04:00:00,3.33
2011-09-14T04:00:00,3.35
2011-09-15T04:00:00,3.35
2011-09-16T04:00:00,3.33
2011-09-17T04:00:00,3.3
2011-09-18T04:00:00,3.26
2011-09-19T04:00:00,3.3
2011-09-20T04:00:00,3.33
2011-09-21T04:00:00,3.29
2011-09-22T04:00:00,3.3
2011-09-23T04:00:00,3.3
2011-09-24T04:00:00,3.36
2011-09-25T04:00:00,3.35
2011-09-26T04:00:00,3.3
2011-09-27T04:00:00,3.26
2011-09-28T04:00:00,3.28
2011-09-29T04:00:00,3.26
2011-09-30T04:00:00,3.2
2011-10-01T04:00:00,3.2
2011-10-02T04:00:00,3.2
2011-10-03T04:00:00,3.15
2011-10-04T04:00:00,3.19
2011-10-05T04:00:00,3.16
2011-10-06T04:00:00,3.1
2011-10-07T04:00:00,3.13
2011-10-08T04:00:00,3.16
2011-10-09T04:00:00,3.14
2011-10-10T04:00:00,3.07
2011-10-11T04:00:00,3.04
2011-10-12T04:00:00,3.03
2011-10-13T04:00:00,3.08
2011-10-14T04:00:00,3.05
2011-10-15T04:00:00,3
2011-10-16T04:00:00,2.97
2011-10-17T04:00:00,2.97
2011-10-18T04:00:00,2.98
2011-10-19T04:00:00,2.99
2011-10-20T04:00:00,2.96
2011-10-21T04:00:00,2.9
2011-10-22T04:00:00,2.85
2011-10-23T04:00:00,2.86
2011-10-24T04:00:00,2.95
2011-10-25T04:00:00,2.99
2011-10-26T04:00:00,2.96
2011-10-27T04:00:00,3.06
2011-10-28T04:00:00,3.07
2011-10-29T04:00:00,3.11
2011-10-30T04:00:00,3.1
2011-10-31T04:00:00,3.15
2011-11-01T04:00:00,3.17
2011-11-02T04:00:00,3.2
2011-11-03T04:00:00,3.16
2011-11-04T04:00:00,3.14
2011-11-05T04:00:00,3.15
2011-11-06T04:00:00,3.13
2011-11-07T04:00:00,3.15
2011-11-08T04:00:00,3.19
2011-11-09T04:00:00,3.14
2011-11-10T04:00:00,3.12
2011-11-11T04:00:00,3.09
2011-11-12T04:00:00,3.12
2011-11-13T04:00:00,3.14
2011-11-14T04:00:00,3.13
2011-11-15T04:00:00,3.08
2011-11-16T04:00:00,3.09
2011-11-17T04:00:00,3.05
2011-11-18T04:00:00,3.06
2011-11-19T04:00:00,3.06
2011-11-20T04:00:00,3
2011-11-21T04:00:00,2.96
2011-11-22T04:00:00,2.98
2011-11-23T04:00:00,3.01
2011-11-24T04:00:00,3.02
2011-11-25T04:00:00,2.96
2011-11-26T04:00:00,2.92
2011-11-27T04:00:00,2.92
2011-11-28T04:00:00,2.94
2011-11-29T04:00:00,2.9
2011-11-30T04:00:00,2.9
2011-12-01T04:00:00,2.91
2011-12-02T04:00:00,3.02
2011-12-03T04:00:00,3.02
2011-12-04T04:00:00,2.98
2011-12-05T04:00:00,2.94
2011-12-06T04:00:00,2.9
2011-12-07T04:00:00,2.87
2011-12-08T04:00:00,2.84
2011-12-09T04:00:00,2.82
2011-12-10T04:00:00,2.83
2011-12-11T04:00:00,2.8
2011-12-12T04:00:00,2.67
2011-12-13T04:00:00,2.64
2011-12-14T04:00:00,2.7
2011-12-15T04:00:00,2.72
2011-12-16T04:00:00,2.7
2011-12-17T04:00:00,2.7
2011-12-18T04:00:00,2.66
2011-12-19T04:00:00,2.59
2011-12-20T04:00:00,2.52
2011-12-21T04:00:00,2.46
2011-12-22T04:00:00,2.4
2011-12-23T04:00:00,2.4
2011-12-24T04:00:00,2.4
2011-12-28T04:00:00,2.18
2011-12-29T04:00:00,2.14
2011-12-30T04:00:00,2.06
2011-12-31T04:00:00,2.07
2012-01-01T04:00:00,2.06
2012-01-02T04:00:00,2.1
2012-01-03T04:00:00,2.04
2012-01-04T04:00:00,2.1
2012-01-05T04:00:00,2.05
2012-01-06T04:00:00,1.98
2012-01-07T04:00:00,1.86
2012-01-08T04:00:00,2.08
2012-01-09T04:00:00,1.92
2012-01-10T04:00:00,1.77
2012-01-11T04:00:00,1.68
2012-01-12T04:00:00,1.7
2012-01-13T04:00:00,1.82
2012-01-14T04:00:00,1.83
2012-01-15T04:00:00,1.76
2012-01-16T04:00:00,1.68
2012-01-17T04:00:00,1.58
2012-01-18T04:00:00,1.6
2012-01-19T04:00:00,1.58
2012-01-20T04:00:00,1.45
2012-01-21T04:00:00,1.38
2012-01-22T04:00:00,1.4
2012-01-23T04:00:00,1.59
2012-01-24T04:00:00,1.39
2012-01-25T04:00:00,1.4
2012-01-26T04:00:00,1.6
2012-01-27T04:00:00,1.68
2012-01-28T04:00:00,1.59
2012-01-29T04:00:00,1.53
2012-01-30T04:00:00,1.53
2012-01-31T04:00:00,1.53
2012-02-01T04:00:00,1.6
2012-02-02T04:00:00,1.78
2012-02-03T04:00:00,1.8
2012-02-04T04:00:00,1.84
2012-02-05T04:00:00,1.85
2012-02-06T04:00:00,2
2012-02-07T04:00:00,2.06
2012-02-08T04:00:00,2.14
2012-02-09T04:00:00,2.26
2012-02-10T04:00:00,2.43
2012-02-11T04:00:00,2.45
2012-02-12T04:00:00,2.31
2012-02-13T04:00:00,2.24
2012-02-14T04:00:00,2.14
2012-02-15T04:00:00,2.2
2012-02-16T04:00:00,2.08
2012-02-17T04:00:00,2.08
2012-02-18T04:00:00,2.08
2012-02-19T04:00:00,2.02
2012-02-20T04:00:00,1.94
2012-02-21T04:00:00,2
2012-02-22T04:00:00,2
2012-02-23T04:00:00,2.12
2012-02-24T04:00:00,1.95
2012-02-25T04:00:00,1.94
2012-02-26T04:00:00,1.94
2012-02-27T04:00:00,1.8
2012-02-28T04:00:00,1.86
2012-02-29T04:00:00,1.78
2012-03-01T04:00:00,1.76
2012-03-02T04:00:00,1.78
2012-03-03T04:00:00,1.8
2012-03-04T04:00:00,1.75
2012-03-05T04:00:00,1.66
2012-03-06T04:00:00,1.67
2012-03-07T04:00:00,1.77
2012-03-08T04:00:00,1.94
2012-03-09T04:00:00,1.99
2012-03-10T04:00:00,2.03
2012-03-11T04:00:00,1.96
2012-03-12T04:00:00,2
2012-03-13T04:00:00,2.1
2012-03-14T04:00:00,2.04
2012-03-15T04:00:00,2.02
2012-03-16T04:00:00,2.1
2012-03-17T04:00:00,2
2012-03-18T04:00:00,1.92
2012-03-19T04:00:00,1.84
2012-03-20T04:00:00,1.88
2012-03-21T04:00:00,2.03
2012-03-22T04:00:00,2.08
2012-03-23T04:00:00,2.06
2012-03-24T04:00:00,2.2
2012-03-25T04:00:00,2.07
2012-03-26T04:00:00,1.96
2012-03-27T04:00:00,1.94
2012-03-28T04:00:00,1.96
2012-03-29T04:00:00,1.92
2012-03-30T04:00:00,1.77
2012-03-31T04:00:00,1.8
2012-04-01T04:00:00,1.78
2012-04-02T04:00:00,1.75
2012-04-03T04:00:00,1.68
2012-04-04T04:00:00,1.76
2012-04-05T04:00:00,1.67
2012-04-06T04:00:00,1.58
2012-04-07T04:00:00,1.76
2012-04-08T04:00:00,1.75
2012-04-09T04:00:00,1.78
2012-04-10T04:00:00,1.88
2012-04-11T04:00:00,1.86
2012-04-12T04:00:00,1.83
2012-04-13T04:00:00,1.83
2012-04-14T04:00:00,1.79
2012-04-15T04:00:00,1.74
2012-04-16T04:00:00,1.78
2012-04-17T04:00:00,1.74
2012-04-18T04:00:00,1.7
2012-04-19T04:00:00,1.68
2012-04-20T04:00:00,1.7
2012-04-21T04:00:00,1.72
2012-04-22T04:00:00,1.77
2012-04-23T04:00:00,2.1
2012-04-24T04:00:00,2.08
2012-04-25T04:00:00,2.1
2012-04-26T04:00:00,2.05
2012-04-27T04:00:00,2.04
2012-04-28T04:00:00,2.06
2012-04-29T04:00:00,2.12
2012-04-30T04:00:00,2.09
2012-05-01T04:00:00,2.1
2012-05-02T04:00:00,2.06
2012-05-03T04:00:00,1.99
2012-05-04T04:00:00,1.98
2012-05-05T04:00:00,1.98
2012-05-06T04:00:00,2.08
2012-05-07T04:00:00,2.2
2012-05-08T04:00:00,2.2
2012-05-09T04:00:00,2.16
2012-05-10T04:00:00,2.26
2012-05-11T04:00:00,2.27
2012-05-12T04:00:00,2.29
2012-05-13T04:00:00,2.27
2012-05-14T04:00:00,2.34
2012-05-15T04:00:00,2.36
2012-05-16T04:00:00,2.36
2012-05-17T04:00:00,2.36
2012-05-18T04:00:00,2.32
2012-05-19T04:00:00,2.3
2012-05-20T04:00:00,2.3
2012-05-21T04:00:00,2.3
2012-05-22T04:00:00,2.36
2012-05-23T04:00:00,2.42
2012-05-24T04:00:00,2.48
2012-05-25T04:00:00,2.54
2012-05-26T04:00:00,2.52
2012-05-27T04:00:00,2.49
2012-05-28T04:00:00,2.44
2012-05-29T04:00:00,2.36
2012-05-30T04:00:00,2.31
2012-05-31T04:00:00,2.3
2012-06-01T04:00:00,2.38
2012-06-02T04:00:00,2.36
2012-06-03T04:00:00,2.28
2012-06-04T04:00:00,2.15
2012-06-05T04:00:00,2.17
2012-06-06T04:00:00,2.2
2012-06-07T04:00:00,2.06
2012-06-08T04:00:00,2.15
2012-06-09T04:00:00,2.14
2012-06-10T04:00:00,2.2
2012-06-11T04:00:00,2.15
2012-06-12T04:00:00,2.18
2012-06-13T04:00:00,2.18
2012-06-14T04:00:00,2.16
2012-06-15T04:00:00,2.16
2012-06-16T04:00:00,2.25
2012-06-17T04:00:00,2.4
2012-06-18T04:00:00,2.46
2012-06-19T04:00:00,2.4
2012-06-20T04:00:00,2.36
2012-06-21T04:00:00,2.32
2012-06-22T04:00:00,2.32
2012-06-23T04:00:00,2.33
2012-06-24T04:00:00,2.36
2012-06-25T04:00:00,2.39
2012-06-26T04:00:00,2.52
2012-06-27T04:00:00,2.52
2012-06-28T04:00:00,2.52
2012-06-29T04:00:00,2.55
2012-06-30T04:00:00,2.63
2012-07-01T04:00:00,2.67
2012-07-02T04:00:00,2.7
2012-07-03T04:00:00,2.7
2012-07-04T04:00:00,2.77
2012-07-05T04:00:00,2.84
2012-07-06T04:00:00,2.77
2012-07-07T04:00:00,2.86
2012-07-08T04:00:00,2.9
2012-07-09T04:00:00,2.92
2012-07-10T04:00:00,2.88
2012-07-11T04:00:00,2.88
2012-07-12T04:00:00,2.95
2012-07-13T04:00:00,2.94
2012-07-14T04:00:00,2.97
2012-07-15T04:00:00,3.03
2012-07-16T04:00:00,3.12
2012-07-17T04:00:00,3.12
2012-07-18T04:00:00,3.06
2012-07-19T04:00:00,3.02
2012-07-20T04:00:00,3
2012-07-21T04:00:00,3
2012-07-22T04:00:00,3
2012-07-23T04:00:00,3
2012-07-24T04:00:00,3
2012-07-25T04:00:00,2.93
2012-07-26T04:00:00,2.98
2012-07-27T04:00:00,2.94
2012-07-28T04:00:00,2.96
2012-07-29T04:00:00,2.95
2012-07-30T04:00:00,2.86
2012-07-31T04:00:00,2.92
2012-08-01T04:00:00,2.9
2012-08-02T04:00:00,2.85
2012-08-03T04:00:00,2.8
2012-08-04T04:00:00,2.8
2012-08-05T04:00:00,2.81
2012-08-06T04:00:00,2.81
2012-08-07T04:00:00,2.81
2012-08-08T04:00:00,2.78
2012-08-09T04:00:00,2.76
2012-08-10T04:00:00,2.7
2012-08-11T04:00:00,2.68
2012-08-12T04:00:00,2.7
2012-08-13T04:00:00,2.66
2012-08-14T04:00:00,2.65
2012-08-15T04:00:00,2.65
2012-08-16T04:00:00,2.68
2012-08-17T04:00:00,2.75
2012-08-18T04:00:00,2.77
2012-08-19T04:00:00,2.8
2012-08-20T04:00:00,2.8
2012-08-21T04:00:00,2.72
2012-08-22T04:00:00,2.7
2012-08-23T04:00:00,2.7
2012-08-24T04:00:00,2.65
2012-08-25T04:00:00,2.56
2012-08-26T04:00:00,2.68
2012-08-27T04:00:00,2.69
2012-08-28T04:00:00,2.66
2012-08-29T04:00:00,2.6
2012-08-30T04:00:00,2.49
2012-08-31T04:00:00,2.4
2012-09-01T04:00:00,2.38
2012-09-02T04:00:00,2.31
2012-09-03T04:00:00,2.31
2012-09-04T04:00:00,2.5
2012-09-05T04:00:00,2.41
2012-09-06T04:00:00,2.26
2012-09-07T04:00:00,2.38
2012-09-08T04:00:00,2.42
2012-09-09T04:00:00,2.38
2012-09-10T04:00:00,2.4
2012-09-11T04:00:00,2.31
2012-09-12T04:00:00,2.12
2012-09-13T04:00:00,1.99
2012-09-14T04:00:00,1.9
2012-09-19T04:00:00,2.34
2012-09-20T04:00:00,2.4
2012-09-21T04:00:00,2.42
2012-09-22T04:00:00,2.15
2012-09-23T04:00:00,2.06
2012-09-24T04:00:00,2.02
2012-09-26T04:00:00,2.02
2012-09-27T04:00:00,2.06
2012-10-03T04:00:00,1.5
2012-10-04T04:00:00,1.59
2012-10-05T04:00:00,1.58
2012-10-06T04:00:00,1.5
2012-10-07T04:00:00,1.75
2012-10-08T04:00:00,1.82
2012-10-09T04:00:00,2.1
2012-10-10T04:00:00,2.15
2012-10-11T04:00:00,2.45
2012-10-12T04:00:00,2.54
2012-10-13T04:00:00,2.53
2012-10-14T04:00:00,2.46
2012-10-15T04:00:00,2.46
2012-10-16T04:00:00,2.44
2012-10-17T04:00:00,2.41
2012-10-18T04:00:00,2.44
2012-10-19T04:00:00,2.55
2012-10-20T04:00:00,2.56
2012-10-21T04:00:00,2.55
2012-10-22T04:00:00,2.7
2012-10-23T04:00:00,2.77
2012-10-24T04:00:00,2.89
2012-10-25T04:00:00,2.88
2012-10-26T04:00:00,2.77
2012-10-27T04:00:00,2.62
2012-10-28T04:00:00,2.55
2012-10-29T04:00:00,2.6
2012-10-30T04:00:00,2.58
2012-10-31T04:00:00,2.69
2012-11-01T04:00:00,2.65
2012-11-02T04:00:00,2.48
2012-11-03T04:00:00,2.42
2012-11-04T04:00:00,2.34
2012-11-05T04:00:00,2.38
2012-11-06T04:00:00,2.38
2012-11-07T04:00:00,2.35
2012-11-08T04:00:00,2.36
2012-11-09T04:00:00,2.37
2012-11-10T04:00:00,2.53
2012-11-11T04:00:00,2.72
2012-11-12T04:00:00,2.74
2012-11-13T04:00:00,2.7
2012-11-14T04:00:00,2.66
2012-11-15T04:00:00,2.6
2012-11-16T04:00:00,2.45
2012-11-17T04:00:00,2.38
2012-11-18T04:00:00,2.32
2012-11-19T04:00:00,2.25
2012-11-20T04:00:00,2.1
2012-11-21T04:00:00,2.08
2012-11-22T04:00:00,2.09
2012-11-23T04:00:00,2
2012-11-24T04:00:00,1.97
2012-11-25T04:00:00,1.92
2012-11-26T04:00:00,1.88
2012-11-27T04:00:00,1.66
2012-11-28T04:00:00,1.61
2012-11-29T04:00:00,1.54
2012-11-30T04:00:00,1.9
2012-12-01T04:00:00,1.76
2012-12-02T04:00:00,1.56
2012-12-03T04:00:00,1.54
2012-12-04T04:00:00,1.8
2012-12-05T04:00:00,1.48
2012-12-06T04:00:00,1.62
2012-12-07T04:00:00,1.74
2012-12-08T04:00:00,1.78
2012-12-09T04:00:00,1.9
2012-12-10T04:00:00,1.84
2012-12-11T04:00:00,1.8
2012-12-12T04:00:00,1.82
2012-12-13T04:00:00,1.8
2012-12-14T04:00:00,1.78
2012-12-15T04:00:00,1.82
2012-12-16T04:00:00,1.79
2012-12-17T04:00:00,1.79
2012-12-18T04:00:00,1.84
2012-12-19T04:00:00,2.18
2012-12-20T04:00:00,2.45
2012-12-21T04:00:00,2.7
2012-12-22T04:00:00,2.83
2012-12-23T04:00:00,2.76
2012-12-24T04:00:00,2.68
2012-12-25T04:00:00,2.58
2012-12-26T04:00:00,2.49
2012-12-27T04:00:00,2.54
2012-12-28T04:00:00,2.62
2012-12-29T04:00:00,2.64
2012-12-30T04:00:00,2.56
2012-12-31T04:00:00,2.52
2013-01-01T04:00:00,2.5
2013-01-02T04:00:00,2.46
2013-01-03T04:00:00,2.56
2013-01-04T04:00:00,2.5
2013-01-05T04:00:00,2.4
2013-01-06T04:00:00,2.3
2013-01-07T04:00:00,2.25
2013-01-08T04:00:00,2.25
2013-01-09T04:00:00,2.22
2013-01-10T04:00:00,2.27
2013-01-11T04:00:00,2.28
2013-01-12T04:00:00,2.2
2013-01-13T04:00:00,2.2
2013-01-14T04:00:00,2.18
2013-01-15T04:00:00,2.2
2013-01-16T04:00:00,2.27
2013-01-17T04:00:00,2.24
2013-01-18T04:00:00,2.28
2013-01-19T04:00:00,2.42
2013-01-20T04:00:00,2.4
2013-01-21T04:00:00,2.5
2013-01-22T04:00:00,2.5
2013-01-23T04:00:00,2.43
2013-01-24T04:00:00,2.36
2013-01-25T04:00:00,2.34
2013-01-26T04:00:00,2.4
2013-01-27T04:00:00,2.5
2013-01-28T04:00:00,2.4
2013-01-29T04:00:00,2.2
2013-01-30T04:00:00,2.12
2013-01-31T04:00:00,2.12
2013-02-01T04:00:00,2.08
2013-02-02T04:00:00,2.06
2013-02-03T04:00:00,2.04
2013-02-04T04:00:00,2.26
2013-02-05T04:00:00,2.18
2013-02-06T04:00:00,2
2013-02-07T04:00:00,1.94
2013-02-08T04:00:00,1.81
2013-02-09T04:00:00,1.75
2013-02-10T04:00:00,1.67
2013-02-11T04:00:00,1.5
2013-02-12T04:00:00,1.45
2013-02-13T04:00:00,1.38
2013-02-14T04:00:00,1.31
2013-02-15T04:00:00,1.35
2013-02-16T04:00:00,1.36
2013-02-17T04:00:00,1.34
2013-02-18T04:00:00,1.32
2013-02-19T04:00:00,1.76
2013-02-20T04:00:00,1.74
2013-02-21T04:00:00,1.65
2013-02-22T04:00:00,1.8
2013-02-23T04:00:00,1.76
2013-02-24T04:00:00,1.68
2013-02-25T04:00:00,1.66
2013-02-26T04:00:00,1.76
2013-02-27T04:00:00,2.03
2013-02-28T04:00:00,2.12
2013-03-01T04:00:00,2.13
2013-03-02T04:00:00,2.2
2013-03-03T04:00:00,2.14
2013-03-04T04:00:00,2.15
2013-03-05T04:00:00,2.28
2013-03-06T04:00:00,2.35
2013-03-07T04:00:00,2.34
2013-03-08T04:00:00,2.3
2013-03-09T04:00:00,2.4
2013-03-10T04:00:00,2.43
2013-03-11T04:00:00,2.4
2013-03-12T04:00:00,2.5
2013-03-13T04:00:00,2.5
2013-03-14T04:00:00,2.54
2013-03-15T04:00:00,2.52
2013-03-16T04:00:00,2.54
2013-03-17T04:00:00,2.52
2013-03-18T04:00:00,2.57
2013-03-19T04:00:00,2.64
2013-03-20T04:00:00,2.62
2013-03-21T04:00:00,2.82
2013-03-22T04:00:00,2.66
2013-03-23T04:00:00,2.71
2013-03-24T04:00:00,2.78
2013-03-25T04:00:00,2.82
2013-03-26T04:00:00,2.8
2013-03-27T04:00:00,2.78
2013-03-28T04:00:00,2.84
2013-03-29T04:00:00,2.84
2013-03-30T04:00:00,2.84
2013-03-31T04:00:00,2.81
2013-04-01T04:00:00,2.85
2013-04-02T04:00:00,2.92
2013-04-03T04:00:00,2.83
2013-04-04T04:00:00,2.88
2013-04-05T04:00:00,2.83
2013-04-06T04:00:00,2.78
2013-04-07T04:00:00,2.74
2013-04-08T04:00:00,2.8
2013-04-09T04:00:00,2.8
2013-04-10T04:00:00,2.8
2013-04-11T04:00:00,2.77
2013-04-12T04:00:00,2.76
2013-04-13T04:00:00,2.74
2013-04-14T04:00:00,2.83
2013-04-15T04:00:00,2.86
2013-04-16T04:00:00,2.82
2013-04-17T04:00:00,2.9
2013-04-18T04:00:00,2.88
2013-04-19T04:00:00,2.84
2013-04-20T04:00:00,2.81
2013-04-21T04:00:00,2.83
2013-04-22T04:00:00,2.86
2013-04-23T04:00:00,2.86
2013-04-24T04:00:00,2.86
2013-04-25T04:00:00,2.89
2013-04-26T04:00:00,2.89
2013-04-27T04:00:00,2.9
2013-04-28T04:00:00,2.97
2013-04-29T04:00:00,2.95
2013-04-30T04:00:00,2.92
2013-05-01T04:00:00,2.94
2013-05-02T04:00:00,3
2013-05-03T04:00:00,3.02
2013-05-04T04:00:00,3.06
2013-05-05T04:00:00,3.17
2013-05-06T04:00:00,3.18
2013-05-07T04:00:00,3.16
2013-05-08T04:00:00,3.17
2013-05-09T04:00:00,3.18
2013-05-10T04:00:00,3.14
2013-05-11T04:00:00,3.14
2013-05-12T04:00:00,3.1
2013-05-13T04:00:00,3.12
2013-05-14T04:00:00,3.08
2013-05-15T04:00:00,3.08
2013-05-16T04:00:00,3.08
2013-05-17T04:00:00,3.06
2013-05-18T04:00:00,3.08
2013-05-19T04:00:00,3.02
2013-05-20T04:00:00,2.96
2013-05-21T04:00:00,2.95
2013-05-22T04:00:00,2.92
2013-05-23T04:00:00,2.88
2013-05-24T04:00:00,2.89
2013-05-25T04:00:00,2.86
2013-05-26T04:00:00,2.9
2013-05-27T04:00:00,2.97
2013-05-28T04:00:00,2.9
2013-05-29T04:00:00,2.9
2013-05-30T04:00:00,2.86
2013-05-31T04:00:00,2.86
2013-06-01T04:00:00,2.88
2013-06-02T04:00:00,2.84
2013-06-03T04:00:00,2.82
2013-06-04T04:00:00,2.85
2013-06-05T04:00:00,2.79
2013-06-06T04:00:00,2.78
2013-06-07T04:00:00,2.76
2013-06-08T04:00:00,2.82
2013-06-09T04:00:00,2.8
2013-06-10T04:00:00,2.84
2013-06-11T04:00:00,2.79
2013-06-12T04:00:00,2.78
2013-06-13T04:00:00,2.76
2013-06-14T04:00:00,2.75
2013-06-15T04:00:00,2.78
2013-06-16T04:00:00,2.91
2013-06-17T04:00:00,2.83
2013-06-18T04:00:00,2.86
2013-06-19T04:00:00,2.84
2013-06-20T04:00:00,2.8
2013-06-21T04:00:00,2.9
2013-06-22T04:00:00,2.86
2013-06-23T04:00:00,2.85
2013-06-24T04:00:00,2.9
2013-06-25T04:00:00,2.92
2013-06-26T04:00:00,2.91
2013-06-27T04:00:00,2.9
2013-06-28T04:00:00,2.88
2013-06-29T04:00:00,2.88
2013-06-30T04:00:00,2.86
2013-07-01T04:00:00,2.87
2013-07-02T04:00:00,2.95
2013-07-03T04:00:00,2.95
2013-07-04T04:00:00,2.95
2013-07-05T04:00:00,2.94
2013-07-06T04:00:00,2.99
2013-07-07T04:00:00,3
2013-07-08T04:00:00,3.09
2013-07-09T04:00:00,3.16
2013-07-10T04:00:00,3.2
2013-07-11T04:00:00,3.2
2013-07-12T04:00:00,3.22
2013-07-13T04:00:00,3.24
2013-07-14T04:00:00,3.3
2013-07-15T04:00:00,3.28
2013-07-16T04:00:00,3.32
2013-07-17T04:00:00,3.37
2013-07-18T04:00:00,3.4
2013-07-19T04:00:00,3.4
2013-07-20T04:00:00,3.51
2013-07-21T04:00:00,3.53
2013-07-22T04:00:00,3.52
2013-07-23T04:00:00,3.56
2013-07-24T04:00:00,3.61
2013-07-25T04:00:00,3.66
2013-07-26T04:00:00,3.75
2013-07-27T04:00:00,3.76
2013-07-28T04:00:00,3.79
2013-07-29T04:00:00,3.82
2013-07-30T04:00:00,3.82
2013-07-31T04:00:00,3.84
2013-08-01T04:00:00,3.85
2013-08-02T04:00:00,3.81
2013-08-03T04:00:00,3.82
2013-08-04T04:00:00,3.84
2013-08-05T04:00:00,3.81
2013-08-06T04:00:00,3.81
2013-08-07T04:00:00,3.78
2013-08-08T04:00:00,3.77
2013-08-09T04:00:00,3.7
2013-08-10T04:00:00,3.72
2013-08-11T04:00:00,3.74
2013-08-12T04:00:00,3.72
2013-08-13T04:00:00,3.68
2013-08-14T04:00:00,3.68
2013-08-15T04:00:00,3.67
2013-08-16T04:00:00,3.7
2013-08-17T04:00:00,3.63
2013-08-18T04:00:00,3.6
2013-08-19T04:00:00,3.6
2013-08-20T04:00:00,3.55
2013-08-21T04:00:00,3.51
2013-08-22T04:00:00,3.51
2013-08-23T04:00:00,3.41
2013-08-24T04:00:00,3.4
2013-08-25T04:00:00,3.4
2013-08-26T04:00:00,3.38
2013-08-27T04:00:00,3.34
2013-08-28T04:00:00,3.3
2013-08-29T04:00:00,3.2
2013-08-30T04:00:00,3.14
2013-08-31T04:00:00,3.08
2013-09-01T04:00:00,3.04
2013-09-02T04:00:00,3
2013-09-03T04:00:00,2.96
2013-09-04T04:00:00,2.9
2013-09-05T04:00:00,2.86
2013-09-06T04:00:00,2.82
2013-09-07T04:00:00,2.76
2013-09-08T04:00:00,2.69
2013-09-09T04:00:00,2.66
2013-09-10T04:00:00,2.62
2013-09-11T04:00:00,2.54
2013-09-12T04:00:00,2.47
2013-09-13T04:00:00,2.5
2013-09-14T04:00:00,2.53
2013-09-15T04:00:00,2.61
2013-09-16T04:00:00,2.62
2013-09-17T04:00:00,2.68
2013-09-18T04:00:00,2.66
2013-09-19T04:00:00,2.6
2013-09-20T04:00:00,2.49
2013-09-21T04:00:00,2.4
2013-09-22T04:00:00,2.36
2013-09-23T04:00:00,2.32
2013-09-24T04:00:00,2.3
2013-09-25T04:00:00,2.3
2013-09-26T04:00:00,2.28
2013-09-27T04:00:00,2.23
2013-09-28T04:00:00,2.17
2013-09-29T04:00:00,2.17
2013-09-30T04:00:00,2.12
2013-10-01T04:00:00,2.01
2013-10-02T04:00:00,1.98
2013-10-03T04:00:00,2
2013-10-04T04:00:00,2
2013-10-05T04:00:00,2.03
2013-10-06T04:00:00,2.07
2013-10-07T04:00:00,2.04
2013-10-08T04:00:00,2.03
2013-10-09T04:00:00,2.01
2013-10-10T04:00:00,2.02
2013-10-11T04:00:00,2.06
2013-10-12T04:00:00,2.14
2013-10-13T04:00:00,2.38
2013-10-14T04:00:00,2.34
2013-10-15T04:00:00,2.26
2013-10-16T04:00:00,2.16
2013-10-17T04:00:00,2.1
2013-10-18T04:00:00,2.06
2013-10-19T04:00:00,2.08
2013-10-20T04:00:00,2.01
2013-10-21T04:00:00,2.08
2013-10-22T04:00:00,2.12
2013-10-23T04:00:00,2.25
2013-10-24T04:00:00,2.12
2013-10-25T04:00:00,2.18
2013-10-26T04:00:00,2.27
2013-10-27T04:00:00,2.22
2013-10-28T04:00:00,2.22
2013-10-29T04:00:00,2.32
2013-10-30T04:00:00,2.26
2013-10-31T04:00:00,2.3
2013-11-01T04:00:00,2.34
2013-11-02T04:00:00,2.4
2013-11-03T04:00:00,2.7
2013-11-04T04:00:00,2.76
2013-11-05T04:00:00,2.75
2013-11-06T04:00:00,2.74
2013-11-07T04:00:00,2.67
2013-11-08T04:00:00,2.6
2013-11-09T04:00:00,2.67
2013-11-10T04:00:00,2.71
2013-11-11T04:00:00,2.73
2013-11-12T04:00:00,2.7
2013-11-13T04:00:00,2.7
2013-11-14T04:00:00,2.75
2013-11-15T04:00:00,2.76
2013-11-16T04:00:00,2.66
2013-11-17T04:00:00,2.7
2013-11-18T04:00:00,2.78
2013-11-19T04:00:00,2.74
2013-11-20T04:00:00,2.79
2013-11-21T04:00:00,2.82
2013-11-22T04:00:00,2.78
2013-11-23T04:00:00,2.74
2013-11-24T04:00:00,2.68
2013-11-25T04:00:00,2.64
2013-11-26T04:00:00,2.6
2013-11-27T04:00:00,2.72
2013-11-28T04:00:00,2.84
2013-11-29T04:00:00,2.83
2013-11-30T04:00:00,2.78
2013-12-01T04:00:00,2.84
2013-12-02T04:00:00,2.78
2013-12-03T04:00:00,2.68
2013-12-04T04:00:00,2.7
2013-12-05T04:00:00,2.68
2013-12-06T04:00:00,2.7
2013-12-07T04:00:00,2.72
2013-12-08T04:00:00,2.6
2013-12-09T04:00:00,2.6
2013-12-10T04:00:00,2.54
2013-12-11T04:00:00,2.62
2013-12-12T04:00:00,2.54
2013-12-13T04:00:00,2.48
2013-12-14T04:00:00,2.42
2013-12-15T04:00:00,2.4
2013-12-16T04:00:00,2.4
2013-12-17T04:00:00,2.4
2013-12-18T04:00:00,2.42
2013-12-19T04:00:00,2.4
2013-12-20T04:00:00,2.47
2013-12-21T04:00:00,2.48
2013-12-22T04:00:00,2.44
2013-12-23T04:00:00,2.33
2013-12-24T04:00:00,2.3
2013-12-25T04:00:00,2.23
2013-12-26T04:00:00,2.15
2013-12-27T04:00:00,2.12
2013-12-28T04:00:00,2.12
2013-12-29T04:00:00,2.12
2013-12-30T04:00:00,2.11
2013-12-31T04:00:00,2.06
2014-01-01T04:00:00,2.14
2014-01-02T04:00:00,2.12
2014-01-03T04:00:00,2.13
2014-01-04T04:00:00,2.17
2014-01-05T04:00:00,2.26
2014-01-06T04:00:00,2.14
2014-01-07T04:00:00,2.02
2014-01-08T04:00:00,1.86
2014-01-09T04:00:00,1.8
2014-01-10T04:00:00,1.83
2014-01-11T04:00:00,1.72
2014-01-12T04:00:00,1.74
2014-01-13T04:00:00,2.06
2014-01-14T04:00:00,2
2014-01-15T04:00:00,1.89
2014-01-16T04:00:00,1.86
2014-01-17T04:00:00,1.89
2014-01-18T04:00:00,1.96
2014-01-19T04:00:00,1.96
2014-01-20T04:00:00,2.04
2014-01-21T04:00:00,2.14
2014-01-22T04:00:00,2.1
2014-01-23T04:00:00,2.05
2014-01-24T04:00:00,2.07
2014-01-25T04:00:00,2.12
2014-01-26T04:00:00,2.37
2014-01-27T04:00:00,2.26
2014-01-28T04:00:00,2.16
2014-01-29T04:00:00,2.12
2014-01-30T04:00:00,2.16
2014-01-31T04:00:00,2.2
2014-02-01T04:00:00,2.12
2014-02-02T04:00:00,2.32
2014-02-03T04:00:00,2.56
2014-02-04T04:00:00,3
2014-02-05T04:00:00,2.96
2014-02-06T04:00:00,2.84
2014-02-07T04:00:00,3
2014-02-08T04:00:00,3
2014-02-09T04:00:00,2.96
2014-02-10T04:00:00,2.9
2014-02-11T04:00:00,2.88
2014-02-12T04:00:00,2.92
2014-02-13T04:00:00,2.91
2014-02-14T04:00:00,2.92
2014-02-15T04:00:00,2.92
2014-02-16T04:00:00,2.9
2014-02-17T04:00:00,2.82
2014-02-18T04:00:00,2.76
2014-02-19T04:00:00,2.68
2014-02-20T04:00:00,2.58
2014-02-21T04:00:00,2.56
2014-02-22T04:00:00,2.52
2014-02-23T04:00:00,2.52
2014-02-24T04:00:00,2.56
2014-02-25T04:00:00,2.53
2014-02-26T04:00:00,2.6
2014-02-27T04:00:00,2.58
2014-02-28T04:00:00,2.5
2014-03-01T04:00:00,2.46
2014-03-02T04:00:00,2.32
2014-03-03T04:00:00,2.28
2014-03-04T04:00:00,2.28
2014-03-05T04:00:00,2.28
2014-03-06T04:00:00,2.2
2014-03-07T04:00:00,2.15
2014-03-08T04:00:00,2.24
2014-03-09T04:00:00,2.21
2014-03-10T04:00:00,2.14
2014-03-11T04:00:00,2.08
2014-03-12T04:00:00,2.1
2014-03-13T04:00:00,2
2014-03-14T04:00:00,1.98
2014-03-15T04:00:00,2.03
2014-03-16T04:00:00,2.03
2014-03-17T04:00:00,2.14
2014-03-18T04:00:00,2
2014-03-19T04:00:00,2.02
2014-03-20T04:00:00,2.13
2014-03-21T04:00:00,2.08
2014-03-22T04:00:00,2
2014-03-23T04:00:00,2.22
2014-03-24T04:00:00,2.36
2014-03-25T04:00:00,2.22
2014-03-26T04:00:00,2.32
2014-03-27T04:00:00,2.37
2014-03-28T04:00:00,2.4
2014-03-29T04:00:00,2.42
2014-03-30T04:00:00,2.44
2014-03-31T04:00:00,2.55
2014-04-01T04:00:00,2.6
2014-04-02T04:00:00,2.76
2014-04-03T04:00:00,2.81
2014-04-04T04:00:00,2.8
2014-04-05T04:00:00,2.76
2014-04-06T04:00:00,2.76
2014-04-07T04:00:00,2.85
2014-04-08T04:00:00,3.02
2014-04-09T04:00:00,3.04
2014-04-10T04:00:00,3.05
2014-04-11T04:00:00,3.06
2014-04-12T04:00:00,3.09
2014-04-13T04:00:00,3
2014-04-14T04:00:00,3.02
2014-04-15T04:00:00,3.08
2014-04-16T04:00:00,3.11
2014-04-17T04:00:00,3.14
2014-04-18T04:00:00,3.12
2014-04-19T04:00:00,3.17
2014-04-20T04:00:00,3.2
2014-04-21T04:00:00,3.22
2014-04-22T04:00:00,3.22
2014-04-23T04:00:00,3.25
2014-04-24T04:00:00,3.25
2014-04-25T04:00:00,3.22
2014-04-26T04:00:00,3.21
2014-04-27T04:00:00,3.2
2014-04-28T04:00:00,3.18
2014-04-29T04:00:00,3.1
2014-04-30T04:00:00,3.14
2014-05-01T04:00:00,3.2
2014-05-02T04:00:00,3.16
2014-05-03T04:00:00,3.15
2014-05-04T04:00:00,3.12
2014-05-05T04:00:00,3.1
2014-05-06T04:00:00,3.07
2014-05-07T04:00:00,3.04
2014-05-08T04:00:00,3.06
2014-05-09T04:00:00,3.06
2014-05-10T04:00:00,3.11
2014-05-11T04:00:00,3.12
2014-05-12T04:00:00,3.1
2014-05-13T04:00:00,3.14
2014-05-14T04:00:00,3.14
2014-05-15T04:00:00,3.14
2014-05-16T04:00:00,3.2
2014-05-17T04:00:00,3.27
2014-05-18T04:00:00,3.26
2014-05-19T04:00:00,3.27
2014-05-20T04:00:00,3.3
2014-05-21T04:00:00,3.34
2014-05-22T04:00:00,3.47
2014-05-23T04:00:00,3.45
2014-05-24T04:00:00,3.45
2014-05-25T04:00:00,3.45
2014-05-26T04:00:00,3.42
2014-05-27T04:00:00,3.4
2014-05-28T04:00:00,3.41
2014-05-29T04:00:00,3.4
2014-05-30T04:00:00,3.4
2014-05-31T04:00:00,3.36
2014-06-01T04:00:00,3.35
2014-06-02T04:00:00,3.35
2014-06-03T04:00:00,3.36
2014-06-04T04:00:00,3.39
2014-06-05T04:00:00,3.38
2014-06-06T04:00:00,3.33
2014-06-07T04:00:00,3.38
2014-06-08T04:00:00,3.38
2014-06-09T04:00:00,3.36
2014-06-10T04:00:00,3.35
2014-06-11T04:00:00,3.34
2014-06-12T04:00:00,3.38
2014-06-13T04:00:00,3.34
2014-06-14T04:00:00,3.3
2014-06-15T04:00:00,3.4
2014-06-16T04:00:00,3.4
2014-06-17T04:00:00,3.38
2014-06-18T04:00:00,3.39
2014-06-19T04:00:00,3.4
2014-06-20T04:00:00,3.44
2014-06-21T04:00:00,3.45
2014-06-22T04:00:00,3.45
2014-06-23T04:00:00,3.46
2014-06-24T04:00:00,3.46
2014-06-25T04:00:00,3.46
2014-06-26T04:00:00,3.5
2014-06-27T04:00:00,3.5
2014-06-28T04:00:00,3.53
2014-06-29T04:00:00,3.53
2014-06-30T04:00:00,3.56
2014-07-01T04:00:00,3.59
2014-07-02T04:00:00,3.61
2014-07-03T04:00:00,3.64
2014-07-04T04:00:00,3.66
2014-07-05T04:00:00,3.67
2014-07-06T04:00:00,3.68
2014-07-07T04:00:00,3.7
2014-07-08T04:00:00,3.72
2014-07-09T04:00:00,3.77
2014-07-10T04:00:00,3.83
2014-07-11T04:00:00,3.87
2014-07-12T04:00:00,3.94
2014-07-13T04:00:00,3.96
2014-07-14T04:00:00,3.98
2014-07-15T04:00:00,4.06
2014-07-16T04:00:00,4.06
2014-07-17T04:00:00,4.09
2014-07-18T04:00:00,4.12
2014-07-19T04:00:00,4.14
2014-07-20T04:00:00,4.17
2014-07-21T04:00:00,4.21
2014-07-22T04:00:00,4.21
2014-07-23T04:00:00,4.22
2014-07-24T04:00:00,4.19
2014-07-25T04:00:00,4.2
2014-07-26T04:00:00,4.24
2014-07-27T04:00:00,4.26
2014-07-28T04:00:00,4.3
2014-07-29T04:00:00,4.34
2014-07-30T04:00:00,4.32
2014-07-31T04:00:00,4.3
2014-08-01T04:00:00,4.3
2014-08-02T04:00:00,4.28
2014-08-03T04:00:00,4.27
2014-08-04T04:00:00,4.28
2014-08-05T04:00:00,4.22
2014-08-06T04:00:00,4.26
2014-08-07T04:00:00,4.25
2014-08-08T04:00:00,4.18
2014-08-09T04:00:00,4.17
2014-08-10T04:00:00,4.17
2014-08-11T04:00:00,4.2
2014-08-12T04:00:00,4.16
2014-08-13T04:00:00,4.15
2014-08-14T04:00:00,4.12
2014-08-15T04:00:00,4.15
2014-08-16T04:00:00,4.16
2014-08-17T04:00:00,4.1
2014-08-18T04:00:00,4.1
2014-08-19T04:00:00,4.12
2014-08-20T04:00:00,4.07
2014-08-21T04:00:00,4.04
2014-08-22T04:00:00,4.04
2014-08-23T04:00:00,4.03
2014-08-24T04:00:00,4.01
2014-08-25T04:00:00,4.02
2014-08-26T04:00:00,3.98
2014-08-27T04:00:00,3.85
2014-08-28T04:00:00,3.78
2014-08-29T04:00:00,3.82
2014-08-30T04:00:00,3.8
2014-08-31T04:00:00,3.8
2014-09-01T04:00:00,3.77
2014-09-02T04:00:00,3.76
2014-09-03T04:00:00,3.74
2014-09-04T04:00:00,3.72
2014-09-05T04:00:00,3.7
2014-09-06T04:00:00,3.67
2014-09-07T04:00:00,3.6
2014-09-08T04:00:00,3.58
2014-09-09T04:00:00,3.56
2014-09-10T04:00:00,3.52
2014-09-11T04:00:00,3.5
2014-09-12T04:00:00,3.5
2014-09-13T04:00:00,3.48
2014-09-14T04:00:00,3.47
2014-09-15T04:00:00,3.45
2014-09-16T04:00:00,3.47
2014-09-17T04:00:00,3.46
2014-09-18T04:00:00,3.44
2014-09-19T04:00:00,3.41
2014-09-20T04:00:00,3.38
2014-09-21T04:00:00,3.31
2014-09-22T04:00:00,3.29
2014-09-23T04:00:00,3.3
2014-09-24T04:00:00,3.2
2014-09-25T04:00:00,3.2
2014-09-26T04:00:00,3.15
2014-09-27T04:00:00,3.1
2014-09-28T04:00:00,3.12
2014-09-29T04:00:00,3.07
2014-09-30T04:00:00,3.06
2014-10-01T04:00:00,3.04
2014-10-02T04:00:00,3.05
2014-10-03T04:00:00,3.11
2014-10-04T04:00:00,3.13
2014-10-05T04:00:00,3.14
2014-10-06T04:00:00,3.1
2014-10-07T04:00:00,3.05
2014-10-08T04:00:00,3.05
2014-10-09T04:00:00,3.1
2014-10-10T04:00:00,3.12
2014-10-11T04:00:00,3.14
2014-10-12T04:00:00,3.2
2014-10-13T04:00:00,3.24
2014-10-14T04:00:00,3.25
2014-10-15T04:00:00,3.38
2014-10-16T04:00:00,3.3
2014-10-17T04:00:00,3.32
2014-10-18T04:00:00,3.33
2014-10-19T04:00:00,3.36
2014-10-20T04:00:00,3.38
2014-10-21T04:00:00,3.4
2014-10-22T04:00:00,3.39
2014-10-23T04:00:00,3.36
2014-10-24T04:00:00,3.36
2014-10-25T04:00:00,3.37
2014-10-26T04:00:00,3.38
2014-10-27T04:00:00,3.37
2014-10-28T04:00:00,3.37
2014-10-29T04:00:00,3.36
2014-10-30T04:00:00,3.45
2014-10-31T04:00:00,3.41
2014-11-01T04:00:00,3.39
2014-11-02T04:00:00,3.46
2014-11-03T04:00:00,3.55
2014-11-04T04:00:00,3.57
2014-11-05T04:00:00,3.56
2014-11-06T04:00:00,3.53
2014-11-07T04:00:00,3.49
2014-11-08T04:00:00,3.4
2014-11-09T04:00:00,3.3
2014-11-10T04:00:00,3.31
2014-11-11T04:00:00,3.26
2014-11-12T04:00:00,3.24
2014-11-13T04:00:00,3.16
2014-11-14T04:00:00,3.17
2014-11-15T04:00:00,3.12
2014-11-16T04:00:00,3.04
2014-11-17T04:00:00,3.02
2014-11-18T04:00:00,3.04
2014-11-19T04:00:00,3
2014-11-20T04:00:00,2.93
2014-11-21T04:00:00,2.9
2014-11-22T04:00:00,2.91
2014-11-23T04:00:00,2.9
2014-11-24T04:00:00,2.86
2014-11-25T04:00:00,2.81
2014-11-26T04:00:00,2.82
2014-11-27T04:00:00,2.84
2014-11-28T04:00:00,2.8
2014-11-29T04:00:00,2.77
2014-11-30T04:00:00,2.8
2014-12-01T04:00:00,2.76
2014-12-02T04:00:00,2.95
2014-12-03T04:00:00,2.95
2014-12-04T04:00:00,2.87
2014-12-05T04:00:00,2.85
2014-12-06T04:00:00,2.87
2014-12-07T04:00:00,2.84
2014-12-08T04:00:00,2.8
2014-12-09T04:00:00,2.82
2014-12-10T04:00:00,2.82
2014-12-11T04:00:00,2.88
2014-12-12T04:00:00,2.98
2014-12-13T04:00:00,3
2014-12-14T04:00:00,2.97
2014-12-15T04:00:00,2.98
2014-12-16T04:00:00,2.97
2014-12-17T04:00:00,2.88
2014-12-18T04:00:00,2.82
2014-12-19T04:00:00,2.78
2014-12-20T04:00:00,2.76
2014-12-21T04:00:00,2.76
2014-12-22T04:00:00,2.84
2014-12-23T04:00:00,2.89
2014-12-24T04:00:00,2.9
2014-12-25T04:00:00,2.88
2014-12-26T04:00:00,2.79
2014-12-27T04:00:00,2.75
2014-12-28T04:00:00,2.82
2014-12-29T04:00:00,2.88
2014-12-30T04:00:00,2.91
2014-12-31T04:00:00,2.88
2015-01-01T04:00:00,2.92
2015-01-02T04:00:00,2.88
2015-01-03T04:00:00,2.92
2015-01-04T04:00:00,3.02
2015-01-05T04:00:00,3.02
2015-01-06T04:00:00,3.05
2015-01-07T04:00:00,3.02
2015-01-08T04:00:00,3.13
2015-01-09T04:00:00,3.16
2015-01-10T04:00:00,3.18
2015-01-11T04:00:00,3.2
2015-01-12T04:00:00,3.24
2015-01-13T04:00:00,3.28
2015-01-14T04:00:00,3.5
2015-01-15T04:00:00,3.56
2015-01-16T04:00:00,3.6
2015-01-17T04:00:00,3.58
2015-01-18T04:00:00,3.53
2015-01-19T04:00:00,3.62
2015-01-20T04:00:00,3.63
2015-01-21T04:00:00,3.62
2015-01-22T04:00:00,3.7
2015-01-23T04:00:00,3.68
2015-01-24T04:00:00,3.68
2015-01-25T04:00:00,3.66
2015-01-26T04:00:00,3.63
2015-01-27T04:00:00,3.64
2015-01-28T04:00:00,3.64
2015-01-29T04:00:00,3.68
2015-01-30T04:00:00,3.68
2015-01-31T04:00:00,3.68
2015-02-01T04:00:00,3.67
2015-02-02T04:00:00,3.66
2015-02-03T04:00:00,3.62
2015-02-04T04:00:00,3.62
2015-02-05T04:00:00,3.6
2015-02-06T04:00:00,3.57
2015-02-07T04:00:00,3.55
2015-02-08T04:00:00,3.52
2015-02-09T04:00:00,3.5
2015-02-10T04:00:00,3.48
2015-02-11T04:00:00,3.46
2015-02-12T04:00:00,3.45
2015-02-13T04:00:00,3.42
2015-02-14T04:00:00,3.4
2015-02-15T04:00:00,3.41
2015-02-16T04:00:00,3.4
2015-02-17T04:00:00,3.38
2015-02-18T04:00:00,3.32
2015-02-19T04:00:00,3.26
2015-02-20T04:00:00,3.22
2015-02-21T04:00:00,3.26
2015-02-22T04:00:00,3.25
2015-02-23T04:00:00,3.2
2015-02-24T04:00:00,3.14
2015-02-25T04:00:00,3.1
2015-02-26T04:00:00,3.1
2015-02-27T04:00:00,3.17
2015-02-28T04:00:00,3.2
2015-03-01T04:00:00,3.2
2015-03-02T04:00:00,3.2
2015-03-03T04:00:00,3.18
2015-03-04T04:00:00,3.22
2015-03-05T04:00:00,3.34
2015-03-06T04:00:00,3.36
2015-03-07T04:00:00,3
2015-03-08T04:00:00,3.38
2015-03-09T04:00:00,3.36
2015-03-10T04:00:00,3.36
2015-03-11T04:00:00,3.37
2015-03-12T04:00:00,3.38
2015-03-13T04:00:00,3.38
2015-03-14T04:00:00,3.37
2015-03-15T04:00:00,3.35
2015-03-16T04:00:00,3.36
2015-03-17T04:00:00,3.38
2015-03-18T04:00:00,3.35
2015-03-19T04:00:00,3.32
2015-03-20T04:00:00,3.3
2015-03-21T04:00:00,3.26
2015-03-22T04:00:00,3.24
2015-03-23T04:00:00,3.34
2015-03-24T04:00:00,3.3
2015-03-25T04:00:00,3.3
2015-03-26T04:00:00,3.26
2015-03-27T04:00:00,3.25
2015-03-28T04:00:00,3.24
2015-03-29T04:00:00,3.2
2015-03-30T04:00:00,3.14
2015-03-31T04:00:00,3.1
2015-04-01T04:00:00,3.06
2015-04-02T04:00:00,3.06
2015-04-03T04:00:00,3.01
2015-04-04T04:00:00,2.96
2015-04-05T04:00:00,2.98
2015-04-06T04:00:00,3
2015-04-07T04:00:00,3.05
2015-04-08T04:00:00,2.98
2015-04-09T04:00:00,2.9
2015-04-10T04:00:00,2.8
2015-04-11T04:00:00,2.7
2015-04-12T04:00:00,2.7
2015-04-13T04:00:00,2.72
2015-04-14T04:00:00,2.6
2015-04-15T04:00:00,2.5
2015-04-16T04:00:00,2.48
2015-04-17T04:00:00,2.59
2015-04-18T04:00:00,2.56
2015-04-19T04:00:00,2.4
2015-04-20T04:00:00,2.44
2015-04-21T04:00:00,2.32
2015-04-22T04:00:00,2.39
2015-04-23T04:00:00,2.35
2015-04-24T04:00:00,2.3
2015-04-25T04:00:00,2.24
2015-04-26T04:00:00,2.22
2015-04-27T04:00:00,2.2
2015-04-28T04:00:00,2.2
2015-04-29T04:00:00,2.37
2015-04-30T04:00:00,2.42
2015-05-01T04:00:00,2.26
2015-05-02T04:00:00,2.22
2015-05-03T04:00:00,2.42
2015-05-04T04:00:00,2.54
2015-05-05T04:00:00,2.7
2015-05-06T04:00:00,2.7
2015-05-07T04:00:00,2.64
2015-05-08T04:00:00,2.66
2015-05-09T04:00:00,2.54
2015-05-10T04:00:00,2.43
2015-05-11T04:00:00,2.44
2015-05-12T04:00:00,2.4
2015-05-13T04:00:00,2.4
2015-05-14T04:00:00,2.4
2015-05-15T04:00:00,2.34
2015-05-16T04:00:00,2.32
2015-05-17T04:00:00,2.34
2015-05-18T04:00:00,2.36
2015-05-19T04:00:00,2.36
2015-05-20T04:00:00,2.39
2015-05-21T04:00:00,2.39
2015-05-22T04:00:00,2.38
2015-05-23T04:00:00,2.34
2015-05-24T04:00:00,2.36
2015-05-25T04:00:00,2.43
2015-05-26T04:00:00,2.49
2015-05-27T04:00:00,2.5
2015-05-28T04:00:00,2.44
2015-05-29T04:00:00,2.48
2015-05-30T04:00:00,2.42
2015-05-31T04:00:00,2.38
2015-06-01T04:00:00,2.39
2015-06-02T04:00:00,2.43
2015-06-03T04:00:00,2.42
2015-06-04T04:00:00,2.4
2015-06-05T04:00:00,2.46
2015-06-06T04:00:00,2.52
2015-06-07T04:00:00,2.52
2015-06-08T04:00:00,2.54
2015-06-09T04:00:00,2.56
2015-06-10T04:00:00,2.63
2015-06-11T04:00:00,2.64
2015-06-12T04:00:00,2.64
2015-06-13T04:00:00,2.66
2015-06-14T04:00:00,2.62
2015-06-15T04:00:00,2.6
2015-06-16T04:00:00,2.56
2015-06-17T04:00:00,2.58
2015-06-18T04:00:00,2.56
2015-06-19T04:00:00,2.74
2015-06-20T04:00:00,2.74
2015-06-21T04:00:00,2.74
2015-06-22T04:00:00,2.6
2015-06-23T04:00:00,2.62
2015-06-24T04:00:00,2.74
2015-06-25T04:00:00,2.78
2015-06-26T04:00:00,2.72
2015-06-27T04:00:00,2.66
2015-06-28T04:00:00,2.7
2015-06-29T04:00:00,2.65
2015-06-30T04:00:00,2.74
2015-07-01T04:00:00,2.78
2015-07-02T04:00:00,2.9
2015-07-03T04:00:00,2.94
2015-07-04T04:00:00,2.86
2015-07-05T04:00:00,2.92
2015-07-06T04:00:00,2.93
2015-07-07T04:00:00,2.84
2015-07-08T04:00:00,2.82
2015-07-09T04:00:00,2.89
2015-07-10T04:00:00,2.87
2015-07-11T04:00:00,2.87
2015-07-12T04:00:00,2.9
2015-07-13T04:00:00,2.94
2015-07-14T04:00:00,2.9
2015-07-15T04:00:00,2.92
2015-07-16T04:00:00,2.92
2015-07-17T04:00:00,2.93
2015-07-18T04:00:00,2.92
2015-07-19T04:00:00,2.95
2015-07-20T04:00:00,2.94
2015-07-21T04:00:00,2.98
2015-07-22T04:00:00,3.09
2015-07-23T04:00:00,3.09
2015-07-24T04:00:00,3.06
2015-07-25T04:00:00,3.1
2015-07-26T04:00:00,3.12
2015-07-27T04:00:00,3.12
2015-07-28T04:00:00,3.16
2015-07-29T04:00:00,3.18
2015-07-30T04:00:00,3.18
2015-07-31T04:00:00,3.28
2015-08-01T04:00:00,3.32
2015-08-02T04:00:00,3.33
2015-08-03T04:00:00,3.36
2015-08-04T04:00:00,3.38
2015-08-05T04:00:00,3.43
2015-08-06T04:00:00,3.44
2015-08-07T04:00:00,3.46
2015-08-08T04:00:00,3.46
2015-08-09T04:00:00,3.5
2015-08-10T04:00:00,3.58
2015-08-11T04:00:00,3.78
2015-08-12T04:00:00,3.88
2015-08-13T04:00:00,3.85
2015-08-14T04:00:00,3.8
2015-08-15T04:00:00,3.8
2015-08-16T04:00:00,3.8
2015-08-17T04:00:00,3.82
2015-08-18T04:00:00,3.82
2015-08-19T04:00:00,3.8
2015-08-20T04:00:00,3.82
2015-08-21T04:00:00,3.84
2015-08-22T04:00:00,3.86
2015-08-23T04:00:00,3.82
2015-08-24T04:00:00,3.8
2015-08-25T04:00:00,3.83
2015-08-26T04:00:00,3.87
2015-08-27T04:00:00,3.82
2015-08-28T04:00:00,3.8
2015-08-29T04:00:00,3.8
2015-08-30T04:00:00,3.8
2015-08-31T04:00:00,3.78
2015-09-01T04:00:00,3.74
2015-09-02T04:00:00,3.76
2015-09-03T04:00:00,3.77
2015-09-04T04:00:00,3.7
2015-09-05T04:00:00,3.69
2015-09-06T04:00:00,3.66
2015-09-07T04:00:00,3.63
2015-09-08T04:00:00,3.58
2015-09-09T04:00:00,3.53
2015-09-10T04:00:00,3.52
2015-09-11T04:00:00,3.41
2015-09-12T04:00:00,3.38
2015-09-13T04:00:00,3.34
2015-09-14T04:00:00,3.3
2015-09-15T04:00:00,3.26
2015-09-16T04:00:00,3.15
2015-09-17T04:00:00,3.13
2015-09-18T04:00:00,3.09
2015-09-19T04:00:00,3.02
2015-09-20T04:00:00,2.97
2015-09-21T04:00:00,2.92
2015-09-22T04:00:00,2.88
2015-09-23T04:00:00,2.84
2015-09-24T04:00:00,2.88
2015-09-25T04:00:00,2.82
2015-09-26T04:00:00,2.8
2015-09-27T04:00:00,2.77
2015-09-28T04:00:00,2.68
2015-09-29T04:00:00,2.6
2015-09-30T04:00:00,2.48
2015-10-01T04:00:00,2.6
2015-10-02T04:00:00,2.58
2015-10-03T04:00:00,2.55
2015-10-04T04:00:00,2.6
2015-10-05T04:00:00,2.65
2015-10-06T04:00:00,2.56
2015-10-07T04:00:00,2.46
2015-10-08T04:00:00,2.47
2015-10-09T04:00:00,2.5
2015-10-10T04:00:00,2.55
2015-10-11T04:00:00,2.55
2015-10-12T04:00:00,2.5
2015-10-13T04:00:00,2.45
2015-10-14T04:00:00,2.37
2015-10-15T04:00:00,2.33
2015-10-16T04:00:00,2.21
2015-10-17T04:00:00,2.35
2015-10-18T04:00:00,2.49
2015-10-19T04:00:00,2.5
2015-10-20T04:00:00,2.45
2015-10-21T04:00:00,2.4
2015-10-22T04:00:00,2.44
2015-10-23T04:00:00,2.48
2015-10-24T04:00:00,2.5
2015-10-25T04:00:00,2.59
2015-10-26T04:00:00,2.65
2015-10-27T04:00:00,2.6
2015-10-28T04:00:00,2.58
2015-10-29T04:00:00,2.58
2015-10-30T04:00:00,2.65
2015-10-31T04:00:00,2.7
2015-11-01T04:00:00,2.84
2015-11-02T04:00:00,2.84
2015-11-03T04:00:00,2.84
2015-11-04T04:00:00,2.82
2015-11-05T04:00:00,2.88
2015-11-06T04:00:00,2.84
2015-11-07T04:00:00,2.84
2015-11-08T04:00:00,2.83
2015-11-09T04:00:00,2.78
2015-11-10T04:00:00,2.76
2015-11-11T04:00:00,2.73
2015-11-12T04:00:00,2.78
2015-11-13T04:00:00,2.82
2015-11-14T04:00:00,2.85
2015-11-15T04:00:00,2.9
2015-11-16T04:00:00,2.9
2015-11-17T04:00:00,2.88
2015-11-18T04:00:00,2.9
2015-11-19T04:00:00,2.88
2015-11-20T04:00:00,2.98
2015-11-21T04:00:00,3.02
2015-11-22T04:00:00,3.08
2015-11-23T04:00:00,3.09
2015-11-24T04:00:00,3.12
2015-11-25T04:00:00,3.13
2015-11-26T04:00:00,3.18
2015-11-27T04:00:00,3.19
2015-11-28T04:00:00,3.23
2015-11-29T04:00:00,3.27
2015-11-30T04:00:00,3.33
2015-12-01T04:00:00,3.34
2015-12-02T04:00:00,3.34
2015-12-03T04:00:00,3.33
2015-12-04T04:00:00,3.37
2015-12-05T04:00:00,3.33
2015-12-06T04:00:00,3.35
2015-12-07T04:00:00,3.4
2015-12-08T04:00:00,3.49
2015-12-09T04:00:00,3.44
2015-12-10T04:00:00,3.42
2015-12-11T04:00:00,3.43
2015-12-12T04:00:00,3.46
2015-12-13T04:00:00,3.48
2015-12-14T04:00:00,3.54
2015-12-15T04:00:00,3.54
2015-12-16T04:00:00,3.6
2015-12-17T04:00:00,3.63
2015-12-18T04:00:00,3.65
2015-12-19T04:00:00,3.62
2015-12-20T04:00:00,3.67
2015-12-21T04:00:00,3.72
2015-12-22T04:00:00,3.76
2015-12-23T04:00:00,3.78
2015-12-24T04:00:00,3.86
2015-12-25T04:00:00,3.9
2015-12-26T04:00:00,3.95
2015-12-27T04:00:00,3.98
2015-12-28T04:00:00,4.03
2015-12-29T04:00:00,4.12
2015-12-30T04:00:00,4.17
2015-12-31T04:00:00,4.22
2016-01-01T04:00:00,4.26
2016-01-02T04:00:00,4.3
2016-01-03T04:00:00,4.34
2016-01-04T06:00:00,4.44
2016-01-04T12:00:00,4.46
2016-01-04T18:00:00,4.46
2016-01-05T00:00:00,4.48
2016-01-05T06:00:00,4.49
2016-01-05T12:00:00,4.49
2016-01-05T15:00:00,4.51
2016-01-05T18:00:00,4.53
2016-01-05T21:00:00,4.54
2016-01-06T00:00:00,4.55
2016-01-06T03:00:00,4.56
2016-01-06T06:00:00,4.56
2016-01-06T09:00:00,4.58
2016-01-06T12:00:00,4.59
2016-01-06T15:00:00,4.6
2016-01-06T18:00:00,4.62
2016-01-06T21:00:00,4.63
2016-01-07T00:00:00,4.64
2016-01-07T03:00:00,4.65
2016-01-07T06:00:00,4.68
2016-01-07T09:00:00,4.68
2016-01-07T12:00:00,4.7
2016-01-07T15:00:00,4.7
2016-01-07T18:00:00,4.71
2016-01-07T21:00:00,4.72
2016-01-08T00:00:00,4.75
2016-01-08T03:00:00,4.76
2016-01-08T06:00:00,4.78
2016-01-08T09:00:00,4.78
2016-01-08T12:00:00,4.8
2016-01-08T15:00:00,4.82
2016-01-08T18:00:00,4.88
2016-01-08T21:00:00,4.88
2016-01-09T00:00:00,4.88
2016-01-09T03:00:00,4.88
2016-01-09T06:00:00,4.9
2016-01-09T09:00:00,4.91
2016-01-09T12:00:00,4.92
2016-01-09T15:00:00,4.93
2016-01-09T18:00:00,4.94
2016-01-09T21:00:00,4.95
2016-01-10T00:00:00,4.96
2016-01-10T03:00:00,4.97
2016-01-10T06:00:00,5
2016-01-10T09:00:00,5.01
2016-01-10T12:00:00,5.02
2016-01-10T15:00:00,5.02
2016-01-10T18:00:00,5.03
2016-01-10T21:00:00,5.03
2016-01-11T00:00:00,5.03
2016-01-11T03:00:00,5.03
2016-01-11T06:00:00,5.04
2016-01-11T09:00:00,5.04
2016-01-11T12:00:00,5.06
2016-01-11T15:00:00,5.08
2016-01-11T18:00:00,5.09
2016-01-11T21:00:00,5.09
2016-01-12T00:00:00,5.09
2016-01-12T03:00:00,5.1
2016-01-12T06:00:00,5.1
2016-01-12T09:00:00,5.1
2016-01-12T12:00:00,5.1
2016-01-12T15:00:00,5.1
2016-01-12T18:00:00,5.11
2016-01-12T21:00:00,5.11
2016-01-13T00:00:00,5.11
2016-01-13T03:00:00,5.11
2016-01-13T06:00:00,5.1
2016-01-13T09:00:00,5.1
2016-01-13T12:00:00,5.1
2016-01-13T15:00:00,5.1
2016-01-13T18:00:00,5.12
2016-01-14T00:00:00,5.14
2016-01-14T03:00:00,5.15
2016-01-14T06:00:00,5.16
2016-01-14T09:00:00,5.16
2016-01-14T12:00:00,5.2
2016-01-14T15:00:00,5.2
2016-01-14T18:00:00,5.21
2016-01-14T21:00:00,5.21
2016-01-15T00:00:00,5.21
2016-01-15T03:00:00,5.21
2016-01-15T06:00:00,5.21
2016-01-15T09:00:00,5.2
2016-01-16T04:00:00,5.2
2016-01-17T04:00:00,5.22
2016-01-18T04:00:00,5.2
2016-01-19T04:00:00,5.2
2016-01-20T04:00:00,5.22
2016-01-21T09:00:00,5.29
2016-01-21T12:00:00,5.29
2016-01-21T15:00:00,5.29
2016-01-21T18:00:00,5.24
2016-01-21T21:00:00,5.22
2016-01-22T00:00:00,5.21
2016-01-22T03:00:00,5.21
2016-01-22T06:00:00,5.21
2016-01-22T09:00:00,5.21
2016-01-22T12:00:00,5.22
2016-01-22T15:00:00,5.22
2016-01-22T18:00:00,5.22
2016-01-22T21:00:00,5.22
2016-01-23T00:00:00,5.2
2016-01-24T04:00:00,5.2
2016-01-25T06:00:00,5.09
2016-01-25T09:00:00,5.09
2016-01-25T12:00:00,5.1
2016-01-25T15:00:00,5.1
2016-01-25T18:00:00,5.12
2016-01-25T21:00:00,5.12
2016-01-26T00:00:00,5.12
2016-01-26T03:00:00,5.12
2016-01-26T06:00:00,5.12
2016-01-26T09:00:00,5.12
2016-01-26T12:00:00,5.11
2016-01-26T15:00:00,5.11
2016-01-26T18:00:00,5.1
2016-01-26T21:00:00,5.1
2016-01-27T00:00:00,5.1
2016-01-27T03:00:00,5.1
2016-01-27T06:00:00,5.1
2016-01-27T09:00:00,5.1
2016-01-27T12:00:00,5.12
2016-01-27T15:00:00,5.15
2016-01-27T18:00:00,5.19
2016-01-27T21:00:00,5.2
2016-01-28T00:00:00,5.22
2016-01-28T03:00:00,5.23
2016-01-28T06:00:00,5.22
2016-01-28T09:00:00,5.22
2016-01-28T12:00:00,5.2
2016-01-28T15:00:00,5.19
2016-01-28T18:00:00,5.14
2016-01-28T21:00:00,5.14
2016-01-29T00:00:00,5.14
2016-01-29T03:00:00,5.14
2016-01-29T06:00:00,5.14
2016-01-29T09:00:00,5.14
2016-01-29T12:00:00,5.14
2016-01-29T15:00:00,5.14
2016-01-29T18:00:00,5.14
2016-01-29T21:00:00,5.14
2016-01-30T00:00:00,5.14
2016-01-30T03:00:00,5.14
2016-01-30T06:00:00,5.1
2016-01-30T09:00:00,5.1
2016-01-30T12:00:00,5.1
2016-01-30T15:00:00,5.1
2016-01-30T18:00:00,5.08
2016-01-30T21:00:00,5.08
2016-01-31T00:00:00,5.08
2016-01-31T03:00:00,5.08
2016-01-31T06:00:00,5.08
2016-01-31T09:00:00,5.08
2016-01-31T12:00:00,5.08
2016-01-31T15:00:00,3.08
2016-01-31T18:00:00,5.09
2016-01-31T21:00:00,5.09
2016-02-01T00:00:00,5.09
2016-02-01T03:00:00,5.09
2016-02-01T06:00:00,5.08
2016-02-01T09:00:00,5.08
2016-02-01T12:00:00,5.1
2016-02-01T15:00:00,5.1
2016-02-01T18:00:00,5.1
2016-02-01T21:00:00,5.1
2016-02-02T00:00:00,5.12
2016-02-02T03:00:00,5.12
2016-02-02T06:00:00,5.12
2016-02-02T09:00:00,5.12
2016-02-02T12:00:00,5.1
2016-02-02T15:00:00,5.1
2016-02-02T18:00:00,5.1
2016-02-02T21:00:00,5.1
2016-02-03T00:00:00,5.1
2016-02-03T03:00:00,5.1
2016-02-03T06:00:00,5.1
2016-02-03T09:00:00,5.11
2016-02-03T12:00:00,5.12
2016-02-03T15:00:00,5.12
2016-02-03T18:00:00,5.12
2016-02-03T21:00:00,5.12
2016-02-04T00:00:00,5.1
2016-02-04T03:00:00,5.1
2016-02-04T06:00:00,5.08
2016-02-04T09:00:00,5.08
2016-02-04T12:00:00,5.08
2016-02-04T15:00:00,5.08
2016-02-04T18:00:00,5.08
2016-02-04T21:00:00,5.08
2016-02-05T00:00:00,5.08
2016-02-05T03:00:00,5.08
2016-02-05T06:00:00,5.1
2016-02-05T09:00:00,5.1
2016-02-05T12:00:00,5.1
2016-02-05T15:00:00,5.1
2016-02-05T18:00:00,5.08
2016-02-05T21:00:00,5.08
2016-02-06T00:00:00,5.06
2016-02-06T03:00:00,5.06
2016-02-06T06:00:00,5.06
2016-02-06T09:00:00,5.06
2016-02-06T12:00:00,5.08
2016-02-06T15:00:00,5.08
2016-02-06T18:00:00,5.08
2016-02-07T00:00:00,5.06
2016-02-07T03:00:00,5.06
2016-02-07T06:00:00,5.05
2016-02-07T09:00:00,5.06
2016-02-07T12:00:00,5.1
2016-02-07T15:00:00,5.1
2016-02-07T18:00:00,5.1
2016-02-07T21:00:00,5.1
2016-02-08T00:00:00,5.1
2016-02-08T03:00:00,5.1
2016-02-08T06:00:00,5.1
2016-02-08T09:00:00,5.18
2016-02-08T12:00:00,5.2
2016-02-08T15:00:00,5.2
2016-02-08T18:00:00,5.21
2016-02-08T21:00:00,5.21
2016-02-09T00:00:00,5.17
2016-02-09T03:00:00,5.15
2016-02-09T06:00:00,5.15
2016-02-09T09:00:00,5.1
2016-02-09T12:00:00,5.08
2016-02-09T15:00:00,5.08
2016-02-09T18:00:00,5.08
2016-02-09T21:00:00,5.08
2016-02-10T00:00:00,5.08
2016-02-10T03:00:00,5.08
2016-02-10T06:00:00,5.08
2016-02-10T09:00:00,5.09
2016-02-10T12:00:00,5.09
2016-02-10T15:00:00,5.09
2016-02-10T18:00:00,5.1
2016-02-10T21:00:00,5.1
2016-02-11T00:00:00,5.12
2016-02-11T03:00:00,5.12
2016-02-11T06:00:00,5.16
2016-02-11T09:00:00,5.16
2016-02-11T12:00:00,5.15
2016-02-11T15:00:00,5.15
2016-02-11T18:00:00,5.15
2016-02-11T21:00:00,5.14
2016-02-12T00:00:00,5.1
2016-02-12T03:00:00,5.1
2016-02-12T06:00:00,5.1
2016-02-12T09:00:00,5.1
2016-02-12T12:00:00,5.1
2016-02-12T15:00:00,5.1
2016-02-12T18:00:00,5.1
2016-02-12T21:00:00,5.1
2016-02-13T00:00:00,5.08
2016-02-13T06:00:00,5.08
2016-02-14T04:00:00,5.04
2016-02-15T15:00:00,5.05
2016-02-15T18:00:00,5.05
2016-02-15T21:00:00,5.05
2016-02-16T00:00:00,5.04
2016-02-16T03:00:00,5.04
2016-02-16T06:00:00,5.04
2016-02-16T09:00:00,5.08
2016-02-16T12:00:00,5.08
2016-02-16T15:00:00,5.08
2016-02-16T18:00:00,5.05
2016-02-16T21:00:00,5.03
2016-02-17T00:00:00,5.05
2016-02-17T03:00:00,5.05
2016-02-17T06:00:00,5.05
2016-02-17T09:00:00,5.06
2016-02-17T12:00:00,5.06
2016-02-17T15:00:00,5.06
2016-02-17T18:00:00,5.04
2016-02-17T21:00:00,5.04
2016-02-18T00:00:00,5.02
2016-02-18T03:00:00,5
2016-02-18T06:00:00,5
2016-02-18T09:00:00,5.02
2016-02-18T12:00:00,5.04
2016-02-18T15:00:00,5.04
2016-02-18T18:00:00,5.04
2016-02-18T21:00:00,5.04
2016-02-19T00:00:00,5.04
2016-02-19T03:00:00,5.04
2016-02-19T06:00:00,5.04
2016-02-19T09:00:00,5.04
2016-02-19T12:00:00,5.1
2016-02-19T15:00:00,5.2
2016-02-19T18:00:00,5.28
2016-02-19T21:00:00,5.28
2016-02-20T00:00:00,5.16
2016-02-20T03:00:00,5.16
2016-02-20T06:00:00,5.16
2016-02-20T09:00:00,5.15
2016-02-20T12:00:00,5.13
2016-02-20T15:00:00,5.13
2016-02-20T18:00:00,5.13
2016-02-20T21:00:00,5.13
2016-02-21T00:00:00,5.11
2016-02-21T03:00:00,5.11
2016-02-21T06:00:00,5.11
2016-02-21T09:00:00,5.11
2016-02-21T12:00:00,5.14
2016-02-21T15:00:00,5.14
2016-02-21T18:00:00,5.12
2016-02-21T21:00:00,5.11
2016-02-22T00:00:00,5.1
2016-02-22T03:00:00,5.1
2016-02-22T06:00:00,4.1
2016-02-22T09:00:00,5.1
2016-02-22T12:00:00,5.13
2016-02-22T15:00:00,5.13
2016-02-22T18:00:00,5.12
2016-02-22T21:00:00,5.12
2016-02-23T00:00:00,5.12
2016-02-23T03:00:00,5.12
2016-02-23T06:00:00,5.12
2016-02-23T09:00:00,5.08
2016-02-23T12:00:00,5.06
2016-02-23T15:00:00,5.06
2016-02-23T18:00:00,5.04
2016-02-23T21:00:00,5.04
2016-02-24T00:00:00,5.04
2016-02-24T03:00:00,5.04
2016-02-24T06:00:00,5.02
2016-02-24T09:00:00,5.02
2016-02-24T12:00:00,4.99
2016-02-24T15:00:00,4.99
2016-02-24T18:00:00,4.98
2016-02-24T21:00:00,4.98
2016-02-25T00:00:00,4.95
2016-02-25T03:00:00,4.95
2016-02-25T06:00:00,4.93
2016-02-25T09:00:00,4.94
2016-02-25T12:00:00,4.92
2016-02-25T15:00:00,4.92
2016-02-25T18:00:00,4.91
2016-02-25T21:00:00,4.91
2016-02-26T00:00:00,4.9
2016-02-26T03:00:00,4.9
2016-02-26T06:00:00,4.9
2016-02-26T09:00:00,4.95
2016-02-26T12:00:00,4.98
2016-02-26T15:00:00,4.98
2016-02-26T18:00:00,4.96
2016-02-26T21:00:00,4.96
2016-02-27T00:00:00,4.96
2016-02-27T03:00:00,4.96
2016-02-27T06:00:00,4.94
2016-02-27T09:00:00,4.94
2016-02-27T12:00:00,4.96
2016-02-27T15:00:00,4.96
2016-02-27T18:00:00,4.94
2016-02-27T21:00:00,4.94
2016-02-28T00:00:00,4.98
2016-02-28T03:00:00,4.94
2016-02-28T06:00:00,4.98
2016-02-28T09:00:00,4.98
2016-02-28T12:00:00,4.93
2016-02-28T15:00:00,4.93
2016-02-28T18:00:00,4.93
2016-02-28T21:00:00,4.93
2016-02-29T00:00:00,4.9
2016-02-29T03:00:00,4.9
2016-02-29T06:00:00,4.9
2016-02-29T09:00:00,4.92
2016-02-29T12:00:00,4.92
2016-02-29T15:00:00,4.92
2016-02-29T18:00:00,4.9
2016-02-29T21:00:00,4.9
2016-03-01T00:00:00,4.9
2016-03-01T03:00:00,4.9
2016-03-01T06:00:00,4.94
2016-03-01T09:00:00,4.97
2016-03-01T12:00:00,4.97
2016-03-01T15:00:00,4.97
2016-03-01T18:00:00,4.97
2016-03-01T21:00:00,4.97
2016-03-02T00:00:00,4.99
2016-03-02T03:00:00,4.99
2016-03-02T06:00:00,4.99
2016-03-02T09:00:00,4.99
2016-03-02T12:00:00,4.99
2016-03-02T15:00:00,4.99
2016-03-02T18:00:00,4.99
2016-03-02T21:00:00,4.99
2016-03-03T00:00:00,4.94
2016-03-03T03:00:00,4.94
2016-03-03T06:00:00,4.94
2016-03-03T09:00:00,4.94
2016-03-03T12:00:00,4.9
2016-03-03T15:00:00,4.9
2016-03-03T18:00:00,4.87
2016-03-03T21:00:00,4.87
2016-03-04T00:00:00,4.85
2016-03-04T03:00:00,4.85
2016-03-04T06:00:00,4.83
2016-03-04T09:00:00,4.83
2016-03-04T12:00:00,4.8
2016-03-04T15:00:00,4.8
2016-03-04T18:00:00,4.8
2016-03-04T21:00:00,4.8
2016-03-05T00:00:00,4.8
2016-03-05T03:00:00,4.8
2016-03-05T06:00:00,4.76
2016-03-05T09:00:00,4.76
2016-03-05T12:00:00,4.72
2016-03-05T15:00:00,4.72
2016-03-05T18:00:00,4.7
2016-03-05T21:00:00,4.7
2016-03-06T00:00:00,4.68
2016-03-06T03:00:00,4.68
2016-03-06T06:00:00,4.68
2016-03-06T09:00:00,4.68
2016-03-06T12:00:00,4.68
2016-03-06T15:00:00,4.68
2016-03-06T18:00:00,4.68
2016-03-06T21:00:00,4.7
2016-03-07T00:00:00,4.7
2016-03-07T03:00:00,4.7
2016-03-07T06:00:00,4.7
2016-03-07T09:00:00,4.68
2016-03-07T12:00:00,4.69
2016-03-07T15:00:00,4.69
2016-03-07T18:00:00,4.68
2016-03-07T21:00:00,4.68
2016-03-08T00:00:00,4.65
2016-03-08T03:00:00,4.65
2016-03-08T06:00:00,4.68
2016-03-08T09:00:00,4.64
2016-03-08T12:00:00,4.64
2016-03-08T15:00:00,4.64
2016-03-08T18:00:00,4.62
2016-03-09T09:00:00,4.59
2016-03-09T12:00:00,4.57
2016-03-09T15:00:00,4.57
2016-03-09T18:00:00,4.55
2016-03-09T21:00:00,4.55
2016-03-10T00:00:00,4.55
2016-03-10T03:00:00,4.55
2016-03-10T06:00:00,4.53
2016-03-10T09:00:00,4.53
2016-03-10T12:00:00,4.51
2016-03-10T15:00:00,4.51
2016-03-10T18:00:00,4.51
2016-03-10T21:00:00,4.51
2016-03-11T00:00:00,4.51
2016-03-11T03:00:00,4.51
2016-03-11T06:00:00,4.51
2016-03-11T09:00:00,4.51
2016-03-11T12:00:00,4.51
2016-03-11T15:00:00,4.51
2016-03-11T18:00:00,4.51
2016-03-11T21:00:00,4.51
2016-03-12T00:00:00,4.51
2016-03-12T03:00:00,4.51
2016-03-12T06:00:00,4.51
2016-03-12T09:00:00,4.5
2016-03-12T15:00:00,4.5
2016-03-12T18:00:00,4.5
2016-03-12T21:00:00,4.5
2016-03-13T00:00:00,4.5
2016-03-13T03:00:00,4.5
2016-03-13T06:00:00,4.5
2016-03-13T09:00:00,4.5
2016-03-13T12:00:00,4.52
2016-03-13T15:00:00,4.52
2016-03-13T18:00:00,4.52
2016-03-13T21:00:00,4.52
2016-03-14T00:00:00,4.52
2016-03-14T03:00:00,4.52
2016-03-14T06:00:00,4.52
2016-03-14T09:00:00,4.52
2016-03-14T12:00:00,4.51
2016-03-14T15:00:00,4.51
2016-03-14T18:00:00,4.51
2016-03-14T21:00:00,4.51
2016-03-15T00:00:00,4.5
2016-03-15T03:00:00,4.5
2016-03-15T06:00:00,4.5
2016-03-15T09:00:00,4.5
2016-03-15T12:00:00,4.5
2016-03-15T15:00:00,4.5
2016-03-15T18:00:00,4.5
2016-03-15T21:00:00,4.48
2016-03-16T00:00:00,4.45
2016-03-16T06:00:00,4.42
2016-03-16T12:00:00,4.4
2016-03-16T18:00:00,4.4
2016-03-17T00:00:00,4.4
2016-03-17T06:00:00,4.4
2016-03-17T12:00:00,4.4
2016-03-17T18:00:00,4.38
2016-03-18T00:00:00,4.38
2016-03-18T06:00:00,4.38
2016-03-18T12:00:00,4.34
2016-03-19T04:00:00,4.32
2016-03-20T04:00:00,4.25
2016-03-21T12:00:00,4.33
2016-03-21T18:00:00,4.33
2016-03-22T00:00:00,4.35
2016-03-22T06:00:00,4.35
2016-03-22T12:00:00,4.34
2016-03-22T18:00:00,4.34
2016-03-23T00:00:00,4.33
2016-03-23T06:00:00,4.33
2016-03-23T12:00:00,4.35
2016-03-23T18:00:00,4.37
2016-03-24T00:00:00,4.35
2016-03-24T06:00:00,4.35
2016-03-24T12:00:00,4.34
2016-03-24T18:00:00,4.35
2016-03-25T00:00:00,4.35
2016-03-25T06:00:00,4.36
2016-03-25T12:00:00,4.36
2016-03-25T18:00:00,4.36
2016-03-26T00:00:00,4.36
2016-03-26T06:00:00,4.37
2016-03-26T12:00:00,4.37
2016-03-26T18:00:00,4.37
2016-03-27T00:00:00,4.37
2016-03-27T06:00:00,4.37
2016-03-27T12:00:00,4.38
2016-03-27T18:00:00,4.38
2016-03-28T00:00:00,4.38
2016-03-28T06:00:00,4.38
2016-03-28T12:00:00,4.39
2016-03-28T18:00:00,4.4
2016-03-29T00:00:00,4.4
2016-03-29T06:00:00,4.41
2016-03-29T12:00:00,4.43
2016-03-29T18:00:00,4.45
2016-03-30T00:00:00,4.45
2016-03-30T06:00:00,4.45
2016-03-30T12:00:00,4.45
2016-03-30T18:00:00,4.47
2016-03-31T00:00:00,4.47
2016-03-31T06:00:00,4.48
2016-03-31T12:00:00,4.48
2016-03-31T18:00:00,4.48
2016-04-01T00:00:00,4.48
2016-04-01T06:00:00,4.48
2016-04-01T12:00:00,4.48
2016-04-02T04:00:00,4.49
2016-04-03T04:00:00,4.49
2016-04-04T06:00:00,4.49
2016-04-05T06:00:00,4.6
2016-04-05T09:00:00,4.65
2016-04-05T12:00:00,4.63
2016-04-05T15:00:00,4.6
2016-04-05T18:00:00,4.63
2016-04-06T00:00:00,4.63
2016-04-06T03:00:00,4.63
2016-04-06T06:00:00,4.63
2016-04-06T09:00:00,4.65
2016-04-06T12:00:00,4.65
2016-04-06T15:00:00,4.65
2016-04-06T18:00:00,4.65
2016-04-06T21:00:00,4.65
2016-04-07T00:00:00,4.65
2016-04-07T03:00:00,4.65
2016-04-07T06:00:00,4.65
2016-04-07T12:00:00,4.69
2016-04-07T15:00:00,4.69
2016-04-07T18:00:00,4.71
2016-04-07T21:00:00,4.71
2016-04-08T00:00:00,4.71
2016-04-08T03:00:00,4.71
2016-04-08T06:00:00,4.71
2016-04-08T09:00:00,4.71
2016-04-08T12:00:00,4.78
2016-04-08T15:00:00,4.78
2016-04-08T18:00:00,4.78
2016-04-08T21:00:00,4.8
2016-04-09T00:00:00,4.8
2016-04-09T03:00:00,4.8
2016-04-09T06:00:00,4.8
2016-04-09T09:00:00,4.77
2016-04-09T12:00:00,4.76
2016-04-09T15:00:00,4.76
2016-04-09T18:00:00,4.76
2016-04-09T21:00:00,4.76
2016-04-10T00:00:00,4.76
2016-04-10T03:00:00,4.76
2016-04-10T06:00:00,4.76
2016-04-10T09:00:00,4.8
2016-04-10T12:00:00,4.8
2016-04-10T15:00:00,4.8
2016-04-10T18:00:00,4.8
2016-04-10T21:00:00,4.8
2016-04-11T00:00:00,4.8
2016-04-11T03:00:00,4.8
2016-04-11T06:00:00,4.8
2016-04-11T09:00:00,4.81
2016-04-11T12:00:00,4.81
2016-04-11T15:00:00,4.81
2016-04-11T18:00:00,4.88
2016-04-11T21:00:00,4.88
2016-04-12T00:00:00,4.88
2016-04-12T03:00:00,4.88
2016-04-12T06:00:00,4.93
2016-04-12T12:00:00,4.95
2016-04-12T15:00:00,4.95
2016-04-12T18:00:00,4.98
2016-04-12T21:00:00,4.98
2016-04-13T00:00:00,4.98
2016-04-13T03:00:00,4.98
2016-04-13T06:00:00,4.98
2016-04-13T09:00:00,4.98
2016-04-13T12:00:00,5.02
2016-04-13T15:00:00,5.02
2016-04-13T18:00:00,5.02
2016-04-13T21:00:00,5.02
2016-04-14T00:00:00,5.03
2016-04-14T03:00:00,5.03
2016-04-14T06:00:00,5.03
2016-04-14T09:00:00,5.03
2016-04-14T12:00:00,5.06
2016-04-14T15:00:00,5.06
2016-04-14T18:00:00,5.07
2016-04-14T21:00:00,5.07
2016-04-15T00:00:00,5.08
2016-04-15T03:00:00,5.08
2016-04-15T06:00:00,5.08
2016-04-15T12:00:00,5.1
2016-04-15T15:00:00,5.1
2016-04-15T18:00:00,5.09
2016-04-15T21:00:00,5.09
2016-04-16T00:00:00,5.09
2016-04-16T03:00:00,5.09
2016-04-16T06:00:00,5.09
2016-04-16T09:00:00,5.1
2016-04-16T12:00:00,5.1
2016-04-16T15:00:00,5.1
2016-04-16T18:00:00,5.07
2016-04-16T21:00:00,5.07
2016-04-17T00:00:00,5.07
2016-04-17T03:00:00,5.07
2016-04-17T06:00:00,5.07
2016-04-17T09:00:00,5.15
2016-04-17T12:00:00,5.15
2016-04-17T15:00:00,5.15
2016-04-17T18:00:00,5.12
2016-04-17T21:00:00,5.12
2016-04-18T00:00:00,5.12
2016-04-18T03:00:00,5.12
2016-04-18T06:00:00,5.12
2016-04-18T09:00:00,5.08
2016-04-18T12:00:00,5.1
2016-04-18T15:00:00,5.1
2016-04-18T18:00:00,5.1
2016-04-19T00:00:00,5.1
2016-04-19T03:00:00,5.1
2016-04-19T06:00:00,5.1
2016-04-19T09:00:00,5.13
2016-04-19T15:00:00,5.1
2016-04-19T18:00:00,5.06
2016-04-19T21:00:00,5.06
2016-04-20T00:00:00,5.03
2016-04-20T03:00:00,5.03
2016-04-20T06:00:00,5.03
2016-04-20T09:00:00,5.1
2016-04-20T12:00:00,5.14
2016-04-20T15:00:00,5.14
2016-04-20T18:00:00,5.16
2016-04-21T00:00:00,5.17
2016-04-21T03:00:00,5.17
2016-04-21T06:00:00,5.1
2016-04-21T09:00:00,5.1
2016-04-21T12:00:00,5.09
2016-04-21T15:00:00,5.09
2016-04-21T18:00:00,5.09
2016-04-21T21:00:00,5.09
2016-04-22T00:00:00,5.09
2016-04-22T06:00:00,5.09
2016-04-22T09:00:00,5.1
2016-04-22T12:00:00,5.1
2016-04-22T15:00:00,5.1
2016-04-22T18:00:00,5.1
2016-04-22T21:00:00,5.1
2016-04-23T00:00:00,5.1
2016-04-23T03:00:00,5.1
2016-04-23T06:00:00,5.1
2016-04-23T09:00:00,5.1
2016-04-23T12:00:00,5.1
2016-04-23T15:00:00,5.1
2016-04-23T18:00:00,5.1
2016-04-23T21:00:00,5.1
2016-04-24T00:00:00,5.1
2016-04-24T03:00:00,5.1
2016-04-24T06:00:00,5.1
2016-04-24T09:00:00,5.08
2016-04-24T12:00:00,5.08
2016-04-24T15:00:00,5.08
2016-04-24T18:00:00,5.03
2016-04-24T21:00:00,5.03
2016-04-25T00:00:00,5
2016-04-25T03:00:00,5
2016-04-25T06:00:00,4.98
2016-04-25T09:00:00,4.98
2016-04-25T12:00:00,4.94
2016-04-25T15:00:00,4.94
2016-04-25T18:00:00,4.89
2016-04-25T21:00:00,4.89
2016-04-26T00:00:00,4.89
2016-04-26T03:00:00,4.89
2016-04-26T06:00:00,4.89
2016-04-26T09:00:00,4.88
2016-04-26T12:00:00,4.88
2016-04-26T15:00:00,4.88
2016-04-26T21:00:00,4.88
2016-04-27T00:00:00,4.9
2016-04-27T03:00:00,4.9
2016-04-27T06:00:00,4.9
2016-04-27T09:00:00,4.9
2016-04-27T12:00:00,4.94
2016-04-27T15:00:00,4.94
2016-04-27T18:00:00,4.94
2016-04-27T21:00:00,4.94
2016-04-28T00:00:00,4.94
2016-04-28T03:00:00,4.94
2016-04-28T06:00:00,4.94
2016-04-28T09:00:00,4.94
2016-04-28T12:00:00,4.98
2016-04-28T15:00:00,4.98
2016-04-28T18:00:00,5
2016-04-28T21:00:00,5
2016-04-29T00:00:00,5.01
2016-04-29T03:00:00,5.01
2016-04-29T06:00:00,5.01
2016-04-29T09:00:00,5.02
2016-04-29T12:00:00,5.05
2016-04-29T15:00:00,5.05
2016-04-29T18:00:00,5.05
2016-04-29T21:00:00,5.05
2016-04-30T00:00:00,5.05
2016-04-30T03:00:00,5.05
2016-04-30T06:00:00,5.02
2016-04-30T09:00:00,5.02
2016-04-30T12:00:00,5.02
2016-04-30T15:00:00,5.02
2016-04-30T18:00:00,5
2016-04-30T21:00:00,5
2016-05-01T00:00:00,5
2016-05-01T03:00:00,5
2016-05-01T06:00:00,5
2016-05-01T09:00:00,5
2016-05-01T12:00:00,5.02
2016-05-01T15:00:00,5.02
2016-05-01T18:00:00,4.99
2016-05-01T21:00:00,4.99
2016-05-02T00:00:00,4.96
2016-05-02T03:00:00,4.96
2016-05-02T06:00:00,4.96
2016-05-02T09:00:00,4.96
2016-05-02T12:00:00,4.99
2016-05-02T15:00:00,4.99
2016-05-02T18:00:00,4.98
2016-05-02T21:00:00,4.98
2016-05-03T00:00:00,4.98
2016-05-03T03:00:00,4.98
2016-05-03T06:00:00,4.98
2016-05-03T09:00:00,4.98
2016-05-03T12:00:00,5
2016-05-03T15:00:00,5
2016-05-03T18:00:00,5
2016-05-03T21:00:00,5
2016-05-04T00:00:00,4.97
2016-05-04T03:00:00,4.97
2016-05-04T06:00:00,4.95
2016-05-04T09:00:00,4.95
2016-05-04T12:00:00,4.95
2016-05-04T15:00:00,4.95
2016-05-04T18:00:00,4.9
2016-05-04T21:00:00,4.9
2016-05-05T00:00:00,4.9
2016-05-05T03:00:00,4.9
2016-05-05T06:00:00,4.9
2016-05-05T09:00:00,4.9
2016-05-05T12:00:00,4.88
2016-05-05T18:00:00,4.88
2016-05-05T21:00:00,4.86
2016-05-06T00:00:00,4.85
2016-05-06T03:00:00,4.85
2016-05-06T06:00:00,4.85
2016-05-06T09:00:00,4.86
2016-05-06T12:00:00,4.87
2016-05-06T15:00:00,4.87
2016-05-06T18:00:00,4.87
2016-05-06T21:00:00,4.87
2016-05-07T00:00:00,4.87
2016-05-07T03:00:00,4.87
2016-05-07T06:00:00,4.87
2016-05-07T09:00:00,4.87
2016-05-07T12:00:00,4.87
2016-05-07T15:00:00,4.87
2016-05-07T18:00:00,4.83
2016-05-07T21:00:00,4.83
2016-05-08T00:00:00,4.83
2016-05-08T03:00:00,4.83
2016-05-08T06:00:00,4.83
2016-05-08T09:00:00,4.83
2016-05-08T12:00:00,4.83
2016-05-08T18:00:00,4.8
2016-05-09T00:00:00,4.8
2016-05-09T03:00:00,4.8
2016-05-09T06:00:00,4.77
2016-05-09T09:00:00,4.77
2016-05-09T12:00:00,4.75
2016-05-09T15:00:00,4.75
2016-05-09T18:00:00,4.75
2016-05-09T21:00:00,4.75
2016-05-10T00:00:00,4.73
2016-05-10T03:00:00,4.73
2016-05-10T06:00:00,4.7
2016-05-10T09:00:00,4.7
2016-05-10T12:00:00,4.7
2016-05-10T15:00:00,4.7
2016-05-10T18:00:00,4.68
2016-05-10T21:00:00,4.68
2016-05-11T00:00:00,4.68
2016-05-11T03:00:00,4.68
2016-05-11T06:00:00,4.68
2016-05-11T09:00:00,4.68
2016-05-11T12:00:00,4.7
2016-05-11T18:00:00,4.7
2016-05-12T00:00:00,4.7
2016-05-12T03:00:00,4.7
2016-05-12T06:00:00,4.7
2016-05-12T09:00:00,4.7
2016-05-12T12:00:00,4.7
2016-05-12T15:00:00,4.7
2016-05-12T18:00:00,4.68
2016-05-12T21:00:00,4.68
2016-05-13T00:00:00,4.68
2016-05-13T03:00:00,4.68
2016-05-13T06:00:00,4.68
2016-05-13T12:00:00,4.68
2016-05-13T15:00:00,4.68
2016-05-13T18:00:00,4.66
2016-05-13T21:00:00,4.65
2016-05-14T00:00:00,4.64
2016-05-14T03:00:00,4.64
2016-05-14T06:00:00,4.64
2016-05-14T09:00:00,4.64
2016-05-14T12:00:00,4.64
2016-05-14T15:00:00,4.64
2016-05-14T18:00:00,4.64
2016-05-14T21:00:00,4.64
2016-05-15T00:00:00,4.62
2016-05-15T03:00:00,4.62
2016-05-15T06:00:00,4.58
2016-05-15T09:00:00,4.58
2016-05-15T12:00:00,4.53
2016-05-15T18:00:00,4.53
2016-05-15T21:00:00,4.53
2016-05-16T00:00:00,4.52
2016-05-16T03:00:00,4.52
2016-05-16T06:00:00,4.51
2016-05-16T09:00:00,4.51
2016-05-16T12:00:00,4.5
2016-05-16T18:00:00,4.44
2016-05-17T00:00:00,4.44
2016-05-17T06:00:00,4.43
2016-05-17T12:00:00,4.43
2016-05-17T18:00:00,4.45
2016-05-18T00:00:00,4.42
2016-05-18T06:00:00,4.4
2016-05-18T12:00:00,4.4
2016-05-18T18:00:00,4.4
2016-05-19T00:00:00,4.4
2016-05-19T06:00:00,4.42
2016-05-19T12:00:00,4.42
2016-05-19T17:00:00,4.42
2016-05-20T00:00:00,4.42
2016-05-20T06:00:00,4.42
2016-05-20T12:00:00,4.38
2016-05-20T18:00:00,4.38
2016-05-21T00:00:00,4.36
2016-05-21T06:00:00,4.34
2016-05-21T12:00:00,4.34
2016-05-21T18:00:00,4.3
2016-05-22T00:00:00,4.3
2016-05-22T06:00:00,4.3
2016-05-22T12:00:00,4.25
2016-05-22T18:00:00,4.25
2016-05-23T00:00:00,4.25
2016-05-23T06:00:00,4.25
2016-05-23T12:00:00,4.27
2016-05-23T18:00:00,4.25
2016-05-24T00:00:00,4.25
2016-05-24T06:00:00,4.25
2016-05-24T12:00:00,4.25
2016-05-24T18:00:00,4.25
2016-05-25T00:00:00,4.25
2016-05-25T06:00:00,4.25
2016-05-25T12:00:00,4.21
2016-05-25T18:00:00,4.2
2016-05-26T00:00:00,4.18
2016-05-26T06:00:00,4.18
2016-05-26T12:00:00,4.16
2016-05-26T18:00:00,4.14
2016-05-27T00:00:00,4.14
2016-05-27T06:00:00,4.12
2016-05-27T12:00:00,4.1
2016-05-27T18:00:00,4.1
2016-05-28T00:00:00,4.09
2016-05-28T06:00:00,4.09
2016-05-28T12:00:00,4.08
2016-05-28T18:00:00,4.08
2016-05-29T00:00:00,4.08
2016-05-29T06:00:00,4.09
2016-05-29T12:00:00,4.07
2016-05-29T18:00:00,4.07
2016-05-30T00:00:00,4.07
2016-05-30T06:00:00,4.07
2016-05-30T12:00:00,4.06
2016-05-30T18:00:00,4.05
2016-05-31T00:00:00,4.05
2016-05-31T06:00:00,4.03
2016-05-31T12:00:00,4.03
2016-05-31T18:00:00,4.01
2016-06-01T00:00:00,4.01
2016-06-01T06:00:00,4
2016-06-01T12:00:00,4
2016-06-02T06:00:00,4
2016-06-02T12:00:00,3.96
2016-06-03T00:00:00,3.9
2016-06-03T12:00:00,3.85
2016-06-04T00:00:00,3.84
2016-06-04T12:00:00,3.84
2016-06-05T00:00:00,3.86
2016-06-05T12:00:00,3.82
2016-06-06T00:00:00,3.82
2016-06-06T12:00:00,3.82
2016-06-07T00:00:00,3.8
2016-06-07T12:00:00,3.79
2016-06-08T00:00:00,3.76
2016-06-08T12:00:00,3.75
2016-06-09T00:00:00,3.75
2016-06-09T12:00:00,3.76
2016-06-10T00:00:00,3.79
2016-06-10T12:00:00,3.78
2016-06-11T00:00:00,3.76
2016-06-11T12:00:00,3.76
2016-06-12T00:00:00,3.77
2016-06-12T12:00:00,3.76
2016-06-13T00:00:00,3.75
2016-06-13T12:00:00,3.75
2016-06-14T00:00:00,3.74
2016-06-14T12:00:00,3.75
2016-06-15T00:00:00,3.75
2016-06-15T12:00:00,3.73
2016-06-16T00:00:00,3.73
2016-06-16T12:00:00,3.75
2016-06-17T00:00:00,3.75
2016-06-17T12:00:00,3.7
2016-06-18T00:00:00,3.68
2016-06-18T12:00:00,3.7
2016-06-19T00:00:00,3.7
2016-06-19T12:00:00,3.7
2016-06-20T00:00:00,3.7
2016-06-20T12:00:00,3.7
2016-06-21T00:00:00,3.76
2016-06-21T12:00:00,3.73
2016-06-22T00:00:00,3.72
2016-06-22T12:00:00,3.7
2016-06-23T00:00:00,3.7
2016-06-23T12:00:00,3.7
2016-06-24T00:00:00,3.7
2016-06-24T12:00:00,3.73
2016-06-25T00:00:00,3.71
2016-06-25T12:00:00,3.71
2016-06-26T00:00:00,3.71
2016-06-26T12:00:00,3.71
2016-06-27T00:00:00,3.71
2016-06-27T12:00:00,3.78
2016-06-28T00:00:00,3.79
2016-06-28T12:00:00,3.8
2016-06-29T00:00:00,3.8
2016-06-29T12:00:00,3.78
2016-06-30T00:00:00,3.78
2016-06-30T12:00:00,3.78
2016-07-01T00:00:00,3.77
2016-07-01T12:00:00,3.77
2016-07-02T00:00:00,3.78
2016-07-02T12:00:00,3.78
2016-07-03T00:00:00,3.78
2016-07-03T12:00:00,3.79
2016-07-04T00:00:00,3.79
2016-07-04T12:00:00,3.78
2016-07-05T00:00:00,3.78
2016-07-05T12:00:00,3.78
2016-07-06T00:00:00,3.78
2016-07-07T04:00:00,3.8
2016-07-08T04:00:00,3.82
2016-07-09T04:00:00,3.85
2016-07-10T04:00:00,3.86
2016-07-11T04:00:00,3.86
2016-07-12T04:00:00,3.86
2016-07-13T04:00:00,3.83
2016-07-14T04:00:00,3.81
2016-07-15T04:00:00,3.84
2016-07-16T04:00:00,3.81
2016-07-17T04:00:00,3.77
2016-07-18T04:00:00,3.77
2016-07-19T04:00:00,3.8
2016-07-20T04:00:00,3.8
2016-07-21T04:00:00,3.8
2016-07-21T12:00:00,3.79
2016-07-22T04:00:00,3.79
2016-07-23T04:00:00,3.76
2016-07-24T04:00:00,3.74
2016-07-25T04:00:00,3.74
2016-07-26T04:00:00,3.75
2016-07-27T04:00:00,3.65
2016-07-28T04:00:00,3.62
2016-07-29T04:00:00,3.62
2016-07-30T04:00:00,3.66
2016-07-31T04:00:00,3.63
2016-08-01T04:00:00,3.59
2016-08-02T04:00:00,3.53
2016-08-03T04:00:00,3.56
2016-08-04T04:00:00,3.53
2016-08-05T04:00:00,3.49
2016-08-06T04:00:00,3.45
2016-08-07T04:00:00,3.44
2016-08-08T04:00:00,3.35
2016-08-09T04:00:00,3.34
2016-08-10T00:00:00,3.28
2016-08-10T12:00:00,3.27
2016-08-11T00:00:00,3.25
2016-08-11T12:00:00,3.22
2016-08-12T00:00:00,3.22
2016-08-12T12:00:00,3.2
2016-08-13T00:00:00,3.14
2016-08-13T12:00:00,3.12
2016-08-14T00:00:00,3.1
2016-08-14T12:00:00,3.08
2016-08-15T00:00:00,3.07
2016-08-15T12:00:00,3.03
2016-08-16T00:00:00,3
2016-08-16T12:00:00,2.99
2016-08-17T00:00:00,2.95
2016-08-17T12:00:00,2.9
2016-08-18T00:00:00,2.92
2016-08-18T12:00:00,2.84
2016-08-19T00:00:00,2.82
2016-08-19T12:00:00,2.78
2016-08-20T00:00:00,2.77
2016-08-20T12:00:00,2.74
2016-08-21T00:00:00,2.74
2016-08-21T12:00:00,2.75
2016-08-22T00:00:00,2.75
2016-08-22T12:00:00,2.73
2016-08-23T00:00:00,2.7
2016-08-23T12:00:00,2.65
2016-08-24T00:00:00,2.63
2016-08-24T12:00:00,2.58
2016-08-25T00:00:00,2.56
2016-08-25T12:00:00,2.55
2016-08-26T00:00:00,2.54
2016-08-26T12:00:00,2.54
2016-08-27T00:00:00,2.54
2016-08-27T12:00:00,2.54
2016-08-28T00:00:00,2.54
2016-08-28T12:00:00,2.68
2016-08-29T00:00:00,2.73
2016-08-29T12:00:00,2.73
2016-08-30T00:00:00,2.7
2016-08-30T12:00:00,2.67
2016-08-31T00:00:00,2.65
2016-08-31T12:00:00,2.63
2016-09-01T00:00:00,2.61
2016-09-01T12:00:00,2.6
2016-09-02T00:00:00,2.64
2016-09-02T12:00:00,2.7
2016-09-03T00:00:00,3.75
2016-09-03T12:00:00,2.77
2016-09-04T00:00:00,2.82
2016-09-04T12:00:00,2.85
2016-09-05T00:00:00,2.87
2016-09-05T12:00:00,2.87
2016-09-06T00:00:00,2.88
2016-09-06T12:00:00,2.88
2016-09-07T00:00:00,2.88
2016-09-07T12:00:00,2.9
2016-09-08T00:00:00,2.95
2016-09-08T12:00:00,2.95
2016-09-09T00:00:00,2.98
2016-09-09T12:00:00,3
2016-09-10T00:00:00,2.95
2016-09-10T12:00:00,2.93
2016-09-11T00:00:00,2.92
2016-09-11T12:00:00,2.9
2016-09-12T00:00:00,2.95
2016-09-12T12:00:00,2.97
2016-09-13T00:00:00,2.99
2016-09-13T12:00:00,2.99
2016-09-14T00:00:00,2.9
2016-09-14T12:00:00,2.77
2016-09-15T00:00:00,2.78
2016-09-15T12:00:00,2.86
2016-09-16T00:00:00,2.92
2016-09-16T12:00:00,2.91
2016-09-17T00:00:00,2.86
2016-09-17T12:00:00,2.82
2016-09-18T00:00:00,2.84
2016-09-18T12:00:00,2.8
2016-09-19T00:00:00,2.79
2016-09-19T12:00:00,2.8
2016-09-20T00:00:00,2.82
2016-09-20T12:00:00,2.82
2016-09-21T00:00:00,2.84
2016-09-21T12:00:00,2.85
2016-09-22T00:00:00,2.8
2016-09-22T12:00:00,2.72
2016-09-23T00:00:00,2.72
2016-09-23T12:00:00,2.69
2016-09-24T00:00:00,2.7
2016-09-24T12:00:00,2.75
2016-09-25T00:00:00,2.8
2016-09-25T12:00:00,2.8
2016-09-26T00:00:00,2.76
2016-09-26T12:00:00,2.74
2016-09-27T00:00:00,2.74
2016-09-27T12:00:00,2.72
2016-09-28T04:00:00,2.65
2016-09-29T04:00:00,2.6
2016-09-30T04:00:00,2.75
2016-10-01T04:00:00,2.73
2016-10-02T04:00:00,2.66
2016-10-03T04:00:00,2.56
2016-10-04T04:00:00,2.46
2016-10-05T00:00:00,2.48
2016-10-05T12:00:00,2.39
2016-10-06T00:00:00,2.38
2016-10-06T12:00:00,2.35
2016-10-07T00:00:00,2.35
2016-10-07T12:00:00,2.33
2016-10-08T00:00:00,2.32
2016-10-08T12:00:00,2.28
2016-10-09T00:00:00,2.28
2016-10-09T12:00:00,2.32
2016-10-10T00:00:00,2.32
2016-10-10T12:00:00,2.28
2016-10-11T00:00:00,2.27
2016-10-11T12:00:00,2.28
2016-10-12T00:00:00,2.28
2016-10-12T12:00:00,2.22
2016-10-13T00:00:00,2.2
2016-10-13T12:00:00,2.16
2016-10-14T00:00:00,2.16
2016-10-14T12:00:00,2.21
2016-10-15T00:00:00,2.25
2016-10-15T12:00:00,2.28
2016-10-16T00:00:00,2.28
2016-10-16T12:00:00,2.28
2016-10-17T00:00:00,2.28
2016-10-17T12:00:00,2.25
2016-10-18T00:00:00,2.23
2016-10-18T12:00:00,2.35
2016-10-19T00:00:00,2.5
2016-10-19T12:00:00,2.56
2016-10-20T00:00:00,2.56
2016-10-20T12:00:00,2.78
2016-10-21T00:00:00,2.78
2016-10-21T12:00:00,2.8
2016-10-22T00:00:00,2.8
2016-10-22T12:00:00,2.78
2016-10-23T00:00:00,2.76
2016-10-23T12:00:00,2.75
2016-10-24T00:00:00,2.72
2016-10-24T12:00:00,2.73
2016-10-25T00:00:00,2.73
2016-10-25T12:00:00,2.8
2016-10-26T00:00:00,2.83
2016-10-26T12:00:00,2.82
2016-10-27T00:00:00,2.79
2016-10-27T12:00:00,2.77
2016-10-28T00:00:00,2.77
2016-10-28T12:00:00,2.88
2016-10-29T00:00:00,2.88
2016-10-29T12:00:00,2.92
2016-10-30T00:00:00,2.95
2016-10-30T12:00:00,2.93
2016-10-31T00:00:00,2.93
2016-10-31T12:00:00,2.94
2016-11-01T00:00:00,2.95
2016-11-01T12:00:00,2.97
2016-11-02T00:00:00,2.9
2016-11-02T12:00:00,2.88
2016-11-03T00:00:00,2.88
2016-11-03T12:00:00,2.9
2016-11-04T00:00:00,2.94
2016-11-04T12:00:00,3
2016-11-05T00:00:00,3.02
2016-11-05T12:00:00,3.04
2016-11-06T00:00:00,3
2016-11-06T12:00:00,3
2016-11-07T00:00:00,3
2016-11-07T12:00:00,3.02
2016-11-08T00:00:00,3.02
2016-11-08T12:00:00,3.06
2016-11-09T00:00:00,3.08
2016-11-09T12:00:00,3.09
2016-11-10T00:00:00,3.09
2016-11-10T12:00:00,3.05
2016-11-11T00:00:00,3.05
2016-11-11T12:00:00,3.06
2016-11-12T00:00:00,3.05
2016-11-12T12:00:00,3.07
2016-11-13T00:00:00,3.09
2016-11-13T12:00:00,3.1
2016-11-14T00:00:00,3.1
2016-11-14T12:00:00,3.03
2016-11-15T00:00:00,3.03
2016-11-15T12:00:00,3.01
2016-11-16T00:00:00,3.02
2016-11-16T12:00:00,3.03
2016-11-17T00:00:00,3.01
2016-11-17T12:00:00,3.02
2016-11-18T00:00:00,3.03
2016-11-18T12:00:00,3.04
2016-11-19T00:00:00,3
2016-11-19T12:00:00,3
2016-11-20T00:00:00,3.02
2016-11-20T12:00:00,3.02
2016-11-21T00:00:00,3
2016-11-21T12:00:00,2.94
2016-11-22T00:00:00,3
2016-11-22T12:00:00,3.02
2016-11-23T00:00:00,3
2016-11-23T12:00:00,2.99
2016-11-24T00:00:00,2.95
2016-11-24T12:00:00,2.91
2016-11-25T00:00:00,2.89
2016-11-25T12:00:00,2.86
2016-11-26T00:00:00,2.84
2016-11-27T04:00:00,2.88
2016-11-28T04:00:00,2.86
2016-11-29T00:00:00,2.82
2016-11-29T12:00:00,2.82
2016-11-30T00:00:00,2.82
2016-11-30T12:00:00,2.8
2016-12-01T00:00:00,2.79
2016-12-01T12:00:00,2.67
2016-12-02T00:00:00,2.77
2016-12-02T12:00:00,2.64
2016-12-03T00:00:00,2.61
2016-12-03T12:00:00,2.59
2016-12-04T00:00:00,2.58
2016-12-04T12:00:00,2.6
2016-12-05T00:00:00,2.63
2016-12-05T12:00:00,2.61
2016-12-06T00:00:00,2.59
2016-12-06T12:00:00,2.5
2016-12-07T00:00:00,2.5
2016-12-07T12:00:00,2.56
2016-12-08T00:00:00,2.56
2016-12-08T12:00:00,2.58
2016-12-09T00:00:00,2.6
2016-12-09T12:00:00,2.64
2016-12-10T00:00:00,2.64
2016-12-10T12:00:00,2.59
2016-12-11T00:00:00,2.56
2016-12-11T12:00:00,2.5
2016-12-12T00:00:00,2.5
2016-12-12T12:00:00,2.52
2016-12-13T00:00:00,2.54
2016-12-13T12:00:00,2.45
2016-12-14T00:00:00,2.43
2016-12-14T12:00:00,2.55
2016-12-15T00:00:00,2.62
2016-12-15T12:00:00,2.68
2016-12-16T00:00:00,2.68
2016-12-16T12:00:00,2.61
2016-12-17T00:00:00,2.58
2016-12-17T12:00:00,2.52
2016-12-18T00:00:00,2.5
2016-12-18T12:00:00,2.5
2016-12-19T00:00:00,2.48
2016-12-19T12:00:00,2.46
2016-12-20T00:00:00,2.44
2016-12-20T12:00:00,2.53
2016-12-21T00:00:00,2.54
2016-12-21T12:00:00,2.58
2016-12-22T00:00:00,2.58
2016-12-22T12:00:00,2.56
2016-12-23T00:00:00,2.56
2016-12-23T12:00:00,2.64
2016-12-24T00:00:00,2.67
2016-12-24T12:00:00,2.67
2016-12-25T00:00:00,2.68
2016-12-25T12:00:00,2.72
2016-12-26T00:00:00,2.72
2016-12-26T12:00:00,2.9
2016-12-27T00:00:00,3.15
2016-12-27T12:00:00,3.18
2016-12-28T00:00:00,3.24
2016-12-28T12:00:00,3.2
2016-12-29T00:00:00,3.15
2016-12-29T12:00:00,3.15
2016-12-30T00:00:00,3.14
2016-12-30T12:00:00,3.16
2016-12-31T00:00:00,3.15
2016-12-31T12:00:00,3.12
2017-01-01T00:00:00,3.12
2017-01-01T12:00:00,3.12
2017-01-02T00:00:00,3.11
2017-01-02T12:00:00,3.17
2017-01-03T00:00:00,3.21
2017-01-03T12:00:00,3.25
2017-01-04T00:00:00,3.25
2017-01-04T12:00:00,3.45
2017-01-05T00:00:00,3.48
2017-01-05T12:00:00,3.46
2017-01-06T00:00:00,3.46
2017-01-06T12:00:00,3.44
2017-01-07T00:00:00,3.44
2017-01-07T12:00:00,3.43
2017-01-08T00:00:00,3.4
2017-01-08T12:00:00,3.4
2017-01-09T00:00:00,3.41
2017-01-09T12:00:00,3.41
2017-01-10T00:00:00,3.42
2017-01-10T12:00:00,3.41
2017-01-11T00:00:00,3.42
2017-01-11T12:00:00,3.44
2017-01-12T00:00:00,3.42
2017-01-12T12:00:00,3.45
2017-01-13T00:00:00,3.44
2017-01-13T12:00:00,3.44
2017-01-14T00:00:00,3.43
2017-01-14T12:00:00,3.44
2017-01-15T00:00:00,3.44
2017-01-15T12:00:00,3.46
2017-01-16T00:00:00,3.5
2017-01-16T12:00:00,3.85
2017-01-17T00:00:00,3.9
2017-01-17T12:00:00,3.9
2017-01-18T00:00:00,3.88
2017-01-18T12:00:00,3.81
2017-01-19T00:00:00,3.78
2017-01-19T12:00:00,3.74
2017-01-20T00:00:00,3.74
2017-01-20T12:00:00,3.7
2017-01-21T00:00:00,3.67
2017-01-21T12:00:00,3.64
2017-01-22T00:00:00,3.6
2017-01-22T12:00:00,3.59
2017-01-23T00:00:00,3.58
2017-01-23T12:00:00,3.57
2017-01-24T00:00:00,3.55
2017-01-24T12:00:00,3.52
2017-01-25T00:00:00,3.5
2017-01-25T12:00:00,3.46
2017-01-26T00:00:00,3.46
2017-01-26T12:00:00,3.45
2017-01-27T00:00:00,3.45
2017-01-27T12:00:00,3.44
2017-01-28T00:00:00,3.43
2017-01-29T12:00:00,3.32
2017-01-30T00:00:00,3.3
2017-01-30T12:00:00,3.26
2017-01-31T00:00:00,3.22
2017-01-31T12:00:00,3.2
2017-02-01T00:00:00,3.2
2017-02-01T12:00:00,3.1
2017-02-02T00:00:00,3.1
2017-02-02T12:00:00,3.09
2017-02-03T00:00:00,3.1
2017-02-03T12:00:00,3.09
2017-02-04T00:00:00,3.07
2017-02-04T12:00:00,3.02
2017-02-05T00:00:00,3
2017-02-05T12:00:00,2.95
2017-02-06T00:00:00,2.9
2017-02-06T12:00:00,2.9
2017-02-07T00:00:00,2.87
2017-02-07T12:00:00,2.8
2017-02-08T00:00:00,2.8
2017-02-08T12:00:00,2.8
2017-02-09T00:00:00,2.8
2017-02-09T12:00:00,2.75
2017-02-10T00:00:00,2.72
2017-02-10T12:00:00,2.69
2017-02-11T00:00:00,2.68
2017-02-11T12:00:00,2.67
2017-02-12T00:00:00,2.7
2017-02-12T12:00:00,2.72
2017-02-13T00:00:00,2.74
2017-02-13T12:00:00,2.73
2017-02-14T00:00:00,2.8
2017-02-14T12:00:00,2.87
2017-02-15T00:00:00,2.89
2017-02-15T12:00:00,2.85
2017-02-16T00:00:00,2.84
2017-02-16T12:00:00,2.84
2017-02-17T00:00:00,2.82
2017-02-17T12:00:00,2.8
2017-02-18T00:00:00,2.8
2017-02-18T12:00:00,2.84
2017-02-19T00:00:00,2.85
2017-02-19T12:00:00,2.89
2017-02-20T00:00:00,2.92
2017-02-20T12:00:00,2.96
2017-02-21T00:00:00,2.99
2017-02-21T12:00:00,2.97
2017-02-22T00:00:00,2.97
2017-02-22T12:00:00,2.94
2017-02-23T00:00:00,2.94
2017-02-23T12:00:00,3
2017-02-24T00:00:00,3.01
2017-02-24T12:00:00,2.99
2017-02-25T00:00:00,2.99
2017-02-26T00:00:00,3
2017-02-26T12:00:00,3.02
2017-02-27T00:00:00,3.03
2017-02-27T12:00:00,3.03
2017-02-28T00:00:00,3.04
2017-02-28T12:00:00,3.04
2017-03-01T00:00:00,3.04
2017-03-01T12:00:00,3.08
2017-03-02T00:00:00,3.08
2017-03-02T12:00:00,3.04
2017-03-03T00:00:00,3.09
2017-03-03T12:00:00,3.14
2017-03-04T00:00:00,3.16
2017-03-04T12:00:00,3.2
2017-03-05T00:00:00,3.2
2017-03-05T12:00:00,3.2
2017-03-06T00:00:00,3.2
2017-03-06T12:00:00,3.18
2017-03-07T00:00:00,3.14
2017-03-07T12:00:00,3.1
2017-03-08T00:00:00,3.12
2017-03-08T12:00:00,3.15
2017-03-09T00:00:00,3.15
2017-03-10T00:00:00,3.2
2017-03-11T00:00:00,3.14
2017-03-11T12:00:00,3.14
2017-03-12T00:00:00,3.14
2017-03-12T12:00:00,3.1
2017-03-13T00:00:00,3.05
2017-03-13T12:00:00,3.03
2017-03-14T00:00:00,3
2017-03-14T12:00:00,3
2017-03-15T00:00:00,2.98
2017-03-15T12:00:00,3
2017-03-16T00:00:00,3.05
2017-03-16T12:00:00,3.03
2017-03-17T00:00:00,3
2017-03-17T12:00:00,3
2017-03-18T00:00:00,3.07
2017-03-18T12:00:00,3.1
2017-03-19T00:00:00,3.12
2017-03-19T12:00:00,3.1
2017-03-20T00:00:00,3.1
2017-03-20T12:00:00,3.1
2017-03-21T00:00:00,3.12
2017-03-21T12:00:00,3.1
2017-03-22T00:00:00,3.09
2017-03-22T12:00:00,3.09
2017-03-23T00:00:00,3.09
2017-03-23T12:00:00,3.07
2017-03-24T00:00:00,3.06
2017-03-24T12:00:00,3.05
2017-03-25T00:00:00,3.05
2017-03-25T12:00:00,3.03
2017-03-26T00:00:00,3.03
2017-03-26T12:00:00,3.04
2017-03-27T00:00:00,3.05
2017-03-27T12:00:00,3
2017-03-28T00:00:00,3
2017-03-28T12:00:00,3.01
2017-03-29T00:00:00,3.02
2017-03-29T12:00:00,3
2017-03-30T00:00:00,3
2017-03-30T12:00:00,3
2017-03-31T00:00:00,2.95
2017-04-01T00:00:00,2.91
2017-04-01T12:00:00,2.93
2017-04-02T00:00:00,2.85
2017-04-02T12:00:00,2.85
2017-04-03T00:00:00,2.85
2017-04-03T12:00:00,2.83
2017-04-04T00:00:00,2.83
2017-04-04T12:00:00,2.81
2017-04-05T00:00:00,2.82
2017-04-05T12:00:00,2.82
2017-04-06T00:00:00,2.79
2017-04-06T12:00:00,2.79
2017-04-07T00:00:00,2.79
2017-04-07T12:00:00,2.81
2017-04-08T00:00:00,2.84
2017-04-08T12:00:00,2.72
2017-04-09T00:00:00,2.72
2017-04-09T12:00:00,2.7
2017-04-10T00:00:00,2.72
2017-04-10T12:00:00,2.74
2017-04-11T00:00:00,2.79
2017-04-11T12:00:00,2.85
2017-04-12T00:00:00,2.85
2017-04-12T12:00:00,2.85
2017-04-13T00:00:00,2.94
2017-04-13T12:00:00,2.96
2017-04-14T00:00:00,3
2017-04-14T12:00:00,3
2017-04-15T00:00:00,2.98
2017-04-15T12:00:00,2.95
2017-04-16T00:00:00,2.94
2017-04-16T12:00:00,2.94
2017-04-17T00:00:00,3.94
2017-04-17T12:00:00,3.02
2017-04-18T00:00:00,3.03
2017-04-18T12:00:00,3.05
2017-04-19T00:00:00,3.05
2017-04-19T12:00:00,3.08
2017-04-20T00:00:00,3.08
2017-04-20T12:00:00,3.02
2017-04-21T00:00:00,3.01
2017-04-21T12:00:00,3
2017-04-22T00:00:00,3
2017-04-22T12:00:00,3.07
2017-04-23T00:00:00,3.11
2017-04-23T12:00:00,3.12
2017-04-24T00:00:00,3.12
2017-04-24T12:00:00,3.12
2017-04-25T00:00:00,3.12
2017-04-25T12:00:00,3.16
2017-04-26T00:00:00,3.16
2017-04-26T12:00:00,3.04
2017-04-27T00:00:00,3.03
2017-04-27T12:00:00,3.06
2017-04-28T00:00:00,3.1
2017-04-28T12:00:00,3.16
2017-04-29T00:00:00,3.14
2017-04-29T12:00:00,3.15
2017-04-30T00:00:00,3.15
2017-04-30T12:00:00,3.18
2017-05-01T00:00:00,3.18
2017-05-01T12:00:00,3.2
2017-05-02T00:00:00,3.22
2017-05-02T12:00:00,3.23
2017-05-03T00:00:00,3.23
2017-05-03T12:00:00,3.24
2017-05-04T00:00:00,3.24
2017-05-04T12:00:00,3.29
2017-05-05T00:00:00,3.29
2017-05-05T12:00:00,3.33
2017-05-06T00:00:00,3.32
2017-05-06T12:00:00,3.33
2017-05-07T00:00:00,3.35
2017-05-07T12:00:00,3.37
2017-05-08T00:00:00,3.38
2017-05-08T12:00:00,3.4
2017-05-09T00:00:00,3.4
2017-05-09T12:00:00,3.4
2017-05-10T00:00:00,3.45
2017-05-10T12:00:00,3.47
2017-05-11T00:00:00,3.49
2017-05-11T12:00:00,3.52
2017-05-12T00:00:00,3.55
2017-05-12T12:00:00,3.58
2017-05-13T00:00:00,3.6
2017-05-13T12:00:00,3.63
2017-05-14T00:00:00,3.66
2017-05-14T12:00:00,3.66
2017-05-15T00:00:00,3.66
2017-05-15T12:00:00,3.66
2017-05-16T00:00:00,3.66
2017-05-16T12:00:00,3.68
2017-05-17T00:00:00,3.69
2017-05-17T12:00:00,3.69
2017-05-18T00:00:00,3.69
2017-05-18T12:00:00,3.69
2017-05-19T00:00:00,3.7
2017-05-19T12:00:00,3.7
2017-05-20T00:00:00,3.7
2017-05-20T12:00:00,3.7
2017-05-21T00:00:00,3.7
2017-05-21T12:00:00,3.66
2017-05-22T00:00:00,3.66
2017-05-22T12:00:00,3.69
2017-05-23T00:00:00,3.72
2017-05-23T12:00:00,3.73
2017-05-24T00:00:00,3.73
2017-05-24T12:00:00,3.76
2017-05-25T00:00:00,3.76
2017-05-25T12:00:00,3.76
2017-05-26T00:00:00,3.78
2017-05-26T12:00:00,3.78
2017-05-27T00:00:00,3.75
2017-05-27T12:00:00,3.78
2017-05-28T00:00:00,3.8
2017-05-28T12:00:00,3.8
2017-05-29T00:00:00,3.84
2017-05-29T12:00:00,3.84
2017-05-30T00:00:00,3.85
2017-05-30T12:00:00,3.88
2017-05-31T00:00:00,3.85
2017-05-31T12:00:00,3.9
2017-06-01T00:00:00,3.92
2017-06-01T12:00:00,3.87
2017-06-02T00:00:00,3.86
2017-06-02T12:00:00,3.88
2017-06-03T00:00:00,3.9
2017-06-03T12:00:00,3.93
2017-06-04T00:00:00,3.94
2017-06-04T12:00:00,3.95
2017-06-05T00:00:00,3.97
2017-06-05T12:00:00,3.97
2017-06-06T00:00:00,3.97
2017-06-07T00:00:00,3.98
2017-06-07T12:00:00,3.99
2017-06-08T00:00:00,3.99
2017-06-08T12:00:00,3.99
2017-06-09T00:00:00,3.97
2017-06-09T12:00:00,3.97
2017-06-10T00:00:00,3.98
2017-06-10T12:00:00,3.98
2017-06-11T00:00:00,3.98
2017-06-11T12:00:00,3.98
2017-06-12T00:00:00,3.99
2017-06-12T12:00:00,4.04
2017-06-12T18:00:00,4.07
2017-06-13T00:00:00,4.09
2017-06-13T06:00:00,4.09
2017-06-13T12:00:00,4.12
2017-06-13T18:00:00,4.12
2017-06-14T00:00:00,4.12
2017-06-14T06:00:00,4.12
2017-06-14T12:00:00,4.16
2017-06-14T18:00:00,4.18
2017-06-15T00:00:00,4.18
2017-06-15T06:00:00,4.18
2017-06-15T12:00:00,4.19
2017-06-15T18:00:00,4.19
2017-06-16T00:00:00,4.2
2017-06-16T06:00:00,4.2
2017-06-16T12:00:00,4.21
2017-06-16T18:00:00,4.22
2017-06-17T00:00:00,4.22
2017-06-17T06:00:00,4.22
2017-06-17T12:00:00,4.22
2017-06-17T18:00:00,4.23
2017-06-18T00:00:00,4.21
2017-06-18T06:00:00,4.21
2017-06-18T12:00:00,4.19
2017-06-18T18:00:00,4.18
2017-06-19T00:00:00,4.18
2017-06-19T06:00:00,4.19
2017-06-19T12:00:00,4.19
2017-06-20T04:00:00,4.19
2017-06-21T04:00:00,4.23
2017-06-22T04:00:00,4.28
2017-06-23T04:00:00,4.3
2017-06-24T04:00:00,4.32
2017-06-25T04:00:00,4.34
2017-06-26T04:00:00,4.38
2017-06-27T04:00:00,4.39
2017-06-28T04:00:00,4.39
2017-06-29T04:00:00,4.38
2017-06-30T04:00:00,4.4
2017-07-01T04:00:00,4.41
2017-07-02T04:00:00,4.41
2017-07-03T04:00:00,4.45
2017-07-04T04:00:00,4.45
2017-07-05T04:00:00,4.46
2017-07-06T04:00:00,4.46
2017-07-07T04:00:00,4.45
2017-07-08T04:00:00,4.45
2017-07-09T04:00:00,4.43
2017-07-10T04:00:00,4.43
2017-07-11T04:00:00,4.45
2017-07-12T04:00:00,4.45
2017-07-13T04:00:00,4.45
2017-07-14T04:00:00,4.44
2017-07-15T04:00:00,4.45
2017-07-16T04:00:00,4.44
2017-07-17T04:00:00,4.38
2017-07-18T04:00:00,4.25
2017-07-18T18:00:00,4.27
2017-07-19T00:00:00,4.27
2017-07-19T04:00:00,4.27
2017-07-19T06:00:00,4.28
2017-07-19T12:00:00,4.29
2017-07-19T18:00:00,4.29
2017-07-20T00:00:00,4.29
2017-07-20T04:00:00,4.29
2017-07-20T06:00:00,4.29
2017-07-20T12:00:00,4.25
2017-07-20T18:00:00,4.25
2017-07-21T00:00:00,4.24
2017-07-21T04:00:00,4.25
2017-07-21T06:00:00,4.24
2017-07-21T12:00:00,4.23
2017-07-21T18:00:00,4.23
2017-07-22T00:00:00,4.22
2017-07-22T04:00:00,4.22
2017-07-22T06:00:00,4.22
2017-07-22T12:00:00,4.2
2017-07-22T18:00:00,4.18
2017-07-23T04:00:00,4.18
2017-07-24T04:00:00,4.16
2017-07-24T06:00:00,4.16
2017-07-24T12:00:00,4.1
2017-07-24T18:00:00,4.09
2017-07-25T00:00:00,4.09
2017-07-25T04:00:00,4.09
2017-07-25T06:00:00,4.09
2017-07-25T12:00:00,4.09
2017-07-25T18:00:00,4.1
2017-07-26T00:00:00,4.1
2017-07-26T04:00:00,4.1
2017-07-26T06:00:00,4.05
2017-07-26T12:00:00,4.03
2017-07-26T18:00:00,4.03
2017-07-27T00:00:00,4.03
2017-07-27T04:00:00,4.03
2017-07-27T06:00:00,4.03
2017-07-27T12:00:00,4.02
2017-07-27T18:00:00,4.01
2017-07-28T04:00:00,4.01
2017-07-28T06:00:00,4.01
2017-07-28T12:00:00,4.01
2017-07-28T18:00:00,4.01
2017-07-29T00:00:00,4.01
2017-07-29T04:00:00,4.01
2017-07-29T06:00:00,4.01
2017-07-29T12:00:00,4.01
2017-07-29T18:00:00,4.01
2017-07-30T00:00:00,4.01
2017-07-30T04:00:00,4.01
2017-07-30T06:00:00,4.01
2017-07-30T12:00:00,4.01
2017-07-30T18:00:00,4.01
2017-07-31T00:00:00,4
2017-07-31T04:00:00,4
2017-07-31T06:00:00,4
2017-07-31T12:00:00,3.96
2017-08-01T00:00:00,3.92
2017-08-01T04:00:00,3.92
2017-08-01T12:00:00,3.87
2017-08-02T00:00:00,3.84
2017-08-02T04:00:00,3.84
2017-08-02T12:00:00,3.76
2017-08-03T00:00:00,3.74
2017-08-03T04:00:00,3.75
2017-08-03T12:00:00,3.74
2017-08-04T00:00:00,3.72
2017-08-04T04:00:00,3.72
2017-08-04T12:00:00,3.7
2017-08-05T00:00:00,3.69
2017-08-05T04:00:00,3.69
2017-08-05T12:00:00,3.66
2017-08-06T00:00:00,3.64
2017-08-06T04:00:00,3.64
2017-08-06T12:00:00,3.6
2017-08-07T00:00:00,3.55
2017-08-07T04:00:00,3.55
2017-08-07T12:00:00,3.48
2017-08-08T00:00:00,3.51
2017-08-08T04:00:00,3.51
2017-08-08T12:00:00,3.47
2017-08-09T00:00:00,3.42
2017-08-09T04:00:00,3.42
2017-08-09T12:00:00,3.39
2017-08-10T00:00:00,3.39
2017-08-10T04:00:00,3.39
2017-08-10T12:00:00,3.39
2017-08-11T00:00:00,3.35
2017-08-11T04:00:00,3.35
2017-08-11T12:00:00,3.33
2017-08-12T00:00:00,3.29
2017-08-12T04:00:00,3.29
2017-08-12T12:00:00,3.22
2017-08-13T00:00:00,3.18
2017-08-13T04:00:00,3.18
2017-08-13T12:00:00,3.15
2017-08-14T00:00:00,3.15
2017-08-14T04:00:00,3.15
2017-08-14T12:00:00,3.14
2017-08-15T00:00:00,3.13
2017-08-15T04:00:00,3.13
2017-08-15T12:00:00,3.1
2017-08-16T00:00:00,3.05
2017-08-16T04:00:00,3.05
2017-08-16T12:00:00,3.04
2017-08-17T00:00:00,3
2017-08-17T04:00:00,3
2017-08-17T12:00:00,3.02
2017-08-18T00:00:00,3.01
2017-08-18T04:00:00,3.01
2017-08-18T12:00:00,2.97
2017-08-19T00:00:00,2.95
2017-08-19T04:00:00,2.95
2017-08-19T12:00:00,2.85
2017-08-20T00:00:00,2.82
2017-08-20T04:00:00,2.82
2017-08-20T12:00:00,2.78
2017-08-21T00:00:00,2.78
2017-08-21T04:00:00,2.78
2017-08-21T12:00:00,2.78
2017-08-22T00:00:00,2.78
2017-08-22T04:00:00,2.78
2017-08-23T00:00:00,2.72
2017-08-23T04:00:00,2.72
2017-08-23T12:00:00,2.65
2017-08-24T00:00:00,2.65
2017-08-24T04:00:00,2.65
2017-08-24T12:00:00,2.6
2017-08-25T00:00:00,2.6
2017-08-25T04:00:00,2.6
2017-08-25T12:00:00,2.6
2017-08-26T00:00:00,2.6
2017-08-26T04:00:00,2.6
2017-08-26T12:00:00,2.57
2017-08-27T00:00:00,2.6
2017-08-27T04:00:00,2.6
2017-08-27T12:00:00,2.64
2017-08-28T00:00:00,2.67
2017-08-28T04:00:00,2.67
2017-08-28T12:00:00,2.7
2017-08-29T00:00:00,2.67
2017-08-29T04:00:00,2.7
2017-08-29T12:00:00,2.6
2017-08-30T00:00:00,2.57
2017-08-30T04:00:00,2.57
2017-08-30T12:00:00,2.53
2017-08-31T04:00:00,2.55
2017-08-31T12:00:00,2.57
2017-09-01T00:00:00,2.68
2017-09-01T04:00:00,2.68
2017-09-01T12:00:00,2.6
2017-09-02T00:00:00,2.62
2017-09-02T04:00:00,2.62
2017-09-02T12:00:00,2.6
2017-09-03T00:00:00,2.63
2017-09-03T04:00:00,2.63
2017-09-03T12:00:00,2.58
2017-09-04T00:00:00,2.58
2017-09-04T04:00:00,2.58
2017-09-04T12:00:00,2.58
2017-09-05T00:00:00,2.64
2017-09-05T04:00:00,2.64
2017-09-05T12:00:00,2.68
2017-09-06T00:00:00,2.7
2017-09-06T04:00:00,2.7
2017-09-06T12:00:00,2.7
2017-09-07T00:00:00,2.7
2017-09-07T04:00:00,2.7
2017-09-07T12:00:00,2.64
2017-09-08T00:00:00,2.6
2017-09-08T04:00:00,2.6
2017-09-08T12:00:00,2.6
2017-09-09T00:00:00,2.6
2017-09-09T04:00:00,2.6
2017-09-09T12:00:00,2.6
2017-09-10T00:00:00,2.6
2017-09-10T04:00:00,2.6
2017-09-10T12:00:00,2.67
2017-09-11T00:00:00,2.67
2017-09-11T04:00:00,2.67
2017-09-12T00:00:00,2.55
2017-09-12T04:00:00,2.55
2017-09-12T12:00:00,2.5
2017-09-13T00:00:00,2.55
2017-09-13T04:00:00,2.55
2017-09-13T12:00:00,2.55
2017-09-14T00:00:00,2.52
2017-09-14T04:00:00,2.52
2017-09-14T12:00:00,2.48
2017-09-15T00:00:00,2.46
2017-09-15T04:00:00,2.46
2017-09-15T11:00:00,2.4
2017-09-16T00:00:00,2.4
2017-09-16T04:00:00,2.4
2017-09-16T12:00:00,2.46
2017-09-17T00:00:00,2.46
2017-09-17T04:00:00,2.46
2017-09-17T12:00:00,2.44
2017-09-18T00:00:00,2.36
2017-09-18T04:00:00,2.36
2017-09-18T12:00:00,2.35
2017-09-19T00:00:00,2.33
2017-09-19T04:00:00,2.33
2017-09-19T12:00:00,2.28
2017-09-20T00:00:00,2.28
2017-09-20T04:00:00,2.28
2017-09-20T12:00:00,2.22
2017-09-21T04:00:00,2.21
2017-09-22T04:00:00,2.3
2017-09-23T04:00:00,2.36
2017-09-24T04:00:00,2.27
2017-09-25T04:00:00,2.18
2017-09-26T04:00:00,2.04
2017-09-27T04:00:00,2.1
2017-09-28T04:00:00,2.35
2017-09-29T04:00:00,2.32
2017-09-30T04:00:00,2.29
2017-10-01T04:00:00,2.12
2017-10-02T04:00:00,2.17
2017-10-03T00:00:00,2.3
2017-10-03T04:00:00,2.3
2017-10-04T00:00:00,2.3
2017-10-05T00:00:00,2.28
2017-10-06T00:00:00,2.24
2017-10-07T00:00:00,2.23
2017-10-08T00:00:00,2.26
2017-10-09T00:00:00,2.32
2017-10-10T00:00:00,2.15
2017-10-11T00:00:00,2.15
2017-10-12T00:00:00,2.19
2017-10-13T00:00:00,2.41
2017-10-14T00:00:00,2.36
2017-10-15T00:00:00,2.28
2017-10-16T00:00:00,2.2
2017-10-17T00:00:00,2.22
2017-10-18T00:00:00,2.2
2017-10-19T00:00:00,2.22
2017-10-20T00:00:00,2.35
2017-10-20T04:00:00,2.32
2017-10-21T00:00:00,2.52
2017-10-21T04:00:00,2.52
2017-10-22T00:00:00,2.48
2017-10-22T04:00:00,2.48
2017-10-23T00:00:00,2.59
2017-10-23T04:00:00,2.59
2017-10-24T00:00:00,2.67
2017-10-24T04:00:00,2.67
2017-10-25T00:00:00,2.64
2017-10-25T04:00:00,2.64
2017-10-26T00:00:00,2.6
2017-10-26T04:00:00,2.6
2017-10-27T00:00:00,2.6
2017-10-27T04:00:00,2.6
2017-10-28T00:00:00,2.6
2017-10-28T04:00:00,2.6
2017-10-29T00:00:00,2.68
2017-10-29T04:00:00,2.68
2017-10-30T00:00:00,2.69
2017-10-30T04:00:00,2.69
2017-10-31T00:00:00,2.63
2017-10-31T04:00:00,2.63
2017-11-01T00:00:00,2.65
2017-11-01T04:00:00,2.65
2017-11-02T00:00:00,2.7
2017-11-02T04:00:00,2.7
2017-11-03T00:00:00,2.81
2017-11-03T04:00:00,2.79
2017-11-04T00:00:00,2.76
2017-11-04T04:00:00,2.76
2017-11-05T00:00:00,2.78
2017-11-05T04:00:00,2.78
2017-11-06T00:00:00,2.83
2017-11-06T04:00:00,2.83
2017-11-07T00:00:00,2.83
2017-11-07T04:00:00,2.83
2017-11-08T00:00:00,2.88
2017-11-08T04:00:00,2.88
2017-11-09T00:00:00,2.84
2017-11-09T04:00:00,2.84
2017-11-10T00:00:00,2.82
2017-11-10T04:00:00,2.82
2017-11-11T00:00:00,2.83
2017-11-11T04:00:00,2.82
2017-11-12T00:00:00,2.9
2017-11-12T04:00:00,2.9
2017-11-13T00:00:00,2.98
2017-11-13T04:00:00,2.98
2017-11-14T00:00:00,3.06
2017-11-14T04:00:00,3.06
2017-11-15T00:00:00,3.06
2017-11-15T04:00:00,3.06
2017-11-16T00:00:00,2.98
2017-11-16T04:00:00,2.98
2017-11-17T00:00:00,2.97
2017-11-17T04:00:00,2.97
2017-11-18T00:00:00,3.05
2017-11-18T04:00:00,3.05
2017-11-19T00:00:00,3.03
2017-11-19T04:00:00,3.03
2017-11-20T00:00:00,3.05
2017-11-20T04:00:00,3.05
2017-11-21T00:00:00,3.12
2017-11-21T04:00:00,3.12
2017-11-22T00:00:00,3.15
2017-11-22T04:00:00,3.15
2017-11-23T00:00:00,3.17
2017-11-23T04:00:00,3.17
2017-11-24T00:00:00,3.14
2017-11-24T04:00:00,3.14
2017-11-25T00:00:00,3.12
2017-11-25T04:00:00,3.12
2017-11-26T00:00:00,3.19
2017-11-26T04:00:00,3.18
2017-11-27T00:00:00,3.16
2017-11-27T04:00:00,3.16
2017-11-28T00:00:00,3.15
2017-11-28T04:00:00,3.15
2017-11-29T00:00:00,3.2
2017-11-29T04:00:00,3.2
2017-11-30T00:00:00,3.18
2017-11-30T04:00:00,3.18
2017-12-01T00:00:00,3.13
2017-12-01T04:00:00,3.13
2017-12-02T00:00:00,3.1
2017-12-02T04:00:00,3.1
2017-12-03T00:00:00,3.08
2017-12-03T04:00:00,3.08
2017-12-04T00:00:00,3.09
2017-12-04T04:00:00,3.09
2017-12-05T00:00:00,3.1
2017-12-05T04:00:00,3.1
2017-12-06T00:00:00,3.11
2017-12-06T04:00:00,3.11
2017-12-07T00:00:00,3.1
2017-12-07T04:00:00,3.1
2017-12-08T00:00:00,3.02
2017-12-08T04:00:00,3.02
2017-12-09T00:00:00,3.09
2017-12-09T04:00:00,3.09
2017-12-10T00:00:00,3.03
2017-12-10T04:00:00,3.03
2017-12-11T00:00:00,3.01
2017-12-11T04:00:00,3.01
2017-12-12T00:00:00,3
2017-12-12T04:00:00,3
2017-12-13T00:00:00,3.07
2017-12-13T04:00:00,3.07
2017-12-14T00:00:00,2.99
2017-12-14T04:00:00,3
2017-12-15T00:00:00,2.98
2017-12-15T04:00:00,2.98
2017-12-16T00:00:00,2.93
2017-12-16T04:00:00,2.93
2017-12-17T00:00:00,2.94
2017-12-17T04:00:00,2.94
2017-12-18T00:00:00,2.92
2017-12-18T04:00:00,2.92
2017-12-19T00:00:00,2.95
2017-12-19T04:00:00,2.95
2017-12-20T00:00:00,3.07
2017-12-20T04:00:00,3.07
2017-12-21T00:00:00,3.03
2017-12-21T04:00:00,3.03
2017-12-22T00:00:00,2.93
2017-12-22T04:00:00,2.93
2017-12-23T00:00:00,2.9
2017-12-23T04:00:00,2.9
2017-12-24T00:00:00,2.9
2017-12-24T04:00:00,2.93
2017-12-25T00:00:00,3
2017-12-25T04:00:00,3
2017-12-26T00:00:00,2.97
2017-12-26T04:00:00,2.97
2017-12-27T00:00:00,2.9
2017-12-27T04:00:00,2.9
2017-12-28T00:00:00,2.83
2017-12-29T00:00:00,2.87
2017-12-30T00:00:00,2.83
2017-12-30T04:00:00,2.83
2017-12-31T00:00:00,2.76
2017-12-31T04:00:00,2.76
2018-01-01T00:00:00,2.81
2018-01-01T04:00:00,2.81
2018-01-02T00:00:00,2.89
2018-01-02T04:00:00,2.89
2018-01-03T00:00:00,2.8
2018-01-03T04:00:00,2.8
2018-01-04T00:00:00,2.73
2018-01-04T04:00:00,2.73
2018-01-05T00:00:00,2.74
2018-01-05T04:00:00,2.74
2018-01-06T00:00:00,2.75
2018-01-06T04:00:00,2.75
2018-01-07T00:00:00,2.75
2018-01-07T04:00:00,2.72
2018-01-08T00:00:00,2.75
2018-01-08T04:00:00,2.75
2018-01-09T00:00:00,2.75
2018-01-09T04:00:00,2.75
2018-01-10T00:00:00,2.68
2018-01-10T04:00:00,2.68
2018-01-11T00:00:00,2.69
2018-01-11T04:00:00,2.69
2018-01-12T00:00:00,2.67
2018-01-12T04:00:00,2.67
2018-01-13T00:00:00,2.72
2018-01-13T04:00:00,2.72
2018-01-14T00:00:00,2.7
2018-01-14T04:00:00,2.7
2018-01-15T00:00:00,2.9
2018-01-15T04:00:00,2.84
2018-01-16T00:00:00,2.98
2018-01-16T04:00:00,2.98
2018-01-17T00:00:00,2.98
2018-01-17T04:00:00,2.98
2018-01-18T00:00:00,2.93
2018-01-18T04:00:00,2.93
2018-01-19T00:00:00,2.88
2018-01-19T04:00:00,2.88
2018-01-20T00:00:00,2.88
2018-01-20T04:00:00,2.88
2018-01-21T00:00:00,2.9
2018-01-21T04:00:00,2.9
2018-01-22T00:00:00,2.9
2018-01-22T04:00:00,2.9
2018-01-23T00:00:00,2.93
2018-01-23T04:00:00,2.93
2018-01-24T00:00:00,2.94
2018-01-24T04:00:00,2.94
2018-01-25T00:00:00,2.99
2018-01-25T04:00:00,2.97
2018-01-26T00:00:00,3.17
2018-01-26T04:00:00,3.17
2018-01-27T00:00:00,3.15
2018-01-27T04:00:00,3.15
2018-01-28T00:00:00,3.09
2018-01-28T04:00:00,3.09
2018-01-29T00:00:00,3.05
2018-01-29T04:00:00,3.05
2018-01-30T00:00:00,3.15
2018-01-30T04:00:00,3.15
2018-01-31T00:00:00,3.17
2018-01-31T04:00:00,3.17
2018-02-01T00:00:00,3.15
2018-02-01T04:00:00,3.15
2018-02-02T00:00:00,3.18
2018-02-02T04:00:00,3.18
2018-02-03T00:00:00,3.25
2018-02-03T04:00:00,3.25
2018-02-04T00:00:00,3.3
2018-02-04T04:00:00,3.3
2018-02-05T00:00:00,3.33
2018-02-05T04:00:00,3.33
2018-02-06T00:00:00,3.32
2018-02-06T04:00:00,3.32
2018-02-07T00:00:00,3.33
2018-02-07T04:00:00,3.33
2018-02-08T00:00:00,3.35
2018-02-08T04:00:00,3.35
2018-02-09T00:00:00,3.36
2018-02-09T04:00:00,3.36
2018-02-10T00:00:00,3.35
2018-02-10T04:00:00,3.35
2018-02-11T00:00:00,3.39
2018-02-11T04:00:00,3.39
2018-02-12T00:00:00,3.44
2018-02-12T04:00:00,3.44
2018-02-13T00:00:00,3.5
2018-02-13T04:00:00,3.5
2018-02-14T00:00:00,3.48
2018-02-14T04:00:00,3.48
2018-02-15T00:00:00,3.48
2018-02-15T04:00:00,3.48
2018-02-16T00:00:00,3.45
2018-02-16T04:00:00,3.45
2018-02-17T00:00:00,3.4
2018-02-17T04:00:00,3.4
2018-02-18T00:00:00,3.44
2018-02-18T04:00:00,3.44
2018-02-19T00:00:00,3.45
2018-02-19T04:00:00,3.45
2018-02-20T00:00:00,3.45
2018-02-20T04:00:00,3.45
2018-02-21T00:00:00,3.43
2018-02-21T04:00:00,3.43
2018-02-22T00:00:00,3.48
2018-02-22T04:00:00,3.48
2018-02-23T00:00:00,3.5
2018-02-23T04:00:00,3.5
2018-02-24T00:00:00,3.48
2018-02-24T04:00:00,3.48
2018-02-25T00:00:00,3.53
2018-02-25T04:00:00,3.53
2018-02-26T00:00:00,3.54
2018-02-26T04:00:00,3.54
2018-02-27T00:00:00,3.51
2018-02-27T04:00:00,3.51
2018-02-28T00:00:00,3.52
2018-02-28T04:00:00,3.52
2018-03-01T00:00:00,3.5
2018-03-01T04:00:00,3.5
2018-03-02T00:00:00,3.49
2018-03-02T04:00:00,3.49
2018-03-03T00:00:00,3.5
2018-03-03T04:00:00,3.5
2018-03-04T00:00:00,3.5
2018-03-04T04:00:00,3.5
2018-03-05T00:00:00,3.5
2018-03-05T04:00:00,3.5
2018-03-06T00:00:00,3.45
2018-03-06T04:00:00,3.45
2018-03-07T00:00:00,3.5
2018-03-07T04:00:00,3.5
2018-03-08T00:00:00,3.52
2018-03-08T04:00:00,3.52
2018-03-09T00:00:00,3.48
2018-03-09T04:00:00,3.48
2018-03-10T00:00:00,3.48
2018-03-10T04:00:00,3.48
2018-03-11T00:00:00,3.45
2018-03-11T04:00:00,3.45
2018-03-12T04:00:00,3.41
2018-03-13T04:00:00,3.45
2018-03-14T04:00:00,3.45
2018-03-15T04:00:00,3.43
2018-03-16T04:00:00,3.4
2018-03-17T04:00:00,3.45
2018-03-18T04:00:00,3.44
2018-03-19T04:00:00,3.36
2018-03-20T04:00:00,3.36
2018-03-21T04:00:00,3.39
2018-03-22T04:00:00,3.44
2018-03-23T04:00:00,3.5
2018-03-24T04:00:00,3.44
2018-03-25T04:00:00,3.38
2018-03-26T04:00:00,3.41
2018-03-27T04:00:00,3.48
2018-03-28T04:00:00,3.48
2018-03-29T04:00:00,3.45
2018-03-30T04:00:00,3.43
2018-03-31T04:00:00,3.43
2018-04-01T04:00:00,3.45
2018-04-02T04:00:00,3.46
2018-04-03T04:00:00,3.48
2018-04-04T04:00:00,3.51
2018-04-05T04:00:00,3.48
2018-04-06T04:00:00,3.48
2018-04-07T04:00:00,3.46
2018-04-08T04:00:00,3.59
2018-04-09T04:00:00,3.6
2018-04-10T04:00:00,3.59
2018-04-11T04:00:00,3.57
2018-04-12T04:00:00,3.5
2018-04-13T04:00:00,3.5
2018-04-14T04:00:00,3.55
2018-04-15T04:00:00,3.53
2018-04-16T04:00:00,3.55
2018-04-17T04:00:00,3.54
2018-04-18T04:00:00,3.48
2018-04-19T04:00:00,3.45
2018-04-20T04:00:00,3.48
2018-04-21T04:00:00,3.57
2018-04-22T04:00:00,3.54
2018-04-23T04:00:00,3.55
2018-04-24T04:00:00,3.55
2018-04-25T04:00:00,3.57
2018-04-26T04:00:00,3.57
2018-04-27T04:00:00,3.53
2018-04-28T04:00:00,3.5
2018-04-29T04:00:00,3.5
2018-04-30T04:00:00,3.53
2018-05-01T04:00:00,3.5
2018-05-02T04:00:00,3.55
2018-05-03T04:00:00,3.6
2018-05-04T04:00:00,3.62
2018-05-07T04:00:00,3.56
2018-05-08T04:00:00,3.53
2018-05-09T04:00:00,3.49
2018-05-10T04:00:00,3.49
2018-05-11T04:00:00,3.51
2018-05-12T04:00:00,3.67
2018-05-13T04:00:00,3.7
2018-05-14T04:00:00,3.68
2018-05-15T04:00:00,3.63
2018-05-16T04:00:00,3.6
2018-05-17T04:00:00,3.64
2018-05-18T04:00:00,3.62
2018-05-19T04:00:00,3.61
2018-05-20T04:00:00,3.58
2018-05-21T04:00:00,3.56
2018-05-22T04:00:00,3.58
2018-05-23T04:00:00,3.53
2018-05-24T04:00:00,3.54
2018-05-25T04:00:00,3.52
2018-05-26T04:00:00,3.49
2018-05-27T04:00:00,3.45
2018-05-28T04:00:00,3.43
2018-05-29T04:00:00,3.4
2018-05-30T04:00:00,3.36
2018-05-31T04:00:00,3.36
2018-06-01T04:00:00,3.32
2018-06-02T04:00:00,3.33
2018-06-03T04:00:00,3.33
2018-06-04T04:00:00,3.31
2018-06-05T04:00:00,3.24
2018-06-06T04:00:00,3.24
2018-06-07T04:00:00,3.13
2018-06-08T04:00:00,3
2018-06-09T04:00:00,3
2018-06-10T04:00:00,2.95
2018-06-11T04:00:00,2.92
2018-06-12T04:00:00,2.87
2018-06-13T04:00:00,2.8
2018-06-14T04:00:00,2.7
2018-06-15T04:00:00,2.69
2018-06-16T04:00:00,2.67
2018-06-17T04:00:00,2.55
2018-06-18T04:00:00,2.47
2018-06-19T04:00:00,2.42
2018-06-20T04:00:00,2.34
2018-06-21T04:00:00,2.31
2018-06-22T04:00:00,2.32
2018-06-23T04:00:00,2.34
2018-06-24T04:00:00,2.34
2018-06-25T04:00:00,2.32
2018-06-26T04:00:00,2.36
2018-06-27T04:00:00,2.24
2018-06-28T04:00:00,2.15
2018-06-29T04:00:00,2.1
2018-06-30T04:00:00,2.07
2018-07-01T04:00:00,2.05
2018-07-02T04:00:00,2.03
2018-07-03T04:00:00,2.02
2018-07-04T04:00:00,2.05
2018-07-05T04:00:00,2.19
2018-07-06T04:00:00,2.1
2018-07-07T04:00:00,2.1
2018-07-08T04:00:00,2.03
2018-07-09T04:00:00,2.1
2018-07-10T04:00:00,2.1
2018-07-11T04:00:00,2.05
2018-07-12T04:00:00,2.03
2018-07-13T04:00:00,1.95
2018-07-17T04:00:00,2.1
2018-07-18T04:00:00,2.05
2018-07-19T04:00:00,2.06
2018-07-20T04:00:00,1.88
2018-07-21T04:00:00,1.8
2018-07-22T04:00:00,1.69
2018-07-23T04:00:00,1.64
2018-07-24T04:00:00,1.58
2018-07-25T04:00:00,1.71
2018-07-26T04:00:00,1.76
2018-07-27T04:00:00,1.83
2018-07-28T04:00:00,1.89
2018-07-29T04:00:00,1.74
2018-07-30T04:00:00,1.6
2018-07-31T04:00:00,1.55
2018-08-01T04:00:00,1.65
2018-08-02T04:00:00,1.72
2018-08-03T04:00:00,1.6
2018-08-04T04:00:00,1.57
2018-08-05T04:00:00,1.43
2018-08-06T04:00:00,1.38
2018-08-07T04:00:00,1.4
2018-08-08T04:00:00,1.5
2018-08-09T04:00:00,1.43
2018-08-10T04:00:00,1.9
2018-08-11T04:00:00,2.08
2018-08-12T04:00:00,1.95
2018-08-13T04:00:00,1.84
2018-08-14T04:00:00,1.78
2018-08-15T04:00:00,1.65
2018-08-16T04:00:00,1.62
2018-08-17T04:00:00,1.67
2018-08-18T04:00:00,1.65
2018-08-19T04:00:00,1.58
2018-08-20T04:00:00,1.72
2018-08-21T04:00:00,1.85
2018-08-22T04:00:00,1.83
2018-08-23T04:00:00,1.74
2018-08-24T04:00:00,1.77
2018-08-25T04:00:00,1.66
2018-08-26T04:00:00,1.8
2018-08-27T04:00:00,1.9
2018-08-28T04:00:00,1.84
2018-08-29T04:00:00,1.65
2018-08-30T04:00:00,1.65
2018-08-31T04:00:00,1.65
2018-09-01T04:00:00,2.05
2018-09-02T04:00:00,2.25
2018-09-03T04:00:00,2.1
2018-09-04T04:00:00,2
2018-09-05T04:00:00,1.87
2018-09-06T04:00:00,1.75
2018-09-07T04:00:00,1.76
2018-09-08T04:00:00,1.7
2018-09-09T04:00:00,1.74
2018-09-10T04:00:00,1.85
2018-09-11T04:00:00,1.9
2018-09-12T04:00:00,1.82
2018-09-13T04:00:00,1.72
2018-09-14T04:00:00,1.65
2018-09-15T04:00:00,1.75
2018-09-16T04:00:00,1.68
2018-09-17T04:00:00,1.7
2018-09-18T04:00:00,1.62
2018-09-19T04:00:00,1.55
2018-09-20T04:00:00,1.5
2018-09-21T04:00:00,1.49
2018-09-22T04:00:00,1.44
2018-09-23T04:00:00,1.37
2018-09-24T04:00:00,1.35
2018-09-25T04:00:00,1.37
2018-09-26T04:00:00,1.4
2018-09-27T04:00:00,1.38
2018-09-28T04:00:00,1.37
2018-09-29T04:00:00,1.53
2018-09-30T04:00:00,1.48
2018-10-01T04:00:00,1.44
2018-10-02T04:00:00,1.61
2018-10-03T04:00:00,1.84
2018-10-04T04:00:00,1.81
2018-10-05T04:00:00,1.9
2018-10-06T04:00:00,1.97
2018-10-07T04:00:00,2.03
2018-10-08T04:00:00,2
2018-10-09T04:00:00,1.98
2018-10-10T04:00:00,2
2018-10-11T04:00:00,2.07
2018-10-12T04:00:00,2.27
2018-10-13T04:00:00,2.29
2018-10-14T04:00:00,2.25
2018-10-15T04:00:00,2
2018-10-16T04:00:00,2.15
2018-10-17T04:00:00,2.2
2018-10-18T04:00:00,2.3
2018-10-19T04:00:00,2.3
2018-10-20T04:00:00,2.52
2018-10-21T04:00:00,3.58
2018-10-22T04:00:00,2.48
2018-10-23T04:00:00,2.4
2018-10-24T04:00:00,2.45
2018-10-25T04:00:00,2.6
2018-10-26T04:00:00,2.55
2018-10-27T04:00:00,2.55
2018-10-28T04:00:00,2.58
2018-10-29T04:00:00,2.6
2018-10-30T04:00:00,2.59
2018-10-31T04:00:00,2.66
2018-11-01T04:00:00,2.65
2018-11-02T04:00:00,2.8
2018-11-03T04:00:00,2.82
2018-11-04T04:00:00,2.78
2018-11-05T04:00:00,2.75
2018-11-06T04:00:00,2.73
2018-11-07T04:00:00,2.7
2018-11-08T04:00:00,2.79
2018-11-09T04:00:00,2.85
2018-11-10T04:00:00,2.8
2018-11-11T04:00:00,2.84
2018-11-12T04:00:00,3.04
2018-11-13T04:00:00,3.12
2018-11-14T04:00:00,3.36
2018-11-15T04:00:00,3.36
2018-11-16T04:00:00,3.37
2018-11-17T04:00:00,3.44
2018-11-18T04:00:00,3.5
2018-11-19T04:00:00,3.45
2018-11-20T00:00:00,3.5
2018-11-20T04:00:00,3.5
2018-11-21T00:00:00,3.48
2018-11-21T04:00:00,3.48
2018-11-22T00:00:00,3.47
2018-11-22T04:00:00,3.47
2018-11-23T00:00:00,3.5
2018-11-23T04:00:00,3.5
2018-11-24T00:00:00,3.56
2018-11-24T04:00:00,3.56
2018-11-25T00:00:00,3.6
2018-11-25T04:00:00,3.6
2018-11-26T00:00:00,3.62
2018-11-26T04:00:00,3.62
2018-11-27T00:00:00,3.6
2018-11-27T04:00:00,3.6
2018-11-28T00:00:00,3.6
2018-11-28T04:00:00,3.6
2018-11-29T00:00:00,3.62
2018-11-29T04:00:00,3.62
2018-11-30T00:00:00,3.64
2018-11-30T04:00:00,3.67
2018-12-01T00:00:00,3.65
2018-12-01T04:00:00,3.65
2018-12-02T00:00:00,3.64
2018-12-02T04:00:00,3.64
2018-12-03T00:00:00,3.67
2018-12-03T04:00:00,3.67
2018-12-04T00:00:00,3.68
2018-12-04T04:00:00,3.68
2018-12-05T00:00:00,3.68
2018-12-05T04:00:00,3.68
2018-12-06T00:00:00,3.68
2018-12-06T04:00:00,3.68
2018-12-07T00:00:00,3.67
2018-12-07T04:00:00,3.67
2018-12-08T00:00:00,3.69
2018-12-08T04:00:00,3.69
2018-12-09T00:00:00,3.66
2018-12-09T04:00:00,3.66
2018-12-10T00:00:00,3.61
2018-12-10T04:00:00,3.64
2018-12-11T00:00:00,3.6
2018-12-11T04:00:00,3.6
2018-12-12T00:00:00,3.66
2018-12-12T04:00:00,3.66
2018-12-13T00:00:00,3.64
2018-12-13T04:00:00,3.65
2018-12-14T00:00:00,3.75
2018-12-14T04:00:00,3.75
2018-12-15T00:00:00,3.75
2018-12-15T04:00:00,3.75
2018-12-16T00:00:00,3.77
2018-12-16T04:00:00,3.77
2018-12-17T00:00:00,3.75
2018-12-17T04:00:00,3.75
2018-12-18T00:00:00,3.76
2018-12-18T04:00:00,3.76
2018-12-19T00:00:00,3.78
2018-12-19T04:00:00,3.78
2018-12-20T00:00:00,3.8
2018-12-20T04:00:00,3.8
2018-12-21T00:00:00,3.78
2018-12-21T00:00:00,3.78
2018-12-21T04:00:00,3.78
2018-12-22T00:00:00,3.77
2018-12-23T00:00:00,3.76
2018-12-23T04:00:00,3.76
2018-12-24T00:00:00,3.78
2018-12-24T04:00:00,3.78
2018-12-25T00:00:00,3.75
2018-12-25T04:00:00,3.75
2018-12-26T00:00:00,3.77
2018-12-26T04:00:00,3.77
2018-12-27T00:00:00,3.76
2018-12-27T04:00:00,3.76
2018-12-28T00:00:00,3.75
2018-12-30T00:00:00,3.77
2018-12-31T00:00:00,3.71
2019-01-01T00:00:00,3.75
2019-01-01T04:00:00,3.75
2019-01-02T00:00:00,3.73
2019-01-02T04:00:00,3.73
2019-01-03T00:00:00,3.75
2019-01-03T04:00:00,3.75
2019-01-04T00:00:00,3.72
2019-01-04T04:00:00,3.72
2019-01-05T00:00:00,3.73
2019-01-05T04:00:00,3.73
2019-01-06T00:00:00,3.73
2019-01-06T04:00:00,3.73
2019-01-07T00:00:00,3.69
2019-01-07T04:00:00,3.69
2019-01-08T00:00:00,3.68
2019-01-08T04:00:00,3.68
2019-01-09T00:00:00,3.68
2019-01-09T04:00:00,3.68
2019-01-10T00:00:00,3.66
2019-01-10T04:00:00,3.66
2019-01-11T04:00:00,3.69
2019-01-12T04:00:00,3.78
2019-01-13T04:00:00,3.74
2019-01-14T04:00:00,3.79
2019-01-15T04:00:00,3.79
2019-01-16T04:00:00,3.83
2019-01-17T04:00:00,3.84
2019-01-18T04:00:00,3.86
2019-01-19T04:00:00,3.87
2019-01-20T04:00:00,3.91
2019-01-21T04:00:00,3.98
2019-01-22T04:00:00,3.96
2019-01-23T04:00:00,3.95
2019-01-24T04:00:00,3.98
2019-01-25T00:00:00,4
2019-01-25T04:00:00,4
2019-01-26T00:00:00,4.08
2019-01-26T04:00:00,4.06
2019-01-27T00:00:00,4.1
2019-01-27T04:00:00,4.11
2019-01-28T00:00:00,4.14
2019-01-28T04:00:00,4.14
2019-01-29T00:00:00,4.16
2019-01-29T04:00:00,4.16
2019-01-30T00:00:00,4.19
2019-01-30T04:00:00,4.19
2019-01-31T00:00:00,4.25
2019-01-31T04:00:00,4.25
2019-02-01T00:00:00,4.29
2019-02-01T04:00:00,4.29
2019-02-02T00:00:00,4.3
2019-02-02T04:00:00,4.3
2019-02-03T00:00:00,4.25
2019-02-03T04:00:00,4.25
2019-02-04T00:00:00,4.26
2019-02-04T04:00:00,4.26
2019-02-05T00:00:00,4.3
2019-02-05T04:00:00,4.3
2019-02-06T00:00:00,4.31
2019-02-06T04:00:00,4.31
2019-02-07T00:00:00,4.29
2019-02-07T04:00:00,4.29
2019-02-08T00:00:00,4.29
2019-02-08T04:00:00,4.29
2019-02-09T00:00:00,4.27
2019-02-09T04:00:00,4.27
2019-02-10T00:00:00,4.24
2019-02-10T04:00:00,4.24
2019-02-11T00:00:00,4.22
2019-02-11T04:00:00,4.22
2019-02-12T00:00:00,4.18
2019-02-12T04:00:00,4.18
2019-02-13T00:00:00,4.15
2019-02-13T04:00:00,4.15
2019-02-14T00:00:00,4.17
2019-02-14T04:00:00,4.17
2019-02-15T00:00:00,4.17
2019-02-15T04:00:00,4.17
2019-02-16T00:00:00,4.1
2019-02-16T04:00:00,4.15
2019-02-17T00:00:00,4.09
2019-02-17T04:00:00,4.09
2019-02-18T00:00:00,4.04
2019-02-18T04:00:00,4.04
2019-02-19T00:00:00,4.04
2019-02-19T04:00:00,4.04
2019-02-20T00:00:00,4.02
2019-02-20T04:00:00,4.02
2019-02-21T00:00:00,4.01
2019-02-21T04:00:00,4.01
2019-02-22T00:00:00,3.93
2019-02-22T04:00:00,3.93
2019-02-23T00:00:00,3.87
2019-02-23T04:00:00,3.87
2019-02-24T00:00:00,3.84
2019-02-24T04:00:00,3.84
2019-02-25T00:00:00,3.85
2019-02-25T04:00:00,3.85
2019-02-26T00:00:00,3.83
2019-02-26T04:00:00,3.83
2019-02-27T00:00:00,3.75
2019-02-27T04:00:00,3.75
2019-02-28T00:00:00,3.71
2019-02-28T04:00:00,3.71
2019-03-01T00:00:00,3.65
2019-03-01T04:00:00,3.65
2019-03-02T00:00:00,3.63
2019-03-02T04:00:00,3.63
2019-03-03T00:00:00,3.52
2019-03-03T04:00:00,3.52
2019-03-04T00:00:00,3.5
2019-03-04T04:00:00,3.5
2019-03-05T00:00:00,3.5
2019-03-05T04:00:00,3.5
2019-03-06T00:00:00,3.48
2019-03-06T04:00:00,3.48
2019-03-07T00:00:00,3.43
2019-03-07T04:00:00,3.43
2019-03-08T00:00:00,3.36
2019-03-08T04:00:00,3.36
2019-03-09T00:00:00,3.36
2019-03-09T04:00:00,3.36
2019-03-10T00:00:00,3.38
2019-03-10T04:00:00,3.38
2019-03-11T00:00:00,3.36
2019-03-11T04:00:00,3.36
2019-03-12T00:00:00,3.27
2019-03-12T04:00:00,3.27
2019-03-13T00:00:00,3.15
2019-03-13T04:00:00,3.15
2019-03-14T00:00:00,3.12
2019-03-14T04:00:00,3.12
2019-03-15T00:00:00,3.1
2019-03-15T04:00:00,3.1
2019-03-16T00:00:00,3.08
2019-03-16T04:00:00,3.08
2019-03-17T00:02:00,3.05
2019-03-17T04:00:00,3.05
2019-03-18T00:00:00,3
2019-03-18T04:00:00,3
2019-03-19T00:00:00,2.95
2019-03-19T04:00:00,2.95
2019-03-20T00:00:00,2.94
2019-03-20T04:00:00,2.94
2019-03-21T00:00:00,3
2019-03-21T04:00:00,3
2019-03-22T00:00:00,3.02
2019-03-22T04:00:00,3.02
2019-03-23T00:00:00,3
2019-03-23T04:00:00,3
2019-03-24T00:00:00,2.95
2019-03-24T04:00:00,2.95
2019-03-25T00:00:00,2.9
2019-03-25T04:00:00,2.9
2019-03-26T00:00:00,2.95
2019-03-26T04:00:00,2.95
2019-03-27T00:00:00,2.99
2019-03-27T04:00:00,2.99
2019-03-28T00:00:00,2.96
2019-03-28T04:00:00,2.96
2019-03-29T00:00:00,2.97
2019-03-29T04:00:00,2.97
2019-03-30T00:00:00,2.89
2019-03-31T00:00:00,2.87
2019-03-31T04:00:00,2.87
2019-04-01T00:00:00,2.82
2019-04-01T04:00:00,2.82
2019-04-02T00:00:00,2.8
2019-04-02T04:00:00,2.84
2019-04-03T00:00:00,2.82
2019-04-03T04:00:00,2.82
2019-04-04T00:00:00,2.79
2019-04-04T04:00:00,2.79
2019-04-05T00:00:00,2.83
2019-04-05T04:00:00,2.83
2019-04-06T00:00:00,2.76
2019-04-07T00:00:00,2.9
2019-04-08T00:00:00,2.86
2019-04-09T00:00:00,2.8
2019-04-10T00:00:00,2.77
2019-04-11T00:00:00,2.76
2019-04-12T00:00:00,2.72
2019-04-13T00:00:00,2.84
2019-04-14T00:00:00,2.8
2019-04-15T00:00:00,2.78
2019-04-16T00:00:00,2.8
2019-04-17T00:00:00,2.9
2019-04-18T00:00:00,2.88
2019-04-19T00:00:00,2.83
2019-04-20T00:00:00,2.85
2019-04-21T00:00:00,2.87
2019-04-22T00:00:00,2.92
2019-04-23T00:00:00,2.96
2019-04-24T00:00:00,2.95
2019-04-25T00:00:00,2.96
2019-04-26T00:00:00,3
2019-04-27T00:00:00,3
2019-04-28T00:00:00,3
2019-04-29T00:00:00,2.99
2019-04-30T00:00:00,2.98
2019-05-01T00:00:00,2.96
2019-05-02T00:00:00,3.05
2019-05-03T00:00:00,3.02
2019-05-04T00:00:00,3.02
2019-05-05T00:00:00,3.1
2019-05-06T00:00:00,3.12
2019-05-07T00:00:00,3.19
2019-05-08T00:00:00,3.26
2019-05-09T00:00:00,3.23
2019-05-10T00:00:00,3.22
2019-05-11T00:00:00,3.19
2019-05-12T00:00:00,3.17
2019-05-13T00:00:00,3.25
2019-05-14T00:00:00,3.26
2019-05-15T00:00:00,3.29
2019-05-16T00:00:00,3.35
2019-05-17T00:00:00,3.38
2019-05-18T00:00:00,3.35
2019-05-19T00:00:00,3.35
2019-05-20T00:00:00,3.35
2019-05-21T00:00:00,3.39
2019-05-22T00:00:00,3.47
2019-05-23T00:00:00,3.48
2019-05-24T00:00:00,3.5
2019-05-25T00:00:00,3.52
2019-05-26T00:00:00,3.56
2019-05-27T00:00:00,3.52
2019-05-28T00:00:00,3.58
2019-05-29T00:00:00,3.57
2019-05-30T00:00:00,3.58
2019-05-31T00:00:00,3.62
2019-06-01T00:00:00,3.63
2019-06-02T00:00:00,3.63
2019-06-03T00:00:00,3.62
2019-06-04T00:00:00,3.6
2019-06-05T00:00:00,3.63
2019-06-06T00:00:00,3.67
2019-06-07T00:00:00,3.64
2019-06-08T00:00:00,3.61
2019-06-09T00:00:00,3.62
2019-06-10T00:00:00,3.65
2019-06-11T00:00:00,3.66
2019-06-12T00:00:00,3.66
2019-06-13T00:00:00,3.7
2019-06-14T00:00:00,3.71
2019-06-15T00:00:00,3.7
2019-06-16T00:00:00,3.72
2019-06-17T00:00:00,3.76
2019-06-18T00:00:00,3.72
2019-06-19T00:00:00,3.79
2019-06-20T00:00:00,3.79
2019-06-21T00:00:00,3.82
2019-06-22T00:00:00,3.84
2019-06-23T00:00:00,3.87
2019-06-24T00:00:00,3.87
2019-06-25T00:00:00,3.88
2019-06-26T00:00:00,3.78
2019-06-27T00:00:00,3.8
2019-06-28T00:00:00,3.85
2019-06-29T00:00:00,3.86
2019-06-30T00:00:00,3.85
2019-07-01T00:00:00,3.83
2019-07-02T00:00:00,3.8
2019-07-03T00:00:00,3.82
2019-07-04T00:00:00,3.78
2019-07-05T00:00:00,3.75
2019-07-06T00:00:00,3.73
2019-07-07T00:00:00,3.75
2019-07-08T00:00:00,3.72
2019-07-09T00:00:00,3.7
2019-07-10T00:00:00,3.67
2019-07-11T00:00:00,3.61
2019-07-12T00:00:00,3.61
2019-07-13T00:00:00,3.56
2019-07-14T00:00:00,3.51
2019-07-14T01:00:00,3.51
2019-07-15T00:00:00,3.53
2019-07-16T00:00:00,3.48
2019-07-17T00:00:00,3.4
2019-07-18T00:00:00,3.41
2019-07-19T00:00:00,3.34
2019-07-20T00:00:00,3.26
2019-07-21T00:00:00,3.22
2019-07-22T00:00:00,3.2
2019-07-23T00:00:00,3.1
2019-07-24T00:00:00,3.06
2019-07-25T00:00:00,3
2019-07-26T00:00:00,3
2019-07-27T00:00:00,2.96
2019-07-28T00:00:00,2.95
2019-07-29T00:00:00,2.89
2019-07-30T00:00:00,2.8
2019-07-31T00:00:00,2.75
2019-08-01T00:00:00,2.73
2019-08-02T00:00:00,2.65
2019-08-03T00:00:00,2.62
2019-08-04T00:00:00,2.64
2019-08-05T00:00:00,2.72
2019-08-06T00:00:00,2.67
2019-08-06T12:00:00,2.65
2019-08-07T00:00:00,2.62
2019-08-07T12:00:00,2.6
2019-08-08T00:00:00,2.59
2019-08-08T12:00:00,2.58
2019-08-09T00:00:00,2.51
2019-08-09T12:00:00,2.63
2019-08-10T00:00:00,2.65
2019-08-10T12:00:00,2.65
2019-08-11T00:00:00,2.65
2019-08-12T00:00:00,2.56
2019-08-12T12:00:00,2.55
2019-08-13T00:00:00,2.5
2019-08-13T12:00:00,2.45
2019-08-14T00:00:00,2.48
2019-08-14T12:00:00,2.45
2019-08-15T00:00:00,2.45
2019-08-15T12:00:00,2.4
2019-08-16T00:00:00,2.35
2019-08-16T12:00:00,2.26
2019-08-17T00:00:00,2.23
2019-08-17T12:00:00,2.18
2019-08-18T00:00:00,2.15
2019-08-18T12:00:00,2.15
2019-08-19T00:00:00,2.13
2019-08-19T12:00:00,2.2
2019-08-20T00:00:00,2.23
2019-08-20T12:00:00,2.18
2019-08-21T00:00:00,2.15
2019-08-21T12:00:00,2.13
2019-08-22T00:00:00,2.11
2019-08-23T00:00:00,1.98
2019-08-24T00:00:00,1.96
2019-08-25T00:00:00,1.83
2019-08-26T00:00:00,1.96
2019-08-27T00:00:00,1.61
2019-08-28T00:00:00,1.57
2019-08-29T00:00:00,1.53
2019-08-30T00:00:00,1.43
2019-08-31T00:00:00,1.48
2019-09-01T00:00:00,1.52
2019-09-02T00:00:00,1.52
2019-09-03T00:00:00,1.55
2019-09-04T00:00:00,1.52
2019-09-05T00:00:00,1.6
2019-09-06T00:00:00,1.7
2019-09-07T00:00:00,1.78
2019-09-08T00:00:00,1.64
2019-09-09T00:00:00,1.38
2019-09-10T00:00:00,1.46
2019-09-11T00:00:00,1.48
2019-09-12T00:00:00,1.68
2019-09-13T00:00:00,1.63
2019-09-14T00:00:00,1.6
2019-09-15T00:00:00,1.7
2019-09-16T00:00:00,1.6
2019-09-17T00:00:00,1.59
2019-09-18T00:00:00,1.6
2019-09-19T00:00:00,1.62
2019-09-20T00:00:00,1.59
2019-09-21T00:00:00,1.56
2019-09-21T01:00:00,1.56
2019-09-22T00:00:00,1.52
2019-09-23T00:00:00,1.55
2019-09-24T00:00:00,1.63
2019-09-25T00:00:00,1.51
2019-09-26T00:00:00,1.48
2019-09-27T00:00:00,1.49
2019-09-28T00:00:00,1.69
2019-09-29T00:00:00,1.63
2019-09-30T00:00:00,1.5
2019-10-01T00:00:00,1.45
2019-10-02T00:00:00,1.49
2019-10-03T00:00:00,1.8
2019-10-04T00:00:00,2
2019-10-05T00:00:00,1.91
2019-10-06T00:00:00,1.65
2019-10-07T00:00:00,1.46
2019-10-08T00:00:00,1.26
2019-10-09T00:00:00,1.2
2019-10-10T00:00:00,1.18
2019-10-11T00:00:00,1.22
2019-10-12T00:00:00,1.27
2019-10-13T00:00:00,1.6
2019-10-14T00:00:00,1.48
2019-10-15T00:00:00,1.82
2019-10-16T00:00:00,2.05
2019-10-17T00:00:00,1.82
2019-10-18T00:00:00,1.55
2019-10-19T00:00:00,1.43
2019-10-20T00:00:00,1.33
2019-10-21T00:00:00,1.27
2019-10-22T00:00:00,1.14
2019-10-23T00:00:00,1.07
2019-10-27T00:00:00,1.08
2019-10-28T00:00:00,1.07
2019-10-29T00:00:00,1.08
2019-10-30T00:00:00,1.25
2019-10-31T00:00:00,1.35
2019-11-01T00:00:00,1.43
2019-11-02T00:00:00,1.36
2019-11-03T00:00:00,1.17
2019-11-04T00:00:00,1.32
2019-11-05T00:00:00,1.44
2019-11-06T00:00:00,1.46
2019-11-07T00:00:00,1.63
2019-11-08T00:00:00,1.48
2019-11-09T00:00:00,1.77
2019-11-10T00:00:00,1.82
2019-11-11T00:00:00,1.8
2019-11-12T00:00:00,1.8
2019-11-13T00:00:00,1.66
2019-11-14T00:00:00,1.58
2019-11-15T00:00:00,1.6
2019-11-16T00:00:00,1.66
2019-11-17T00:00:00,1.57
2019-11-18T00:00:00,1.53
2019-11-19T00:00:00,1.5
2019-11-20T00:00:00,1.5
2019-11-21T00:00:00,1.55
2019-11-22T00:00:00,1.5
2019-11-23T00:00:00,1.65
2019-11-24T00:00:00,1.89
2019-11-25T00:00:00,1.74
2019-11-26T00:00:00,1.52
2019-11-27T00:00:00,1.27
2019-11-28T00:00:00,1.24
2019-11-29T00:00:00,1.3
2019-11-30T00:00:00,1.23
2019-12-01T00:00:00,1.14
2019-12-02T00:00:00,1.48
2019-12-03T00:00:00,1.49
2019-12-04T00:00:00,1.33
2019-12-05T00:00:00,1.15
2019-12-06T00:00:00,1.18
2019-12-07T00:00:00,1.13
2019-12-08T00:00:00,1.28
2019-12-09T00:00:00,1.16
2019-12-10T00:00:00,1.08
2019-12-11T00:00:00,1
2019-12-14T00:00:00,1.25
2019-12-15T00:00:00,1.15
2019-12-16T00:00:00,1
2019-12-17T00:00:00,1.3
2019-12-18T00:00:00,1.3
2019-12-19T00:00:00,1.51
2019-12-20T00:00:00,1.35
2019-12-21T00:00:00,1.42
2019-12-22T00:00:00,1.58
2019-12-23T00:00:00,1.75
2019-12-24T00:00:00,1.65
2019-12-25T00:00:00,1.5
2019-12-26T00:00:00,1.58
2019-12-27T00:00:00,1.68
2019-12-28T00:00:00,1.58
2019-12-29T00:00:00,1.5
2019-12-30T00:00:00,1.5
2019-12-31T00:00:00,1.65
2020-01-01T00:00:00,1.68
2020-01-02T00:00:00,1.76
2020-01-03T00:00:00,1.85
2020-01-04T00:00:00,1.8
2020-01-05T00:00:00,1.63
2020-01-06T00:00:00,1.55
2020-01-07T00:00:00,1.48
2020-01-08T00:00:00,1.4
2020-01-09T00:00:00,1.45
2020-01-10T00:00:00,1.38
2020-01-11T00:00:00,1.52
2020-01-12T00:00:00,1.59
2020-01-13T00:00:00,1.6
2020-01-14T00:00:00,1.74
2020-01-15T00:00:00,1.64
2020-01-16T00:00:00,1.58
2020-01-17T00:00:00,1.76
2020-01-18T00:00:00,1.97
2020-01-19T00:00:00,1.92
2020-01-20T00:00:00,1.75
2020-01-21T00:00:00,1.66
2020-01-22T00:00:00,1.7
2020-01-23T00:00:00,1.71
2020-01-24T00:00:00,1.8
2020-01-25T00:00:00,1.65
2020-01-26T00:00:00,1.65
2020-01-27T00:00:00,1.77
2020-01-28T00:00:00,1.85
2020-01-29T00:00:00,2.08
2020-01-30T00:00:00,1.92
2020-01-31T00:00:00,2.05
2020-02-01T00:00:00,2.06
2020-02-02T00:00:00,1.92
2020-02-03T00:00:00,1.86
2020-02-04T00:00:00,1.92
2020-02-05T00:00:00,1.8
2020-02-06T00:00:00,1.71
2020-02-07T00:00:00,1.71
2020-02-08T00:00:00,1.78
2020-02-09T00:00:00,1.84
2020-02-10T00:00:00,1.9
2020-02-11T00:00:00,2.05
2020-02-12T00:00:00,1.98
2020-02-13T00:00:00,1.89
2020-02-14T00:00:00,1.8
2020-02-15T00:00:00,1.78
2020-02-16T00:00:00,1.78
2020-02-17T00:00:00,1.8
2020-02-18T00:00:00,1.82
2020-02-19T00:00:00,1.78
2020-02-20T00:00:00,1.68
2020-02-21T00:00:00,1.91
2020-02-22T00:00:00,2.16
2020-02-23T00:00:00,2.3
2020-02-24T00:00:00,2.2
2020-02-25T00:00:00,2.08
2020-02-26T00:00:00,2.07
2020-02-27T00:00:00,2.15
2020-02-28T00:00:00,2.18
2020-02-29T00:00:00,2.08
2020-03-01T00:00:00,2.04
2020-03-02T00:00:00,2.06
2020-03-03T00:00:00,2
2020-03-04T00:00:00,1.9
2020-03-05T00:00:00,1.85
2020-03-06T00:00:00,1.9
2020-03-07T00:00:00,1.8
2020-03-08T00:00:00,1.68
2020-03-09T00:00:00,1.6
2020-03-10T00:00:00,1.58
2020-03-11T00:00:00,1.75
2020-03-12T00:00:00,1.86
2020-03-13T00:00:00,1.69
2020-03-14T00:00:00,1.6
2020-03-15T00:00:00,1.58
2020-03-16T00:00:00,1.68
2020-03-17T00:00:00,1.68
2020-03-18T00:00:00,1.62
2020-03-19T00:00:00,1.65
2020-03-19T08:00:00,1.65
2020-03-20T00:00:00,1.67
2020-03-21T00:00:00,1.52
2020-03-22T00:00:00,1.45
2020-03-23T00:00:00,1.29
2020-03-24T00:00:00,1.19
2020-03-25T00:00:00,1.25
2020-03-26T00:00:00,1.2
2020-03-27T00:00:00,1.35
2020-03-28T00:00:00,1.35
2020-03-29T00:00:00,1.23
2020-03-30T00:00:00,1.19
2020-03-31T00:00:00,1.23
2020-04-01T00:00:00,1.33
2020-04-02T00:00:00,1.34
2020-04-03T00:00:00,1.07
2020-04-04T00:00:00,1.29
2020-04-05T00:00:00,1.19
2020-04-06T00:00:00,1.1
2020-04-07T00:00:00,1.02
2020-04-08T00:00:00,1
2020-04-09T00:00:00,0.98
2020-04-09T12:00:00,0
2020-04-10T00:00:00,0.9
2020-04-10T12:00:00,0
2020-04-11T00:00:00,0.87
2020-04-11T12:00:00,0
2020-04-12T00:00:00,0.82
2020-04-12T12:00:00,0
2020-04-13T00:00:00,0.77
2020-04-14T00:00:00,0.74
2020-04-15T00:00:00,0.74
2020-04-16T00:00:00,0.82
2020-04-16T06:00:00,0.82
2020-04-16T12:00:00,0.84
2020-04-17T00:00:00,0.86
2020-04-17T12:00:00,0.62
2020-04-18T00:00:00,0.5
2020-04-18T12:00:00,0.48
2020-04-19T00:00:00,0.35
2020-04-20T00:00:00,0.2
2020-04-21T00:00:00,0.18
2020-04-22T00:00:00,0.6
2020-04-23T00:00:00,0.85
2020-04-23T12:00:00,0.65
2020-04-24T00:00:00,0.62
2020-04-24T12:00:00,0.51
2020-04-25T00:00:00,0.41
2020-04-25T12:00:00,0.35
2020-04-26T00:00:00,0.45
2020-04-26T12:00:00,0.57
2020-04-27T00:00:00,0.8
2020-04-28T00:00:00,0.65
2020-04-29T00:00:00,0.53
2020-04-30T00:00:00,0.38
2020-04-30T12:00:00,0.52
2020-05-01T00:00:00,0.67
2020-05-01T12:00:00,0.65
2020-05-02T00:00:00,0.63
2020-05-02T12:00:00,0.59
2020-05-03T00:00:00,0.64
2020-05-03T12:00:00,0.55
2020-05-04T00:00:00,0.45
2020-05-05T00:00:00,0.31
2020-05-06T00:00:00,0.15
2020-05-07T00:00:00,0.56
2020-05-07T12:00:00,0.61
2020-05-08T00:00:00,0.57
2020-05-08T12:00:00,0.45
2020-05-09T00:00:00,0.33
2020-05-09T12:00:00,0.3
2020-05-10T00:00:00,0.2
2020-05-11T00:00:00,0.2
2020-05-12T00:00:00,0.3
2020-05-13T00:00:00,0.5
2020-05-13T12:00:00,0.49
2020-05-14T00:00:00,0.4
2020-05-14T12:00:00,0.45
2020-05-15T00:00:00,0.45
2020-05-15T12:00:00,0.48
2020-05-16T00:00:00,0.26
2020-05-16T12:00:00,0.13
2020-05-17T00:00:00,0.08
2020-05-18T00:00:00,0
2020-05-19T00:00:00,0.23
2020-05-20T00:00:00,0.19
2020-05-20T12:00:00,0.04
2020-05-21T00:00:00,0
2020-05-21T12:00:00,0
2020-05-22T00:00:00,0.16
2020-05-22T12:00:00,0.54
2020-05-23T00:00:00,0.54
2020-05-24T00:00:00,0.9
2020-05-24T12:00:00,0.8
2020-05-25T00:00:00,0.6
2020-05-26T00:00:00,0.14
2020-05-27T00:00:00,0.54
2020-05-28T00:00:00,0.68
2020-05-28T12:00:00,0.58
2020-05-29T00:00:00,0.65
2020-05-29T12:00:00,0.69
2020-05-30T00:00:00,0.76
2020-05-30T12:00:00,0.7
2020-05-31T00:00:00,0.7
2020-05-31T12:00:00,0.6
2020-06-01T00:00:00,0.52
2020-06-02T00:00:00,0.69
2020-06-03T00:00:00,0.78
2020-06-04T00:00:00,0.74
2020-06-04T12:00:00,0.91
2020-06-05T00:00:00,0.96
2020-06-05T12:00:00,0.9
2020-06-06T00:00:00,0.9
2020-06-06T12:00:00,1
2020-06-07T00:00:00,1.1
2020-06-07T12:00:00,1.13
2020-06-08T00:00:00,1.12
2020-06-09T00:00:00,0.97
2020-06-10T00:00:00,0.9
2020-06-10T12:00:00,0.85
2020-06-11T00:00:00,0.83
2020-06-11T12:00:00,0.78
2020-06-12T00:00:00,0.8
2020-06-12T12:00:00,0.8
2020-06-13T00:00:00,0.77
2020-06-13T12:00:00,0.7
2020-06-14T00:00:00,0.7
2020-06-14T12:00:00,0.8
2020-06-15T00:00:00,0.8
2020-06-16T00:00:00,0.76
2020-06-17T00:00:00,0.6
2020-06-17T12:00:00,0.6
2020-06-18T00:00:00,0.58
2020-06-19T00:00:00,0.48
2020-06-19T12:00:00,0.6
2020-06-20T00:00:00,0.64
2020-06-20T12:00:00,0.7
2020-06-21T00:00:00,0.7
2020-06-22T00:00:00,0.88
2020-06-23T00:00:00,0.9
2020-06-24T00:00:00,0.9
2020-06-25T00:00:00,1.05
2020-06-26T00:00:00,1.14
2020-06-27T00:00:00,1.04
2020-06-28T00:00:00,0.98
2020-06-29T00:00:00,0.82
2020-06-30T00:00:00,0.9
2020-07-01T00:00:00,0.74
2020-07-01T12:00:00,1.11
2020-07-02T00:00:00,1.15
2020-07-02T12:00:00,0.95
2020-07-03T00:00:00,0.9
2020-07-03T12:00:00,0.8
2020-07-04T00:00:00,0.68
2020-07-04T12:00:00,0.55
2020-07-05T00:00:00,0.48
2020-07-05T12:00:00,0.48
2020-07-06T00:00:00,0.58
2020-07-07T00:00:00,0.7
2020-07-08T00:00:00,0.64
2020-07-08T12:00:00,0.8
2020-07-09T00:00:00,0.79
2020-07-09T12:00:00,0.62
2020-07-10T00:00:00,0.6
2020-07-10T12:00:00,0.47
2020-07-11T00:00:00,0.45
2020-07-11T12:00:00,0.4
2020-07-12T00:00:00,0.4
2020-07-12T12:00:00,0.54
2020-07-13T00:00:00,0.58
2020-07-14T00:00:00,0.6
2020-07-15T00:00:00,0.77
2020-07-15T12:00:00,0.82
2020-07-16T00:00:00,0.82
2020-07-16T12:00:00,0.83
2020-07-17T00:00:00,0.83
2020-07-17T12:00:00,0.8
2020-07-18T00:00:00,0.88
2020-07-18T12:00:00,0.92
2020-07-19T00:00:00,0.96
2020-07-19T12:00:00,1
2020-07-20T00:00:00,1.05
2020-07-21T00:00:00,1.15
2020-07-22T00:00:00,1.15
2020-07-22T12:00:00,1.19
2020-07-23T00:00:00,1.25
2020-07-23T12:00:00,1.18
2020-07-24T00:00:00,1.14
2020-07-24T12:00:00,0.98
2020-07-25T00:00:00,0.92
2020-07-25T12:00:00,0.82
2020-07-26T00:00:00,0.8
2020-07-26T12:00:00,0.85
2020-07-27T00:00:00,0.8
2020-07-28T00:00:00,0.72
2020-07-29T00:00:00,0.66
2020-07-30T00:00:00,0.75
2020-07-30T12:00:00,0.72
2020-07-31T00:00:00,0.72
2020-07-31T12:00:00,0.61
2020-08-01T00:00:00,0.56
2020-08-01T12:00:00,0.5
2020-08-02T00:00:00,0.6
2020-08-02T12:00:00,0.5
2020-08-03T00:00:00,0.48
2020-08-04T00:00:00,0.4
2020-08-05T00:00:00,0.4
2020-08-05T16:00:00,0.3
2020-08-06T00:00:00,0.3
2020-08-06T02:00:00,0.36
2020-08-06T12:00:00,0.34
2020-08-07T00:00:00,0.4
2020-08-07T12:00:00,0.43
2020-08-08T00:00:00,0.6
2020-08-08T12:00:00,0.63
2020-08-09T00:00:00,0.58
2020-08-10T00:00:00,0.4
2020-08-10T16:00:00,0.4
2020-08-11T00:00:00,0.4
2020-08-11T02:00:00,0.4
2020-08-12T00:00:00,0.28
2020-08-12T16:00:00,0.45
2020-08-13T00:00:00,0.45
2020-08-13T02:00:00,0.45
2020-08-13T12:00:00,0.29
2020-08-14T00:00:00,0.2
2020-08-14T12:00:00,0.25
2020-08-15T00:00:00,0.28
2020-08-15T12:00:00,0.2
2020-08-16T00:00:00,0.15
2020-08-16T12:00:00,0.2
2020-08-17T00:00:00,0.15
2020-08-18T00:00:00,0.18
2020-08-19T00:00:00,0.42
2020-08-20T00:00:00,0.6
2020-08-20T12:00:00,0.8
2020-08-21T00:00:00,0.85
2020-08-21T12:00:00,0.8
2020-08-22T00:00:00,0.7
2020-08-22T12:00:00,0.6
2020-08-23T00:00:00,0.6
2020-08-23T12:00:00,0.55
2020-08-24T00:00:00,0.53
2020-08-25T00:00:00,0.43
2020-08-26T00:00:00,0.37
2020-08-27T00:00:00,0.48
2020-08-27T12:00:00,0.46
2020-08-28T00:00:00,0.5
2020-08-28T12:00:00,0.64
2020-08-29T00:00:00,0.66
2020-08-29T12:00:00,0.72
2020-08-30T00:00:00,0.72
2020-08-30T12:00:00,0.79
2020-08-31T00:00:00,0.92
2020-09-01T00:00:00,1.02
2020-09-02T00:00:00,1.3
2020-09-02T12:00:00,1.3
2020-09-03T00:00:00,1.42
2020-09-03T12:00:00,1.4
2020-09-04T00:00:00,1.46
2020-09-04T12:00:00,1.28
2020-09-05T00:00:00,1.2
2020-09-05T12:00:00,1.13
2020-09-06T00:00:00,1.2
2020-09-06T12:00:00,1.3
2020-09-07T00:00:00,1.33
2020-09-08T00:00:00,1.26
2020-09-09T00:00:00,1.2
2020-09-10T00:00:00,1.12
2020-09-10T12:00:00,1.07
2020-09-11T00:00:00,1.05
2020-09-11T12:00:00,1
2020-09-12T00:00:00,1
2020-09-12T12:00:00,1.02
2020-09-13T00:00:00,1.07
2020-09-13T12:00:00,0.99
2020-09-14T00:00:00,1.03
2020-09-15T00:00:00,1
2020-09-16T00:00:00,1.02
2020-09-16T12:00:00,0.9
2020-09-17T00:00:00,0.78
2020-09-17T12:00:00,0.75
2020-09-18T00:00:00,0.8
2020-09-18T12:00:00,0.6
2020-09-19T00:00:00,0.55
2020-09-19T12:00:00,0.6
2020-09-20T00:00:00,0.77
2020-09-20T12:00:00,0.8
2020-09-21T00:00:00,0.85
2020-09-22T00:00:00,0.91
2020-09-23T00:00:00,0.84
2020-09-24T00:00:00,0.6
2020-09-24T12:00:00,0.65
2020-09-25T00:00:00,0.65
2020-09-25T12:00:00,0.7
2020-09-26T00:00:00,0.74
2020-09-26T12:00:00,0.85
2020-09-27T00:00:00,0.81
2020-09-27T12:00:00,0.75
2020-09-28T00:00:00,0.75
2020-09-29T00:00:00,0.58
2020-09-30T00:00:00,0.73
2020-10-01T00:00:00,0.7
2020-10-01T12:00:00,0.67
2020-10-02T00:00:00,0.7
2020-10-02T12:00:00,0.8
2020-10-03T00:00:00,0.8
2020-10-03T12:00:00,1.15
2020-10-04T00:00:00,1.5
2020-10-04T12:00:00,1.49
2020-10-05T00:00:00,1.43
2020-10-06T00:00:00,1.02
2020-10-07T00:00:00,0.86
2020-10-08T00:00:00,0.67
2020-10-08T12:00:00,0.67
2020-10-09T00:00:00,0.74
2020-10-09T12:00:00,0.78
2020-10-10T00:00:00,0.7
2020-10-10T12:00:00,0.75
2020-10-11T00:00:00,0.75
2020-10-11T12:00:00,0.72
2020-10-12T00:00:00,0.6
2020-10-13T00:00:00,0.58
2020-10-14T00:00:00,0.68
2020-10-15T00:00:00,0.6
2020-10-15T12:00:00,0.7
2020-10-16T00:00:00,0.86
2020-10-16T12:00:00,0.8
2020-10-17T00:00:00,0.82
2020-10-17T12:00:00,0.7
2020-10-18T00:00:00,0.7
2020-10-18T12:00:00,0.78
2020-10-19T00:00:00,0.78
2020-10-20T00:00:00,0.75
2020-10-21T00:00:00,1.06
2020-10-22T00:00:00,1.4
2020-10-22T12:00:00,1.45
2020-10-23T00:00:00,1.43
2020-10-23T12:00:00,1.08
2020-10-24T00:00:00,0.84
2020-10-24T12:00:00,0.76
2020-10-25T00:00:00,0.72
2020-10-25T12:00:00,0.76
2020-10-26T00:00:00,0.67
2020-10-27T00:00:00,0.61
2020-10-27T12:00:00,0.8
2020-10-28T00:00:00,0.75
2020-10-29T00:00:00,0.66
2020-10-30T00:00:00,0.71
2020-10-30T12:00:00,0.96
2020-10-31T00:00:00,0.94
2020-10-31T12:00:00,0.82
2020-11-01T00:00:00,0.8
2020-11-01T12:00:00,0.67
2020-11-02T00:00:00,0.62
2020-11-03T00:00:00,0.57
2020-11-04T00:00:00,0.47
2020-11-04T12:00:00,0.44
2020-11-05T00:00:00,0.39
2020-11-05T12:00:00,0.29
2020-11-06T00:00:00,0.22
2020-11-06T12:00:00,0.13
2020-11-07T00:00:00,0.15
2020-11-07T12:00:00,0.25
2020-11-08T00:00:00,0.18
2020-11-09T00:00:00,0.29
2020-11-10T00:00:00,0.2
2020-11-11T00:00:00,0.19
2020-11-12T00:00:00,0.35
2020-11-12T12:00:00,0.38
2020-11-13T00:00:00,0.34
2020-11-13T12:00:00,0.35
2020-11-14T00:00:00,0.23
2020-11-14T12:00:00,0.16
2020-11-15T00:00:00,0.26
2020-11-15T12:00:00,0.14
2020-11-16T00:00:00,0.26
2020-11-17T00:00:00,0.33
2020-11-18T00:00:00,0.26
2020-11-18T12:00:00,0.26
2020-11-19T00:00:00,0.24
2020-11-19T12:00:00,0.46
2020-11-20T00:00:00,0.5
2020-11-20T12:00:00,0.56
2020-11-21T00:00:00,0.53
2020-11-21T12:00:00,0.4
2020-11-22T00:00:00,0.3
2020-11-22T12:00:00,0.2
2020-11-23T00:00:00,0.16
2020-11-24T00:00:00,0.02
2020-11-25T00:00:00,0.06
2020-11-26T00:00:00,0.38
2020-11-26T12:00:00,0.22
2020-11-27T00:00:00,0.3
2020-11-27T12:00:00,0.55
2020-11-28T00:00:00,0.59
2020-11-28T12:00:00,0.4
2020-11-29T00:00:00,0.36
2020-11-30T00:00:00,0.32
2020-12-01T00:00:00,0.56
2020-12-02T00:00:00,0.64
2020-12-03T00:00:00,0.4
2020-12-03T12:00:00,0.46
2020-12-04T00:00:00,0.6
2020-12-04T12:00:00,0.7
2020-12-05T00:00:00,0.78
2020-12-05T12:00:00,1.15
2020-12-06T00:00:00,1.1
2020-12-06T12:00:00,0.94
2020-12-07T00:00:00,0.85
2020-12-08T00:00:00,0.76
2020-12-09T00:00:00,0.7
2020-12-09T12:00:00,0.66
2020-12-10T00:00:00,0.64
2020-12-10T12:00:00,0.6
2020-12-11T00:00:00,0.65
2020-12-11T12:00:00,0.73
2020-12-12T00:00:00,0.7
2020-12-12T12:00:00,0.7
2020-12-13T00:00:00,0.79
2020-12-13T12:00:00,0.88
2020-12-14T00:00:00,0.84
2020-12-14T12:00:00,0.95
2020-12-15T00:00:00,0.95
2020-12-15T12:00:00,0.84
2020-12-16T00:00:00,0.8
2020-12-17T00:00:00,1.26
2020-12-18T00:00:00,0.95
2020-12-19T00:00:00,0.98
2020-12-20T00:00:00,0.83
2020-12-21T00:00:00,0.75
2020-12-22T00:00:00,1.05
2020-12-23T00:00:00,0.86
2020-12-24T00:00:00,0.78
2020-12-24T12:00:00,0.76
2020-12-25T00:00:00,0.78
2020-12-25T12:00:00,0.76
2020-12-26T00:00:00,0.83
2020-12-26T12:00:00,0.85
2020-12-27T00:00:00,0.85
2020-12-27T12:00:00,0.94
2020-12-28T00:00:00,0.92
2020-12-29T00:00:00,0.8
2020-12-30T00:00:00,0.68
2020-12-31T00:00:00,0.66
2020-12-31T12:00:00,0.7
2021-01-01T00:00:00,0.9
2021-01-01T12:00:00,0.98
2021-01-02T00:00:00,0.8
2021-01-02T12:00:00,0.8
2021-01-03T00:00:00,0.74
2021-01-03T12:00:00,0.65
2021-01-04T00:00:00,0.6
2021-01-05T00:00:00,0.55
2021-01-06T00:00:00,0.71
2021-01-07T00:00:00,0.65
2021-01-07T12:00:00,0.53
2021-01-08T00:00:00,0.5
2021-01-08T12:00:00,0.4
2021-01-09T00:00:00,0.54
2021-01-09T12:00:00,0.65
2021-01-10T00:00:00,0.7
2021-01-10T12:00:00,0.54
2021-01-11T00:00:00,0.5
2021-01-12T00:00:00,0.42
2021-01-13T00:00:00,0.33
2021-01-14T00:00:00,0.55
2021-01-14T12:00:00,0.63
2021-01-15T00:00:00,0.61
2021-01-15T12:00:00,0.5
2021-01-16T00:00:00,0.48
2021-01-16T12:00:00,0.34
2021-01-17T00:00:00,0.26
2021-01-17T12:00:00,0.41
2021-01-18T00:00:00,0.48
2021-01-19T00:00:00,0.62
2021-01-20T00:00:00,0.56
2021-01-20T12:00:00,0.62
2021-01-21T00:00:00,0.62
2021-01-21T12:00:00,0.65
2021-01-22T00:00:00,0.68
2021-01-22T12:00:00,0.78
2021-01-23T00:00:00,0.81
2021-01-23T12:00:00,0.8
2021-01-24T00:00:00,0.8
2021-01-24T12:00:00,0.8
2021-01-25T00:00:00,0.85
2021-01-26T00:00:00,0.92
2021-01-27T00:00:00,0.92
2021-01-28T00:00:00,1.07
2021-01-28T12:00:00,1.3
2021-01-29T00:00:00,1.26
2021-01-29T12:00:00,1.32
2021-01-30T00:00:00,1.32
2021-01-30T12:00:00,1.4
2021-01-31T00:00:00,1.53
2021-01-31T12:00:00,2.05
2021-02-01T00:00:00,2.1
2021-02-02T00:00:00,2.1
2021-02-03T00:00:00,2.04
2021-02-04T00:00:00,1.95
2021-02-04T12:00:00,2
2021-02-05T00:00:00,2.02
2021-02-05T12:00:00,2.08
2021-02-06T00:00:00,2.12
2021-02-06T12:00:00,2.1
2021-02-07T00:00:00,2.08
2021-02-07T12:00:00,2.05
2021-02-08T00:00:00,2.14
2021-02-09T00:00:00,2.23
2021-02-10T00:00:00,2.32
2021-02-11T00:00:00,2.38
2021-02-11T12:00:00,2.4
2021-02-12T00:00:00,2.42
2021-02-12T12:00:00,2.4
2021-02-13T00:00:00,2.3
2021-02-13T12:00:00,2.28
2021-02-14T00:00:00,2.24
2021-02-14T12:00:00,2.28
2021-02-15T00:00:00,2.28
2021-02-16T00:00:00,2.3
2021-02-17T00:00:00,2.42
2021-02-17T12:00:00,2.35
2021-02-18T00:00:00,2.35
2021-02-18T12:00:00,2.38
2021-02-19T00:00:00,2.4
2021-02-19T12:00:00,2.37
2021-02-20T00:00:00,2.35
2021-02-20T12:00:00,2.35
2021-02-21T00:00:00,2.42
2021-02-22T00:00:00,2.49
2021-02-23T00:00:00,2.41
2021-02-24T00:00:00,2.4
2021-02-25T00:00:00,2.35
2021-02-25T12:00:00,2.3
2021-02-26T00:00:00,2.3
2021-02-26T12:00:00,2.3
2021-02-27T00:00:00,2.28
2021-02-27T12:00:00,2.3
2021-02-28T00:00:00,2.3
2021-02-28T12:00:00,2.32
2021-03-01T00:00:00,2.28
2021-03-02T00:00:00,2.2
2021-03-03T00:00:00,2.15
2021-03-03T12:00:00,2.2
2021-03-04T00:00:00,2.21
2021-03-04T12:00:00,2.21
2021-03-05T00:00:00,2.23
2021-03-05T12:00:00,2.17
2021-03-06T00:00:00,2.17
2021-03-06T12:00:00,2.24
2021-03-07T00:00:00,2.24
2021-03-07T12:00:00,2.2
2021-03-08T00:00:00,2.13
2021-03-09T00:00:00,2
2021-03-10T00:00:00,2.11
2021-03-11T00:00:00,2.08
2021-03-11T12:00:00,2.03
2021-03-12T00:00:00,1.9
2021-03-12T12:00:00,1.78
2021-03-13T00:00:00,1.83
2021-03-13T12:00:00,1.8
2021-03-14T00:00:00,1.8
2021-03-14T12:00:00,1.78
2021-03-15T00:00:00,1.78
2021-03-16T00:00:00,1.73
2021-03-17T00:00:00,1.57
2021-03-18T00:00:00,1.45
2021-03-18T12:00:00,1.75
2021-03-19T00:00:00,1.83
2021-03-19T12:00:00,1.67
2021-03-20T00:00:00,1.6
2021-03-20T12:00:00,1.48
2021-03-21T00:00:00,1.42
2021-03-21T12:00:00,1.39
2021-03-22T00:00:00,1.41
2021-03-23T00:00:00,1.5
2021-03-24T00:00:00,1.38
2021-03-24T12:00:00,1.32
2021-03-25T00:00:00,1.27
2021-03-25T12:00:00,1.28
2021-03-26T00:00:00,1.48
2021-03-26T12:00:00,1.52
2021-03-27T00:00:00,1.5
2021-03-27T12:00:00,1.57
2021-03-28T00:00:00,1.48
2021-03-28T12:00:00,1.5
2021-03-29T00:00:00,1.48
2021-03-30T00:00:00,1.48
2021-03-31T00:00:00,1.6
2021-04-01T00:00:00,1.58
2021-04-01T12:00:00,1.55
2021-04-02T00:00:00,1.55
2021-04-02T12:00:00,1.55
2021-04-03T00:00:00,1.57
2021-04-03T12:00:00,1.49
2021-04-04T00:00:00,1.45
2021-04-04T12:00:00,1.4
2021-04-05T00:00:00,1.4
2021-04-06T00:00:00,1.38
2021-04-07T00:00:00,1.39
2021-04-07T12:00:00,1.45
2021-04-08T00:00:00,1.43
2021-04-08T12:00:00,1.37
2021-04-09T00:00:00,1.36
2021-04-09T12:00:00,1.4
2021-04-10T00:00:00,1.42
2021-04-10T12:00:00,1.45
2021-04-11T00:00:00,1.8
2021-04-12T00:00:00,1.95
2021-04-13T00:00:00,2.03
2021-04-14T00:00:00,2.06
2021-04-14T12:00:00,1.84
2021-04-15T00:00:00,1.79
2021-04-15T12:00:00,1.7
2021-04-16T00:00:00,1.64
2021-04-16T12:00:00,1.62
2021-04-17T00:00:00,1.55
2021-04-17T12:00:00,1.5
2021-04-18T00:00:00,1.48
2021-04-18T12:00:00,1.46
2021-04-19T00:00:00,1.44
2021-04-20T00:00:00,1.44
2021-04-21T00:00:00,1.16
2021-04-21T12:00:00,1.1
2021-04-22T00:00:00,1.15
2021-04-22T12:00:00,1
2021-04-23T00:00:00,0.9
2021-04-23T12:00:00,0.82
2021-04-24T00:00:00,0.82
2021-04-24T12:00:00,0.84
2021-04-25T00:00:00,0.8
2021-04-25T12:00:00,0.95
2021-04-26T00:00:00,1
2021-04-27T00:00:00,1.06
2021-04-28T00:00:00,0.92
2021-04-29T00:00:00,0.86
2021-04-29T12:00:00,0.76
2021-04-30T00:00:00,0.79
2021-04-30T12:00:00,0.79
2021-05-01T00:00:00,0.75
2021-05-01T12:00:00,0.85
2021-05-02T00:00:00,0.78
2021-05-02T12:00:00,0.74
2021-05-03T00:00:00,0.8
2021-05-04T00:00:00,0.7
2021-05-05T00:00:00,0.85
2021-05-06T00:00:00,1.24
2021-05-06T12:00:00,1.09
2021-05-07T00:00:00,0.99
2021-05-07T12:00:00,0.9
2021-05-08T00:00:00,0.9
2021-05-08T12:00:00,0.88
2021-05-09T00:00:00,0.81
2021-05-09T12:00:00,0.72
2021-05-10T00:00:00,0.72
2021-05-11T00:00:00,0.5
2021-05-12T00:00:00,0.8
2021-05-13T00:00:00,0.7
2021-05-14T00:00:00,0.5
2021-05-15T00:00:00,0.52
2021-05-16T00:00:00,0.54
2021-05-17T00:00:00,0.5
2021-05-18T00:00:00,0.57
2021-05-19T00:00:00,0.53
2021-05-20T00:00:00,0.46
2021-05-20T12:00:00,0.4
2021-05-21T00:00:00,0.4
2021-05-21T12:00:00,0.45
2021-05-22T00:00:00,0.5
2021-05-22T12:00:00,0.45
2021-05-23T00:00:00,0.4
2021-05-23T12:00:00,0.43
2021-05-24T00:00:00,0.4
2021-05-25T00:00:00,0.62
2021-05-26T00:00:00,0.46
2021-05-27T00:00:00,0.75
2021-05-27T12:00:00,0.6
2021-05-28T00:00:00,0.6
2021-05-28T12:00:00,0.55
2021-05-29T00:00:00,0.59
2021-05-29T12:00:00,0.45
2021-05-30T00:00:00,0.6
2021-05-30T12:00:00,0.62
2021-05-31T00:00:00,0.64
2021-06-01T00:00:00,0.55
2021-06-02T00:00:00,0.47
2021-06-02T12:00:00,0.42
2021-06-03T00:00:00,0.4
2021-06-03T12:00:00,0.5
2021-06-04T00:00:00,0.76
2021-06-04T12:00:00,0.75
2021-06-05T00:00:00,0.7
2021-06-05T12:00:00,0.78
2021-06-06T00:00:00,0.8
2021-06-06T12:00:00,0.9
2021-06-07T00:00:00,0.9
2021-06-08T00:00:00,0.85
2021-06-09T00:00:00,0.72
2021-06-10T00:00:00,0.6
2021-06-10T12:00:00,0.35
2021-06-11T00:00:00,0.3
2021-06-11T12:00:00,0.3
2021-06-12T00:00:00,0.42
2021-06-12T12:00:00,0.35
2021-06-13T00:00:00,0.25
2021-06-13T12:00:00,0.2
2021-06-14T00:00:00,0.2
2021-06-15T00:00:00,0.22
2021-06-16T00:00:00,0.5
2021-06-16T12:00:00,0.5
2021-06-17T00:00:00,0.55
2021-06-17T12:00:00,0.53
2021-06-18T00:00:00,0.48
2021-06-18T12:00:00,0.4
2021-06-19T00:00:00,0.4
2021-06-19T12:00:00,0.25
2021-06-20T00:00:00,0.28
2021-06-20T12:00:00,0.18
2021-06-21T00:00:00,0.15
2021-06-22T00:00:00,0.1
2021-06-23T00:00:00,0.06
2021-06-24T00:00:00,0.03
2021-06-24T12:00:00,0
2021-06-25T00:00:00,0.01
2021-06-25T12:00:00,0
2021-06-26T00:00:00,0.02
2021-06-26T12:00:00,0.05
2021-06-27T00:00:00,0.01
2021-06-27T12:00:00,0.3
2021-06-28T00:00:00,0.45
2021-06-29T00:00:00,0.18
2021-06-30T00:00:00,0.2
2021-07-01T00:00:00,0.26
2021-07-01T12:00:00,0.19
2021-07-02T00:00:00,0.1
2021-07-02T12:00:00,0
2021-07-03T00:00:00,0.01
2021-07-04T00:00:00,0.02
2021-07-05T00:00:00,0.02
2021-07-06T00:00:00,0.15
2021-07-07T00:00:00,0.2
2021-07-08T00:00:00,0.04
2021-07-08T12:00:00,0.1
2021-07-09T00:00:00,0.11
2021-07-09T12:00:00,0.08
2021-07-10T00:00:00,0.06
2021-07-11T00:00:00,0
2021-07-12T00:00:00,-0.01
2021-07-13T00:00:00,0.06
2021-07-14T00:00:00,0.18
2021-07-14T12:00:00,0.3
2021-07-15T00:00:00,0.52
2021-07-15T12:00:00,0.4
2021-07-16T00:00:00,0.4
2021-07-16T12:00:00,0.15
2021-07-17T00:00:00,0.08
2021-07-17T12:00:00,0
2021-07-18T00:00:00,-0.02
2021-07-19T00:00:00,-0.14
2021-07-20T00:00:00,0.08
2021-07-21T00:00:00,0.15
2021-07-22T00:00:00,-0.05
2021-07-22T12:00:00,0
2021-07-23T00:00:00,-0.05
2021-07-23T12:00:00,0
2021-07-24T00:00:00,0.03
2021-07-24T12:00:00,0
2021-07-25T00:00:00,0.02
2021-07-25T12:00:00,0.1
2021-07-26T00:00:00,0.18
2021-07-27T00:00:00,0.18
2021-07-28T00:00:00,0.1
2021-07-28T12:00:00,0.01
2021-07-29T00:00:00,0.25
2021-07-29T12:00:00,0.23
2021-07-30T00:00:00,0.2
2021-07-30T12:00:00,0.02
2021-07-31T00:00:00,0.04
2021-07-31T12:00:00,0
2021-08-01T00:00:00,-0.01
2021-08-02T00:00:00,-0.15
2021-08-03T00:00:00,-0.11
2021-08-04T00:00:00,-0.13
2021-08-05T00:00:00,-0.19
2021-08-05T12:00:00,0
2021-08-06T00:00:00,-0.16
2021-08-06T12:00:00,0
2021-08-07T00:00:00,-0.18
2021-08-07T12:00:00,0
2021-08-08T00:00:00,-0.21
2021-08-08T12:00:00,0
2021-08-09T00:00:00,0.2
2021-08-09T12:00:00,0.83
2021-08-10T00:00:00,0.9
2021-08-11T00:00:00,0.65
2021-08-12T00:00:00,0.2
2021-08-12T12:00:00,0.1
2021-08-13T00:00:00,0.2
2021-08-13T12:00:00,0
2021-08-14T00:00:00,0.08
2021-08-15T00:00:00,-0.05
2021-08-16T00:00:00,-0.06
2021-08-17T00:00:00,-0.08
2021-08-18T00:00:00,-0.2
2021-08-18T12:00:00,0
2021-08-19T00:00:00,-0.21
2021-08-19T12:00:00,0
2021-08-20T00:00:00,-0.1
2021-08-20T12:00:00,0
2021-08-21T00:00:00,-0.15
2021-08-21T12:00:00,0
2021-08-22T00:00:00,0
2021-08-22T12:00:00,0
2021-08-23T00:00:00,0.04
2021-08-24T00:00:00,0.07
2021-08-25T00:00:00,-0.01
2021-08-26T00:00:00,0.08
2021-08-26T12:00:00,0
2021-08-27T00:00:00,0.07
2021-08-27T12:00:00,0
2021-08-28T00:00:00,0.04
2021-08-28T12:00:00,-0.1
2021-08-29T00:00:00,-0.15
2021-08-29T12:00:00,-0.15
2021-08-30T00:00:00,-0.2
2021-08-31T00:00:00,-0.28
2021-09-01T00:00:00,-0.3
2021-09-02T00:00:00,-0.05
2021-09-02T12:00:00,0.2
2021-09-03T00:00:00,0.2
2021-09-03T12:00:00,0.29
2021-09-04T00:00:00,0.25
2021-09-04T12:00:00,0.2
2021-09-05T00:00:00,0.2
2021-09-05T12:00:00,0.06
2021-09-06T00:00:00,0.1
2021-09-07T00:00:00,0.1
2021-09-07T12:00:00,0.17
2021-09-08T00:00:00,0.3
2021-09-08T12:00:00,0.3
2021-09-09T00:00:00,0.38
2021-09-10T00:00:00,0.1
2021-09-11T00:00:00,0.22
2021-09-12T00:00:00,0.48
2021-09-13T00:00:00,0.42
2021-09-14T00:00:00,0.5
2021-09-15T00:00:00,0.76
2021-09-15T12:00:00,0.8
2021-09-16T00:00:00,0.75
2021-09-16T12:00:00,0.63
2021-09-17T00:00:00,0.63
2021-09-17T12:00:00,0.6
2021-09-18T00:00:00,0.6
2021-09-19T00:00:00,0.48
2021-09-20T00:00:00,0.56
2021-09-21T00:00:00,0.4
2021-09-22T00:00:00,0.8
2021-09-23T00:00:00,0.68
2021-09-23T12:00:00,0.52
2021-09-24T00:00:00,0.46
2021-09-24T12:00:00,0.39
2021-09-25T00:00:00,0.39
2021-09-25T12:00:00,0.46
2021-09-26T00:00:00,0.4
2021-09-26T12:00:00,0.3
2021-09-27T00:00:00,0.3
2021-09-28T00:00:00,0.55
2021-09-29T00:00:00,0.68
2021-09-29T12:00:00,0.6
2021-09-30T00:00:00,0.5
2021-09-30T12:00:00,0.3
2021-10-01T00:00:00,0.2
2021-10-01T12:00:00,0.09
2021-10-02T00:00:00,0.08
2021-10-02T12:00:00,0.1
2021-10-03T00:00:00,0.22
2021-10-03T12:00:00,0.05
2021-10-04T00:00:00,0.1
2021-10-05T00:00:00,0.35
2021-10-05T12:00:00,0.1
2021-10-06T00:00:00,0.1
2021-10-06T12:00:00,-0.09
2021-10-07T00:00:00,0.05
2021-10-07T12:00:00,0.36
2021-10-08T00:00:00,0.55
2021-10-09T00:00:00,0.3
2021-10-10T00:00:00,0.2
2021-10-11T00:00:00,0.26
2021-10-12T00:00:00,0.22
2021-10-13T00:00:00,0.15
2021-10-14T00:00:00,0.22
2021-10-14T12:00:00,0.3
2021-10-15T00:00:00,0.26
2021-10-15T12:00:00,0.3
2021-10-16T00:00:00,0.5
2021-10-16T12:00:00,0.7
2021-10-17T00:00:00,0.7
2021-10-17T12:00:00,0.6
2021-10-18T00:00:00,0.5
2021-10-19T00:00:00,0.6
2021-10-20T00:00:00,0.67
2021-10-21T00:00:00,0.62
2021-10-21T12:00:00,0.8
2021-10-22T00:00:00,0.6
2021-10-22T12:00:00,0.57
2021-10-23T00:00:00,0.57
2021-10-23T12:00:00,0.9
2021-10-24T00:00:00,1.15
2021-10-24T12:00:00,1.1
2021-10-25T00:00:00,0.95
2021-10-26T00:00:00,0.75
2021-10-27T00:00:00,0.92
2021-10-27T12:00:00,0.98
2021-10-28T00:00:00,1.24
2021-10-28T12:00:00,1
2021-10-29T00:00:00,1
2021-10-29T12:00:00,1.2
2021-10-30T00:00:00,1.4
2021-10-30T12:00:00,1.48
2021-10-31T00:00:00,1.4
2021-10-31T12:00:00,1.45
2021-11-01T00:00:00,1.68
2021-11-02T00:00:00,2.05
2021-11-03T00:00:00,1.7
2021-11-04T00:00:00,1.53
2021-11-04T12:00:00,1.48
2021-11-05T00:00:00,1.5
2021-11-05T12:00:00,1.35
2021-11-06T00:00:00,1.46
2021-11-06T12:00:00,1.85
2021-11-07T00:00:00,2
2021-11-07T12:00:00,1.88
2021-11-08T00:00:00,1.88
2021-11-09T00:00:00,1.5
2021-11-10T00:00:00,1.6
2021-11-10T12:00:00,1.78
2021-11-11T00:00:00,1.75
2021-11-11T12:00:00,1.67
2021-11-12T00:00:00,1.55
2021-11-12T12:00:00,1.5
2021-11-13T00:00:00,1.53
2021-11-13T12:00:00,1.48
2021-11-14T00:00:00,1.5
2021-11-14T12:00:00,1.4
2021-11-15T00:00:00,1.4
2021-11-15T12:00:00,1.3
2021-11-16T00:00:00,1.35
2021-11-16T12:00:00,1.27
2021-11-17T00:00:00,1.31
2021-11-17T12:00:00,1.65
2021-11-18T00:00:00,1.7
2021-11-18T12:00:00,1.58
2021-11-19T00:00:00,1.48
2021-11-19T12:00:00,1.55
2021-11-20T00:00:00,1.75
2021-11-21T00:00:00,0.78
2021-11-22T00:00:00,0.54
2021-11-23T00:00:00,0.54
2021-11-24T00:00:00,0.95
2021-11-25T00:00:00,0.7
2021-11-25T12:00:00,0.55
2021-11-26T00:00:00,0.5
2021-11-26T12:00:00,0.5
2021-11-27T00:00:00,0.5
2021-11-27T12:00:00,0.6
2021-11-28T00:00:00,0.6
2021-11-28T12:00:00,0.64
2021-11-29T00:00:00,0.62
2021-11-30T00:00:00,0.6
2021-12-01T00:00:00,0.75
2021-12-02T00:00:00,0.8
2021-12-02T12:00:00,0.66
2021-12-03T00:00:00,0.58
2021-12-03T12:00:00,0.5
2021-12-04T00:00:00,0.52
2021-12-04T12:00:00,0.53
2021-12-05T00:00:00,0.56
2021-12-06T00:00:00,0.58
2021-12-07T00:00:00,0.5
2021-12-08T00:00:00,0.5
2021-12-08T12:00:00,0.54
2021-12-09T00:00:00,0.41
2021-12-09T12:00:00,0.46
2021-12-10T00:00:00,0.5
2021-12-10T12:00:00,0.6
2021-12-11T00:00:00,0.5
2021-12-11T12:00:00,0.49
2021-12-12T00:00:00,0.4
2021-12-12T12:00:00,0.45
2021-12-13T00:00:00,0.48
2021-12-14T00:00:00,0.5
2021-12-15T00:00:00,0.71
2021-12-16T00:00:00,0.68
2021-12-16T12:00:00,0.6
2021-12-17T00:00:00,0.65
2021-12-17T12:00:00,0.55
2021-12-18T00:00:00,0.55
2021-12-19T00:00:00,0.55
2021-12-20T00:00:00,0.3
2021-12-21T00:00:00,0.16
2021-12-22T00:00:00,0.4
2021-12-22T12:00:00,0.45
2021-12-23T00:00:00,0.38
2021-12-23T12:00:00,0.3
2021-12-24T00:00:00,0.26
2021-12-24T12:00:00,0.3
2021-12-25T00:00:00,0.23
2021-12-25T12:00:00,0.1
2021-12-26T00:00:00,0.1
2021-12-26T12:00:00,0.31
2021-12-27T00:00:00,0.27
2021-12-28T00:00:00,0.2
2021-12-29T00:00:00,0.06
2021-12-29T12:00:00,0.07
2021-12-30T00:00:00,0.08
2021-12-30T12:00:00,0.02
2021-12-31T00:00:00,0.02
2021-12-31T12:00:00,-0.1
2022-01-01T00:00:00,0.05
2022-01-01T12:00:00,0.22
2022-01-02T00:00:00,0.06
2022-01-02T12:00:00,0.04
2022-01-03T00:00:00,0.03
2022-01-03T12:00:00,0.08
2022-01-04T00:00:00,-0.15
2022-01-04T12:00:00,0.05
2022-01-05T00:00:00,-0.1
2022-01-05T12:00:00,0.27
2022-01-06T00:00:00,0.55
2022-01-06T12:00:00,0.5
2022-01-07T00:00:00,0.36
2022-01-08T00:00:00,0.26
2022-01-09T00:00:00,0.15
2022-01-10T00:00:00,-0.1
2022-01-11T00:00:00,-0.33
2022-01-12T00:00:00,-0.38
2022-01-12T12:00:00,-0.44
2022-01-13T00:00:00,-0.05
2022-01-13T12:00:00,0.05
2022-01-14T00:00:00,0.02
2022-01-14T12:00:00,-0.1
2022-01-15T00:00:00,-0.12
2022-01-15T12:00:00,-0.2
2022-01-16T00:00:00,-0.25
2022-01-16T12:00:00,-0.1
2022-01-17T00:00:00,-0.2
2022-01-18T00:00:00,-0.03
2022-01-19T00:00:00,-0.61
2022-01-19T12:00:00,0.4
2022-01-20T00:00:00,0.2
2022-01-20T12:00:00,0.16
2022-01-21T00:00:00,0.1
2022-01-21T12:00:00,0.05
2022-01-22T00:00:00,0.05
2022-01-22T12:00:00,-0.13
2022-01-23T00:00:00,-0.1
2022-01-23T12:00:00,-0.04
2022-01-24T00:00:00,-0.15
2022-01-25T00:00:00,-0.18
2022-01-26T00:00:00,-0.17
2022-01-27T00:00:00,-0.13
2022-01-28T00:00:00,0.7
2022-01-29T00:00:00,0.38
2022-01-30T00:00:00,0.2
2022-01-31T00:00:00,-0.2
2022-02-01T00:00:00,-0.4
2022-02-02T00:00:00,-0.05
2022-02-03T00:00:00,-0.15
2022-02-04T00:00:00,0.1
2022-02-05T00:00:00,-0.05
2022-02-06T00:00:00,0.01
2022-02-07T00:00:00,0.2
2022-02-08T00:00:00,0.1
2022-02-09T00:00:00,0.14
2022-02-10T00:00:00,-0.14
2022-02-11T00:00:00,-0.2
2022-02-12T00:00:00,-0.3
2022-02-13T00:00:00,0.28
2022-02-14T00:00:00,0.35
2022-02-15T00:00:00,0.1
2022-02-15T12:00:00,-0.2
2022-02-16T00:00:00,-0.25
2022-02-16T12:00:00,-0.16
2022-02-17T00:00:00,-0.2
2022-02-18T00:00:00,0.45
2022-02-19T00:00:00,0.47
2022-02-19T12:00:00,0.3
2022-02-20T00:00:00,0.15
2022-02-20T12:00:00,0.15
2022-02-21T00:00:00,0.22
2022-02-21T12:00:00,0.3
2022-02-22T00:00:00,0.3
2022-02-22T12:00:00,0.4
2022-02-23T00:00:00,0.33
2022-02-23T12:00:00,0.2
2022-02-24T00:00:00,0.16
2022-02-24T12:00:00,0.24
2022-02-25T00:00:00,0.15
2022-02-26T00:00:00,-0.13
2022-02-27T00:00:00,0.08
2022-02-28T00:00:00,0.05
2022-03-01T00:00:00,-0.12
2022-03-02T00:00:00,0.38
2022-03-02T12:00:00,0.2
2022-03-03T00:00:00,0.05
2022-03-03T12:00:00,0.02
2022-03-04T00:00:00,0.25
2022-03-05T00:00:00,0.2
2022-03-05T12:00:00,0.1
2022-03-06T00:00:00,0.18
2022-03-06T12:00:00,0.34
2022-03-07T00:00:00,0.4
2022-03-07T12:00:00,0.5
2022-03-08T00:00:00,0.5
2022-03-08T12:00:00,0.35
2022-03-09T00:00:00,0.45
2022-03-10T00:00:00,0.45
2022-03-11T00:00:00,0.5
2022-03-12T00:00:00,0.8
2022-03-13T00:00:00,0.78
2022-03-13T12:00:00,0.65
2022-03-14T00:00:00,0.6
2022-03-14T12:00:00,0.55
2022-03-15T00:00:00,0.48
2022-03-15T12:00:00,0.4
2022-03-16T00:00:00,0.38
2022-03-16T12:00:00,0.5
2022-03-17T00:00:00,0.48
2022-03-18T00:00:00,0.35
2022-03-19T00:00:00,1.05
2022-03-20T00:00:00,1.45
2022-03-21T00:00:00,0.95
2022-03-22T00:00:00,0.69
2022-03-23T00:00:00,0.45
2022-03-24T00:00:00,0.4
2022-03-25T00:00:00,0.23
2022-03-26T00:00:00,0.28
2022-03-27T00:00:00,0.3
2022-03-28T00:00:00,0.43
2022-03-29T00:00:00,0.45
2022-03-30T00:00:00,0.45
2022-03-31T00:00:00,0.7
2022-04-01T00:00:00,0.9
2022-04-02T00:00:00,0.9
2022-04-02T12:00:00,0.92
2022-04-03T00:00:00,0.88
2022-04-03T12:00:00,0.76
2022-04-04T00:00:00,0.76
2022-04-04T12:00:00,0.7
2022-04-05T00:00:00,0.75
2022-04-06T00:00:00,0.9
2022-04-07T00:00:00,0.96
2022-04-08T00:00:00,0.9
2022-04-09T00:00:00,0.98
2022-04-10T00:00:00,1.3
2022-04-11T00:00:00,0.95
2022-04-12T00:00:00,0.92
2022-04-13T00:00:00,0.92
2022-04-14T00:00:00,1
2022-04-14T12:00:00,1
2022-04-15T00:00:00,1.1
2022-04-15T12:00:00,1.35
2022-04-16T00:00:00,1.52
2022-04-16T12:00:00,1.66
2022-04-17T00:00:00,1.7
2022-04-17T12:00:00,1.73
2022-04-18T00:00:00,1.77
2022-04-18T12:00:00,1.9
2022-04-19T00:00:00,1.95
2022-04-19T12:00:00,1.95
2022-04-20T00:00:00,1.9
2022-04-20T12:00:00,1.95
2022-04-21T00:00:00,1.97
2022-04-22T00:00:00,2
2022-04-23T00:00:00,1.98
2022-04-24T00:00:00,2.05
2022-04-25T00:00:00,2.04
2022-04-26T00:00:00,1.93
2022-04-27T00:00:00,2.45
2022-04-28T00:00:00,2
2022-04-29T00:00:00,1.92
2022-04-29T12:00:00,1.94
2022-04-30T00:00:00,2
2022-04-30T12:00:00,2.05
2022-05-01T00:00:00,2
2022-05-02T00:00:00,1.9
2022-05-03T00:00:00,1.85
2022-05-04T00:00:00,1.78
2022-05-05T00:00:00,1.7
2022-05-06T00:00:00,1.8
2022-05-07T00:00:00,1.76
2022-05-08T00:00:00,1.86
2022-05-09T00:00:00,2
2022-05-10T00:00:00,1.8
2022-05-11T00:00:00,1.88
2022-05-12T00:00:00,1.95
2022-05-13T00:00:00,1.96
2022-05-14T00:00:00,1.78
2022-05-15T00:00:00,1.62
2022-05-16T00:00:00,1.65
2022-05-17T00:00:00,1.72
2022-05-18T00:00:00,1.85
2022-05-19T00:00:00,2.08
2022-05-20T00:00:00,1.95
2022-05-21T00:00:00,1.69
2022-05-22T00:00:00,1.57
2022-05-23T00:00:00,1.51
2022-05-24T00:00:00,1.44
2022-05-25T00:00:00,1.44
2022-05-26T00:00:00,1.6
2022-05-27T00:00:00,1.85
2022-05-28T00:00:00,1.72
2022-05-29T00:00:00,1.62
2022-05-30T00:00:00,1.6
2022-05-31T00:00:00,1.6
2022-05-31T12:00:00,1.65
2022-06-01T00:00:00,1.68
2022-06-01T12:00:00,1.75
2022-06-02T00:00:00,1.74
2022-06-03T00:00:00,1.52
2022-06-04T00:00:00,1.45
2022-06-05T00:00:00,1.3
2022-06-06T00:00:00,1.27
2022-06-07T00:00:00,1.35
2022-06-08T00:00:00,1.45
2022-06-09T00:00:00,1.58
2022-06-10T00:00:00,1.7
2022-06-11T00:00:00,2
2022-06-12T00:00:00,2.14
2022-06-13T00:00:00,2.13
2022-06-14T00:00:00,2.13
2022-06-15T00:00:00,2.14
2022-06-16T00:00:00,2.13
2022-06-17T00:00:00,2.17
2022-06-18T00:00:00,2.12
2022-06-19T00:00:00,2.14
2022-06-20T00:00:00,2.08
2022-06-21T00:00:00,2.1
2022-06-22T00:00:00,2.02
2022-06-23T00:00:00,2.2
2022-06-24T00:00:00,2.3
2022-06-25T00:00:00,2.18
2022-06-26T00:00:00,2.1
2022-06-27T00:00:00,2.06
2022-06-28T00:00:00,1.9
2022-06-28T12:00:00,1.8
2022-06-29T00:00:00,1.79
2022-06-29T12:00:00,1.82
2022-06-30T00:00:00,1.84
2022-06-30T12:00:00,1.78
2022-07-01T00:00:00,1.81
2022-07-02T00:00:00,1.97
2022-07-03T00:00:00,1.95
2022-07-04T00:00:00,1.85
2022-07-05T00:00:00,1.79
2022-07-06T00:00:00,1.74
2022-07-07T00:00:00,1.67
2022-07-08T00:00:00,1.54
2022-07-09T00:00:00,1.7
2022-07-10T00:00:00,1.65
2022-07-11T00:00:00,1.4
2022-07-12T00:00:00,1.44
2022-07-13T00:00:00,1.7
2022-07-14T00:00:00,1.49
2022-07-15T00:00:00,1.28
2022-07-16T00:00:00,1.24
2022-07-17T00:00:00,1
2022-07-18T00:00:00,1.16
2022-07-19T00:00:00,0.85
2022-07-20T00:00:00,0.72
2022-07-21T00:00:00,0.68
2022-07-22T00:00:00,0.59
2022-07-23T00:00:00,0.83
2022-07-24T00:00:00,1.1
2022-07-25T00:00:00,1.28
2022-07-26T00:00:00,1.05
2022-07-27T00:00:00,0.87
2022-07-28T00:00:00,0.75
2022-07-29T00:00:00,0.68
2022-07-30T00:00:00,0.78
2022-07-31T00:00:00,0.73
2022-08-01T00:00:00,0.7
2022-08-02T00:00:00,0.62
2022-08-03T00:00:00,0.6
2022-08-04T00:00:00,0.56
2022-08-05T00:00:00,0.66
2022-08-06T00:00:00,0.68
2022-08-07T00:00:00,0.68
2022-08-08T00:00:00,0.84
2022-08-09T00:00:00,1.03
2022-08-10T00:00:00,0.9
2022-08-11T00:00:00,0.82
2022-08-12T00:00:00,0.68
2022-08-13T00:00:00,0.6
2022-08-14T00:00:00,0.64
2022-08-15T00:00:00,0.7
2022-08-16T00:00:00,0.56
2022-08-17T00:00:00,0.68
2022-08-18T00:00:00,0.67
2022-08-19T00:00:00,0.8
2022-08-20T00:00:00,0.92
2022-08-21T00:00:00,0.75
2022-08-22T00:00:00,0.69
2022-08-23T00:00:00,0.78
2022-08-24T00:00:00,0.63
2022-08-25T00:00:00,0.53
2022-08-26T00:00:00,0.67
2022-08-27T00:00:00,1.1
2022-08-28T00:00:00,0.85
2022-08-29T00:00:00,1.03
2022-08-30T00:00:00,1.65
2022-08-31T00:00:00,1.4
2022-09-01T00:00:00,1.38
2022-09-02T00:00:00,1.4
2022-09-03T00:00:00,1.4
2022-09-04T00:00:00,1.65
2022-09-04T12:00:00,1.4
2022-09-05T00:00:00,1.4
2022-09-05T12:00:00,1.27
2022-09-06T00:00:00,1.25
2022-09-06T12:00:00,1.2
2022-09-07T00:00:00,1.22
2022-09-08T00:00:00,1.03
2022-09-09T00:00:00,1.25
2022-09-10T00:00:00,1.6
2022-09-11T00:00:00,1.62
2022-09-12T00:00:00,1.25
2022-09-13T00:00:00,1.05
2022-09-14T00:00:00,0.6
2022-09-15T00:00:00,0.7
2022-09-16T00:00:00,0.2
2022-09-17T00:00:00,-0.25
2022-09-18T00:00:00,0.04
2022-09-19T00:00:00,0.35
2022-09-20T00:00:00,0.5
2022-09-21T00:00:00,0.45
2022-09-22T00:00:00,0.55
2022-09-23T00:00:00,0.58
2022-09-24T00:00:00,0.55
2022-09-25T00:00:00,0.5
2022-09-26T00:00:00,0.53
2022-09-27T00:00:00,0.58
2022-09-28T00:00:00,0.5
2022-09-29T00:00:00,0.78
2022-09-30T00:00:00,0.87
2022-10-01T00:00:00,0.85
2022-10-02T00:00:00,0.63
2022-10-03T00:00:00,0.58
2022-10-04T00:00:00,0.72
2022-10-05T00:00:00,1.2
2022-10-06T00:00:00,1.4
2022-10-07T00:00:00,1.56
2022-10-08T00:00:00,0.96
2022-10-09T00:00:00,1.11
2022-10-10T00:00:00,1.15
2022-10-11T00:00:00,1.28
2022-10-12T00:00:00,1.4
2022-10-13T00:00:00,1.42
2022-10-14T00:00:00,1.51
2022-10-15T00:00:00,1.85
2022-10-16T00:00:00,1.97
2022-10-17T00:00:00,1.85
2022-10-18T00:00:00,1.95
2022-10-19T00:00:00,2.05
2022-10-20T00:00:00,2
2022-10-21T00:00:00,1.9
2022-10-22T00:00:00,1.96
2022-10-23T00:00:00,2.23
2022-10-24T00:00:00,2.43
2022-10-25T00:00:00,2.38
2022-10-26T00:00:00,2.38
2022-10-27T00:00:00,2.34
2022-10-28T00:00:00,2.28
2022-10-29T00:00:00,2.38
2022-10-30T00:00:00,2.45
2022-10-31T00:00:00,2.55
2022-11-01T00:00:00,2.74
2022-11-02T00:00:00,2.8
2022-11-03T00:00:00,2.75
2022-11-04T00:00:00,2.68
2022-11-05T00:00:00,2.68
2022-11-06T00:00:00,2.65
2022-11-07T00:00:00,2.78
2022-11-08T00:00:00,2.71
2022-11-09T00:00:00,2.72
2022-11-10T00:00:00,2.67
2022-11-11T00:00:00,2.7
2022-11-12T00:00:00,2.71
2022-11-13T00:00:00,2.73
2022-11-14T00:00:00,2.75
2022-11-15T00:00:00,2.75
2022-11-16T00:00:00,2.7
2022-11-17T00:00:00,2.78
2022-11-18T00:00:00,2.77
2022-11-19T00:00:00,2.81
2022-11-20T00:00:00,2.75
2022-11-21T00:00:00,2.75
2022-11-22T00:00:00,2.7
2022-11-23T00:00:00,2.8
2022-11-24T00:00:00,2.78
2022-11-25T00:00:00,2.65
2022-11-26T00:00:00,2.74
2022-11-27T00:00:00,2.84
2022-11-28T00:00:00,2.74
2022-11-29T00:00:00,2.71
2022-11-30T00:00:00,2.72
2022-12-01T00:00:00,2.6
2022-12-02T00:00:00,2.63
2022-12-03T00:00:00,2.62
2022-12-04T00:00:00,2.65
2022-12-05T00:00:00,2.59
2022-12-06T00:00:00,2.52
2022-12-07T00:00:00,2.53
2022-12-08T00:00:00,2.47
2022-12-09T00:00:00,2.44
2022-12-10T00:00:00,2.35
2022-12-11T00:00:00,2.5
2022-12-12T00:00:00,2.53
2022-12-13T00:00:00,2.42
2022-12-14T00:00:00,2.43
2022-12-15T00:00:00,2.33
2022-12-16T00:00:00,2.2
2022-12-17T00:00:00,2.38
2022-12-18T00:00:00,2.15
2022-12-19T00:00:00,2.05
2022-12-20T00:00:00,1.95
2022-12-21T00:00:00,1.82
2022-12-22T00:00:00,1.75
2022-12-23T00:00:00,1.7
2022-12-24T00:00:00,1.65
2022-12-25T00:00:00,1.58
2022-12-26T00:00:00,1.85
2022-12-27T00:00:00,1.87
2022-12-28T00:00:00,1.63
2022-12-29T00:00:00,1.52
2022-12-30T00:00:00,1.7
2022-12-31T00:00:00,1.54
2023-01-01T00:00:00,1.55
2023-01-02T00:00:00,1.66
2023-01-03T00:00:00,1.28
2023-01-04T00:00:00,1.23
2023-01-05T00:00:00,1.2
2023-01-06T00:00:00,1
2023-01-07T00:00:00,1
2023-01-08T00:00:00,0.8
2023-01-09T00:00:00,0.44
2023-01-10T00:00:00,0.38
2023-01-11T00:00:00,0.35
2023-01-12T00:00:00,0.19
2023-01-13T00:00:00,0.17
2023-01-14T00:00:00,0.25
2023-01-15T00:00:00,0.18
2023-01-16T00:00:00,0.03
2023-01-17T00:00:00,0.1
2023-01-18T00:00:00,0.07
2023-01-19T00:00:00,0.35
2023-01-20T00:00:00,0.32
2023-01-21T00:00:00,0.37
2023-01-22T00:00:00,0.3
2023-01-23T00:00:00,0.25
2023-01-24T00:00:00,0.6
2023-01-25T00:00:00,0.75
2023-01-26T00:00:00,0.65
2023-01-27T00:00:00,0.9
2023-01-28T00:00:00,0.87
2023-01-29T00:00:00,0.89
2023-01-30T00:00:00,1.45
2023-01-31T00:00:00,1.55
2023-02-01T00:00:00,1.58
2023-02-02T00:00:00,1.73
2023-02-03T00:00:00,1.8
2023-02-04T00:00:00,1.77
2023-02-05T00:00:00,1.84
2023-02-06T00:00:00,1.75
2023-02-07T00:00:00,1.65
2023-02-08T00:00:00,1.78
2023-02-09T00:00:00,1.7
2023-02-10T00:00:00,1.72
2023-02-11T00:00:00,1.65
2023-02-12T00:00:00,1.6
2023-02-13T00:00:00,1.56
2023-02-14T00:00:00,1.54
2023-02-15T00:00:00,1.6
2023-02-16T00:00:00,1.9
2023-02-17T00:00:00,1.73
2023-02-18T00:00:00,1.89
2023-02-19T00:00:00,1.8
2023-02-20T00:00:00,1.7
2023-02-21T00:00:00,1.66
2023-02-22T00:00:00,1.76
2023-02-23T00:00:00,1.85
2023-02-24T00:00:00,1.85
2023-02-25T00:00:00,1.95
2023-02-26T00:00:00,2.03
2023-02-27T00:00:00,2.1
2023-02-28T00:00:00,2.23
2023-03-01T00:00:00,2.25
2023-03-02T00:00:00,2.25
2023-03-03T00:00:00,2.2
2023-03-04T00:00:00,2.29
2023-03-05T00:00:00,2.28
2023-03-06T00:00:00,2.43
2023-03-07T00:00:00,2.45
2023-03-08T00:00:00,2.4
2023-03-09T00:00:00,2.46
2023-03-10T00:00:00,2.58
2023-03-11T00:00:00,2.62
2023-03-12T00:00:00,2.65
2023-03-13T00:00:00,2.64
2023-03-14T00:00:00,2.68
2023-03-15T00:00:00,2.7
2023-03-16T00:00:00,2.72
2023-03-17T00:00:00,2.75
2023-03-18T00:00:00,2.85
2023-03-19T00:00:00,2.9
2023-03-20T00:00:00,2.92
2023-03-21T00:00:00,2.95
2023-03-22T00:00:00,3.08
2023-03-23T00:00:00,3.09
2023-03-24T00:00:00,3.03
2023-03-25T00:00:00,3.07
2023-03-26T00:00:00,3.19
2023-03-27T00:00:00,3.15
2023-03-28T00:00:00,3.18
2023-03-29T00:00:00,3.2
2023-03-30T00:00:00,3.05
2023-03-31T00:00:00,3.24
2023-04-01T00:00:00,3.2
2023-04-02T00:00:00,3.3
2023-04-03T00:00:00,3.22
2023-04-04T00:00:00,3.2
2023-04-05T00:00:00,3.18
2023-04-06T00:00:00,3.23
2023-04-07T00:00:00,3.25
2023-04-08T00:00:00,3.22
2023-04-09T00:00:00,3.18
2023-04-10T00:00:00,3.25
2023-04-11T00:00:00,3.2
2023-04-12T00:00:00,3.28
2023-04-13T00:00:00,3.29
2023-04-14T00:00:00,3.35
2023-04-15T00:00:00,3.35
2023-04-16T00:00:00,3.28
2023-04-17T00:00:00,3.2
2023-04-18T00:00:00,3.16
2023-04-19T00:00:00,3.04
2023-04-20T00:00:00,2.98
2023-04-21T00:00:00,2.97
2023-04-22T00:00:00,2.96
2023-04-23T00:00:00,2.95
2023-04-24T00:00:00,2.96
2023-04-25T00:00:00,2.93
2023-04-26T00:00:00,2.85
2023-04-27T00:00:00,2.78
2023-04-28T00:00:00,2.8
2023-04-29T00:00:00,2.75
2023-04-30T00:00:00,2.8
2023-05-01T00:00:00,2.72
2023-05-02T00:00:00,2.75
2023-05-03T00:00:00,2.83
2023-05-04T00:00:00,2.84
2023-05-05T00:00:00,2.79
2023-05-06T00:00:00,2.83
2023-05-07T00:00:00,3
2023-05-08T00:00:00,2.89
2023-05-09T00:00:00,2.9
2023-05-10T00:00:00,2.97
2023-05-11T00:00:00,2.96
2023-05-12T00:00:00,3.04
2023-05-13T00:00:00,3
2023-05-14T00:00:00,3
2023-05-15T00:00:00,2.95
2023-05-16T00:00:00,3.02
2023-05-17T00:00:00,3
2023-05-18T00:00:00,2.93
2023-05-19T00:00:00,2.85
2023-05-20T00:00:00,2.89
2023-05-21T00:00:00,2.92
2023-05-22T00:00:00,3.03
2023-05-23T00:00:00,2.87
2023-05-24T00:00:00,2.77
2023-05-25T00:00:00,2.88
2023-05-26T00:00:00,2.93
2023-05-27T00:00:00,2.97
2023-05-28T00:00:00,2.9
2023-05-29T00:00:00,2.89
2023-05-30T00:00:00,2.77
2023-05-31T00:00:00,2.63
2023-06-01T00:00:00,2.5
2023-06-02T00:00:00,2.39
2023-06-03T00:00:00,2.38
2023-06-04T00:00:00,2.25
2023-06-05T00:00:00,2.22
2023-06-06T00:00:00,2.25
2023-06-07T00:00:00,2.11
2023-06-08T00:00:00,1.98
2023-06-09T00:00:00,2.07
2023-06-10T00:00:00,1.87
2023-06-11T00:00:00,1.9
2023-06-12T00:00:00,2
2023-06-13T00:00:00,1.86
2023-06-14T00:00:00,1.89
2023-06-15T00:00:00,1.72
2023-06-16T00:00:00,1.55
2023-06-17T00:00:00,1.48
2023-06-18T00:00:00,1.39
2023-06-19T00:00:00,1.37
2023-06-20T00:00:00,1.29
2023-06-21T00:00:00,1.42
2023-06-22T00:00:00,1.37
2023-06-23T00:00:00,1.33
2023-06-24T00:00:00,1.34
2023-06-25T00:00:00,1.44
2023-06-26T00:00:00,1.53
2023-06-27T00:00:00,1.53
2023-06-28T00:00:00,1.55
2023-06-29T00:00:00,1.61
2023-06-30T00:00:00,1.71
2023-07-01T00:00:00,1.65
2023-07-02T00:00:00,1.58
2023-07-03T00:00:00,1.61
2023-07-04T00:00:00,1.52
2023-07-05T00:00:00,1.54
2023-07-06T00:00:00,1.6
2023-07-07T00:00:00,1.83
2023-07-08T00:00:00,1.95
2023-07-09T00:00:00,2
2023-07-10T00:00:00,1.89
2023-07-11T00:00:00,1.71
2023-07-12T00:00:00,1.8
2023-07-13T00:00:00,1.91
2023-07-14T00:00:00,1.97
2023-07-15T00:00:00,1.98
2023-07-16T00:00:00,1.87
2023-07-17T00:00:00,1.65
2023-07-18T00:00:00,2
2023-07-19T00:00:00,1.48
2023-07-20T00:00:00,1.51
2023-07-21T00:00:00,1.48
2023-07-22T00:00:00,1.65
2023-07-23T00:00:00,1.67
2023-07-24T00:00:00,1.75
2023-07-25T00:00:00,2.05
2023-07-26T00:00:00,2.14
2023-07-27T00:00:00,2.09
2023-07-28T00:00:00,2.04
2023-07-29T00:00:00,2.09
2023-07-30T00:00:00,1.95
2023-07-31T00:00:00,1.74
2023-08-01T00:00:00,1.72
2023-08-02T00:00:00,1.78
2023-08-03T00:00:00,1.58
2023-08-04T00:00:00,1.67
2023-08-05T00:00:00,1.82
2023-08-06T00:00:00,1.7
2023-08-07T00:00:00,1.63
2023-08-08T00:00:00,1.65
2023-08-09T00:00:00,1.83
2023-08-10T00:00:00,1.53
2023-08-11T00:00:00,1.39
2023-08-12T00:00:00,1.3
2023-08-13T00:00:00,1.29
2023-08-14T00:00:00,1.54
2023-08-15T00:00:00,1.3
2023-08-16T00:00:00,1.24
2023-08-17T00:00:00,1.25
2023-08-18T00:00:00,1.73
2023-08-19T00:00:00,1.62
2023-08-20T00:00:00,1.5
2023-08-21T00:00:00,1.36
2023-08-22T00:00:00,1.41
2023-08-23T00:00:00,1.45
2023-08-24T00:00:00,1.42
2023-08-25T00:00:00,1.52
2023-08-26T00:00:00,1.55
2023-08-27T00:00:00,1.52
2023-08-28T00:00:00,1.6
2023-08-28T12:00:00,1.53
2023-08-29T00:00:00,1.51
2023-08-29T12:00:00,1.44
2023-08-30T00:00:00,1.44
2023-08-31T00:00:00,1.5
2023-09-01T00:00:00,1.52
2023-09-02T00:00:00,1.69
2023-09-03T00:00:00,1.69
2023-09-04T00:00:00,2.16
2023-09-05T00:00:00,2.07
2023-09-06T00:00:00,2.2
2023-09-07T00:00:00,2.13
2023-09-08T00:00:00,2
2023-09-09T00:00:00,1.85
2023-09-10T00:00:00,1.86
2023-09-11T00:00:00,1.97
2023-09-12T00:00:00,1.95
2023-09-13T00:00:00,2.09
2023-09-14T00:00:00,2.24
2023-09-15T00:00:00,2.25
2023-09-16T00:00:00,2.18
2023-09-17T00:00:00,2.11
2023-09-18T00:00:00,2.28
2023-09-19T00:00:00,2.48
2023-09-20T00:00:00,2.51
2023-09-21T00:00:00,2.49
2023-09-22T00:00:00,2.42
2023-09-23T00:00:00,2.42
2023-09-24T00:00:00,2.53
2023-09-25T00:00:00,2.44
2023-09-26T00:00:00,2.52
2023-09-27T00:00:00,2.52
2023-09-28T00:00:00,2.42
2023-09-29T00:00:00,2.33
2023-09-30T00:00:00,2.27
2023-10-01T00:00:00,2.37
2023-10-02T00:00:00,2.35
2023-10-03T00:00:00,2.38
2023-10-04T00:00:00,2.4
2023-10-05T00:00:00,2.28
2023-10-06T00:00:00,2.35
2023-10-07T00:00:00,2.27
2023-10-08T00:00:00,2.2
2023-10-09T00:00:00,2.21
2023-10-10T00:00:00,2.18
2023-10-11T00:00:00,2.12
2023-10-12T00:00:00,2.19
2023-10-13T00:00:00,2.45
2023-10-14T00:00:00,2.36
2023-10-15T00:00:00,2.26
2023-10-16T00:00:00,2.23
2023-10-17T00:00:00,2.2
2023-10-18T00:00:00,2.25
2023-10-19T00:00:00,2.45
2023-10-20T00:00:00,2.38
2023-10-21T00:00:00,2.39
2023-10-22T00:00:00,2.36
2023-10-23T00:00:00,2.4
2023-10-24T00:00:00,2.53
2023-10-25T00:00:00,2.61
2023-10-26T00:00:00,2.73
2023-10-27T00:00:00,2.67
2023-10-28T00:00:00,2.65
2023-10-28T12:00:00,2.7
2023-10-29T00:00:00,2.71
2023-10-29T12:00:00,2.7
2023-10-30T00:00:00,2.72
2023-10-31T00:00:00,2.92
2023-10-31T12:00:00,3.05
2023-11-01T00:00:00,3.06
2023-11-01T12:00:00,3.14
2023-11-02T00:00:00,3.15
2023-11-02T12:00:00,3.25
2023-11-03T00:00:00,3.32
2023-11-04T00:00:00,3.18
2023-11-05T00:00:00,3.19
2023-11-06T00:00:00,3.17
2023-11-07T00:00:00,3.13
2023-11-08T00:00:00,3.13
2023-11-08T12:00:00,3.11
2023-11-09T00:00:00,3.14
2023-11-09T12:00:00,3.2
2023-11-10T00:00:00,3.22
2023-11-11T00:00:00,3.29
2023-11-12T00:00:00,3.26
2023-11-13T00:00:00,3.25
2023-11-14T00:00:00,3.4
2023-11-14T12:00:00,3.43
2023-11-15T00:00:00,3.44
2023-11-15T12:00:00,3.47
2023-11-16T00:00:00,3.47
2023-11-16T12:00:00,3.47
2023-11-17T00:00:00,3.48
2023-11-18T00:00:00,3.54
2023-11-19T00:00:00,3.52
2023-11-20T00:00:00,3.56
2023-11-21T00:00:00,3.62
2023-11-22T00:00:00,3.63
2023-11-23T00:00:00,3.69
2023-11-24T00:00:00,3.73
2023-11-25T00:00:00,3.77
2023-11-26T00:00:00,3.84
2023-11-27T00:00:00,3.83
2023-11-28T00:00:00,3.86
2023-11-29T00:00:00,3.9
2023-11-30T00:00:00,3.9
2023-12-01T00:00:00,3.94
2023-12-02T00:00:00,4
2023-12-03T00:00:00,4.03
2023-12-04T00:00:00,4.03
2023-12-05T00:00:00,4.11
2023-12-06T00:00:00,4.16
2023-12-07T00:00:00,4.18
2023-12-08T00:00:00,4.19
2023-12-09T00:00:00,4.22
2023-12-10T00:00:00,4.24
2023-12-11T00:00:00,4.23
2023-12-12T00:00:00,4.23
2023-12-13T00:00:00,4.23
2023-12-14T00:00:00,4.24
2023-12-15T00:00:00,4.26
2023-12-16T00:00:00,4.37
2023-12-17T00:00:00,4.39
2023-12-18T00:00:00,4.39
2023-12-19T00:00:00,4.38
2023-12-20T00:00:00,4.39
2023-12-20T00:00:00,4.39
2023-12-21T00:00:00,4.39
2023-12-22T00:00:00,4.39
2023-12-23T00:00:00,4.39
2023-12-24T00:00:00,4.39
2023-12-25T00:00:00,4.39
2023-12-26T00:00:00,4.39
2023-12-27T00:00:00,4.38
2023-12-28T00:00:00,4.39
2023-12-29T00:00:00,4.4
2023-12-30T00:00:00,4.4
2023-12-31T00:00:00,4.43
2024-01-01T00:00:00,4.43
2024-01-02T00:00:00,4.43
2024-01-03T00:00:00,4.42
2024-01-04T00:00:00,4.42
2024-01-04T06:00:00,4.42
2024-01-04T12:00:00,4.42
2024-01-04T18:00:00,4.42
2024-01-05T00:00:00,4.42
2024-01-05T06:00:00,4.42
2024-01-06T00:00:00,4.4
2024-01-07T00:00:00,4.34
2024-01-08T00:00:00,4.32
2024-01-09T00:00:00,4.31
2024-01-10T00:00:00,4.3
2024-01-11T00:00:00,4.27
2024-01-12T00:00:00,4.2
2024-01-13T00:00:00,4.25
2024-01-14T00:00:00,4.2
2024-01-15T00:00:00,4.14
2024-01-16T00:00:00,4.12
2024-01-17T00:00:00,4.18
2024-01-18T00:00:00,4.18
2024-01-19T00:00:00,4.15
2024-01-20T00:00:00,4.17
2024-01-21T00:00:00,4.24
2024-01-22T00:00:00,4.32
2024-01-23T00:00:00,4.33
2024-01-24T00:00:00,4.29
2024-01-25T00:00:00,4.26
2024-01-26T00:00:00,4.2
2024-01-27T00:00:00,4.1
2024-01-28T00:00:00,4
2024-01-28T06:00:00,4
2024-01-28T12:00:00,4
2024-01-28T18:00:00,4
2024-01-29T00:00:00,4
2024-01-29T06:00:00,4
2024-01-30T00:00:00,4
2024-01-31T00:00:00,3.9
2024-01-31T16:00:00,3.8
2024-02-01T00:00:00,3.77
2024-02-01T02:00:00,3.77
2024-02-01T16:00:00,3.73
2024-02-02T00:00:00,3.64
2024-02-02T02:00:00,3.64
2024-02-03T00:00:00,3.5
2024-02-04T00:00:00,3.27
2024-02-05T00:00:00,3.18
2024-02-06T00:00:00,3.17
2024-02-07T00:00:00,3.09
2024-02-08T00:00:00,3.05
2024-02-09T00:00:00,2.9
2024-02-10T00:00:00,2.89
2024-02-11T00:00:00,2.87
2024-02-12T00:00:00,2.69
2024-02-13T00:00:00,2.64
2024-02-14T00:00:00,2.67
2024-02-15T00:00:00,2.59
2024-02-16T00:00:00,2.58
2024-02-17T00:00:00,2.39
2024-02-18T00:00:00,2.17
2024-02-19T00:00:00,1.97
2024-02-20T00:00:00,1.8
2024-02-21T00:00:00,1.62
2024-02-22T00:00:00,1.55
2024-02-23T00:00:00,1.48
2024-02-24T00:00:00,1.36
2024-02-25T00:00:00,1.5
2024-02-26T00:00:00,1.64
2024-02-27T00:00:00,1.56
2024-02-28T00:00:00,1.37
2024-02-29T00:00:00,1.43
2024-03-01T00:00:00,1.29
2024-03-02T00:00:00,1.47
2024-03-03T00:00:00,1.41
2024-03-04T00:00:00,1.52
2024-03-05T00:00:00,1.6
2024-03-06T00:00:00,1.64
2024-03-07T00:00:00,1.5
2024-03-08T00:00:00,1.36
2024-03-09T00:00:00,1.31
2024-03-10T00:00:00,1.29
2024-03-11T00:00:00,1.38
2024-03-12T00:00:00,1.41
2024-03-13T00:00:00,1.4
2024-03-14T00:00:00,1.75
2024-03-15T00:00:00,2.05
2024-03-16T00:00:00,2.27
2024-03-17T00:00:00,2.27
2024-03-18T00:00:00,2.26
2024-03-19T00:00:00,2.11
2024-03-20T00:00:00,2
2024-03-20T12:00:00,1.98
2024-03-21T00:00:00,1.95
2024-03-21T12:00:00,1.85
2024-03-22T00:00:00,1.98
2024-03-23T00:00:00,2.01
2024-03-23T12:00:00,2.05
2024-03-24T00:00:00,1.9
2024-03-24T12:00:00,1.82
2024-03-25T00:00:00,1.82
2024-03-25T12:00:00,1.55
2024-03-26T00:00:00,1.54
2024-03-26T12:00:00,1.61
2024-03-27T00:00:00,1.61
2024-03-28T00:00:00,1.45
2024-03-29T00:00:00,1.47
2024-03-30T00:00:00,1.48
2024-03-31T00:00:00,1.38
2024-04-01T00:00:00,1.65
2024-04-02T00:00:00,1.72
2024-04-03T00:00:00,1.59
2024-04-04T00:00:00,1.5
2024-04-05T00:00:00,1.45
2024-04-06T00:00:00,1.39
2024-04-07T00:00:00,1.32
2024-04-08T00:00:00,1.18
2024-04-09T00:00:00,1.07
2024-04-10T00:00:00,0.97
2024-04-10T16:00:00,1.15
2024-04-11T00:00:00,1.32
2024-04-11T02:00:00,1.32
2024-04-12T00:00:00,1.53
2024-04-13T00:00:00,1.6
2024-04-14T00:00:00,1.65
2024-04-15T00:00:00,1.52
2024-04-16T00:00:00,1.56
2024-04-17T00:00:00,1.62
2024-04-18T00:00:00,1.58
2024-04-19T00:00:00,1.75
2024-04-20T00:00:00,1.74
2024-04-21T00:00:00,1.63
2024-04-22T00:00:00,1.61
2024-04-23T00:00:00,1.9
2024-04-24T00:00:00,1.78
2024-04-25T00:00:00,1.75
2024-04-26T00:00:00,1.87
2024-04-27T00:00:00,1.83
2024-04-28T00:00:00,1.92
2024-04-29T00:00:00,2.01
2024-04-30T00:00:00,2.04
2024-05-01T00:00:00,2.06
2024-05-02T00:00:00,2.12
2024-05-03T00:00:00,2.27
2024-05-04T00:00:00,2.36
2024-05-05T00:00:00,2.35
2024-05-06T00:00:00,2.32
2024-05-07T00:00:00,2.34
2024-05-08T00:00:00,2.44
2024-05-09T00:00:00,2.43
2024-05-10T00:00:00,2.6
2024-05-11T00:00:00,2.61
2024-05-12T00:00:00,2.67
2024-05-13T00:00:00,2.73
2024-05-14T00:00:00,2.75
2024-05-15T00:00:00,2.9
2024-05-16T00:00:00,2.76
2024-05-17T00:00:00,2.82
2024-05-18T00:00:00,2.9
2024-05-19T00:00:00,2.81
2024-05-20T00:00:00,2.85
2024-05-21T00:00:00,2.8
2024-05-22T00:00:00,2.7
2024-05-23T00:00:00,2.65
2024-05-24T00:00:00,2.62
2024-05-25T00:00:00,2.66
2024-05-26T00:00:00,2.69
2024-05-27T00:00:00,2.56
2024-05-28T00:00:00,2.46
2024-05-29T00:00:00,2.38
2024-05-30T00:00:00,2.3
2024-05-31T00:00:00,2.21
2024-06-01T00:00:00,2.21
2024-06-02T00:00:00,2.08
2024-06-03T00:00:00,2.04
2024-06-04T00:00:00,2.07
2024-06-05T00:00:00,2.07
2024-06-06T00:00:00,1.9
2024-06-07T00:00:00,1.8
2024-06-08T00:00:00,1.77
2024-06-09T00:00:00,1.73
2024-06-10T00:00:00,1.59
2024-06-11T00:00:00,1.56
2024-06-12T00:00:00,1.51
2024-06-13T00:00:00,1.4
2024-06-14T00:00:00,1.35
2024-06-15T00:00:00,1.29
2024-06-16T00:00:00,1.26
2024-06-17T00:00:00,1.22
2024-06-18T00:00:00,1.17
2024-06-19T00:00:00,1.03
2024-06-20T00:00:00,0.95
2024-06-21T00:00:00,1.07
2024-06-22T00:00:00,1.18
2024-06-23T00:00:00,0.96
2024-06-24T00:00:00,1.06
2024-06-25T00:00:00,1.08
2024-06-26T00:00:00,1.23
2024-06-27T00:00:00,1.07
2024-06-28T00:00:00,0.92
2024-07-13T00:00:00,0.82
2024-07-14T00:00:00,0.7
2024-07-15T00:00:00,0.61
2024-07-16T00:00:00,0.58
2024-07-17T00:00:00,0.49
2024-07-18T00:00:00,0.45
2024-07-19T00:00:00,0.57
2024-07-20T00:00:00,0.67
2024-07-21T00:00:00,0.76
2024-07-22T00:00:00,0.74
2024-07-23T00:00:00,1.02
2024-07-24T00:00:00,1.13
2024-07-25T00:00:00,1.22
2024-07-26T00:00:00,1.21
2024-07-27T00:00:00,1.2
2024-07-28T00:00:00,1.18
2024-07-29T00:00:00,1.13
2024-07-30T00:00:00,1.18
2024-07-31T00:00:00,1.14
2024-08-01T00:00:00,0.95
2024-08-02T00:00:00,0.94
2024-08-03T00:00:00,0.84
2024-08-04T00:00:00,0.72
2024-08-05T00:00:00,0.67
2024-08-06T00:00:00,0.74
2024-08-07T00:00:00,0.55
2024-08-08T00:00:00,0.45
2024-08-09T00:00:00,0.43
2024-08-10T00:00:00,0.73
2024-08-11T00:00:00,0.6
2024-08-12T00:00:00,0.43
2024-08-13T00:00:00,0.67
2024-08-14T00:00:00,0.67
2024-08-15T00:00:00,0.52
2024-08-16T00:00:00,0.53
2024-08-17T00:00:00,0.67
2024-08-18T00:00:00,0.76
2024-08-19T00:00:00,0.61
2024-08-20T00:00:00,0.68
2024-08-21T00:00:00,1.12
2024-08-22T00:00:00,1
2024-08-23T00:00:00,0.72
2024-08-24T00:00:00,0.73
2024-08-25T00:00:00,0.62
2024-08-26T00:00:00,0.57
2024-08-27T00:00:00,0.44
2024-08-28T00:00:00,0.3
2024-08-29T00:00:00,0.3
2024-08-30T00:00:00,0.4
2024-08-31T00:00:00,0.64
2024-09-01T00:00:00,0.98
2024-09-02T00:00:00,1.05
2024-09-03T00:00:00,0.83
2024-09-04T00:00:00,0.52
2024-09-05T00:00:00,0.54
2024-09-06T00:00:00,0.55
2024-09-07T00:00:00,0.43
2024-09-08T00:00:00,0.4
2024-09-09T00:00:00,0.42
2024-09-10T00:00:00,0.4
2024-09-11T00:00:00,0.32
2024-09-12T00:00:00,0.36
2024-09-13T00:00:00,0.45
2024-09-14T00:00:00,0.38
2024-09-15T00:00:00,0.4
2024-09-16T00:00:00,0.45
2024-09-17T00:00:00,0.2
2024-09-18T00:00:00,0.17
2024-09-19T00:00:00,0.1
2024-09-20T00:00:00,0.22
2024-09-21T00:00:00,0.18
2024-09-22T00:00:00,0.34
2024-09-23T00:00:00,0.18
2024-09-24T00:00:00,0.35
2024-09-25T00:00:00,0.55
2024-09-26T00:00:00,0.57
2024-09-27T00:00:00,0.7
2024-09-28T00:00:00,0.59
2024-09-29T00:00:00,0.36
2024-09-30T00:00:00,0.31
2024-10-01T00:00:00,0.23
2024-10-02T00:00:00,0.45
2024-10-03T00:00:00,0.45
2024-10-04T00:00:00,0.56
2024-10-05T00:00:00,0.46
2024-10-06T00:00:00,0.35
2024-10-07T00:00:00,0.62
2024-10-08T00:00:00,0.63
2024-10-09T00:00:00,0.6
2024-10-10T00:00:00,0.89
2024-10-11T00:00:00,0.71
2024-10-12T00:00:00,0.6
2024-10-13T00:00:00,0.72
2024-10-14T00:00:00,0.59
2024-10-15T00:00:00,0.55
2024-10-16T00:00:00,0.48
2024-10-17T00:00:00,0.54
2024-10-18T00:00:00,0.6
2024-10-19T00:00:00,0.61
2024-10-20T00:00:00,0.64
2024-10-20T16:00:00,0.64
2024-10-21T00:00:00,0.56
2024-10-21T02:00:00,0.56
2024-10-21T16:00:00,0.5
2024-10-22T00:00:00,0.42
2024-10-22T02:00:00,0.42
2024-10-23T00:00:00,0.56
2024-10-23T16:00:00,0.75
2024-10-24T00:00:00,0.85
2024-10-24T02:00:00,0.85
2024-10-25T00:00:00,0.68
2024-10-26T00:00:00,0.84
2024-10-27T00:00:00,0.84
2024-10-28T00:00:00,0.72
2024-10-29T00:00:00,0.57
2024-10-30T00:00:00,0.56
2024-10-31T00:00:00,0.54
2024-11-01T00:00:00,0.55
2024-11-02T00:00:00,0.47
2024-11-03T00:00:00,0.39
2024-11-04T00:00:00,0.69
2024-11-05T00:00:00,0.58
2024-11-06T00:00:00,0.38
2024-11-06T12:00:00,0.45
2024-11-07T00:00:00,0.4
2024-11-07T12:00:00,0.45
2024-11-08T00:00:00,0.6
2024-11-09T00:00:00,0.84
2024-11-10T00:00:00,0.52
2024-11-11T00:00:00,0.31
2024-11-12T00:00:00,0.25
2024-11-13T00:00:00,0.35
2024-11-14T00:00:00,0.31
2024-11-15T00:00:00,0.34
2024-11-16T00:00:00,0.34
2024-11-17T00:00:00,0.26
2024-11-18T00:00:00,0.8
2024-11-19T00:00:00,1
2024-11-20T00:00:00,0.83
2024-11-21T00:00:00,0.76
2024-11-22T00:00:00,0.65
2024-11-23T00:00:00,0.56
2024-11-24T00:00:00,0.57
2024-11-25T00:00:00,0.42
2024-11-26T00:00:00,0.44
2024-11-27T00:00:00,0.82
2024-11-28T00:00:00,0.8
2024-11-29T00:00:00,0.97
2024-11-30T00:00:00,0.95
2024-12-01T00:00:00,0.91
2024-12-02T00:00:00,0.98
2024-12-03T00:00:00,1.06
2024-12-04T00:00:00,1.3
2024-12-05T00:00:00,1.23
2024-12-06T00:00:00,1.07
2024-12-07T00:00:00,1.33
2024-12-08T00:00:00,1.49
2024-12-09T00:00:00,1.48
2024-12-10T00:00:00,1.37
2024-12-11T00:00:00,1.31
2024-12-12T00:00:00,1.31
2024-12-13T00:00:00,1.34
2024-12-14T00:00:00,1.39
2024-12-15T00:00:00,1.52
2024-12-16T00:00:00,1.8
2024-12-17T00:00:00,1.91
2024-12-18T00:00:00,1.94
2024-12-18T12:00:00,1.98
2024-12-19T00:00:00,1.95
2024-12-19T12:00:00,1.89
2024-12-20T00:00:00,1.88
2024-12-21T00:00:00,1.95
2024-12-21T12:00:00,2.1
2024-12-22T00:00:00,2.16
2024-12-22T12:00:00,2.25
2024-12-23T00:00:00,2.23
2024-12-24T00:00:00,2.11
2024-12-25T00:00:00,2.04
2024-12-26T00:00:00,2.17
2024-12-27T00:00:00,2.24
2024-12-28T00:00:00,2.2
2024-12-29T00:00:00,2.15
2024-12-30T00:00:00,2.19
2024-12-31T00:00:00,2.23
2024-12-31T12:00:00,2.07
2025-01-01T00:00:00,2.02
2025-01-01T12:00:00,1.96
2025-01-02T00:00:00,1.96
2025-01-03T00:00:00,1.84
2025-01-04T00:00:00,1.92
2025-01-05T00:00:00,1.96
2025-01-06T00:00:00,1.89
2025-01-07T00:00:00,1.79
2025-01-08T00:00:00,1.68
2025-01-09T00:00:00,1.6
2025-01-10T00:00:00,1.46
2025-01-11T00:00:00,1.35
2025-01-12T00:00:00,1.33
2025-01-13T00:00:00,1.18
2025-01-14T00:00:00,0.99
2025-01-15T00:00:00,0.87
2025-01-16T00:00:00,0.8
2025-01-17T00:00:00,0.76
2025-01-18T00:00:00,0.85
2025-01-19T00:00:00,1.06
2025-01-20T00:00:00,1.07
2025-01-21T00:00:00,1.15
2025-01-22T00:00:00,1.04
2025-01-23T00:00:00,0.89
2025-01-24T00:00:00,0.94
2025-01-24T12:00:00,0.88
2025-01-25T00:00:00,0.85
2025-01-25T12:00:00,0.79
2025-01-26T00:00:00,0.95
2025-01-27T00:00:00,0.94
2025-01-28T00:00:00,0.81
2025-01-29T00:00:00,0.79
2025-01-30T00:00:00,0.99
2025-01-31T00:00:00,1.05
2025-02-01T00:00:00,1.08
2025-02-02T00:00:00,1.02
2025-02-03T00:00:00,1.14
2025-02-04T00:00:00,1.08
2025-02-05T00:00:00,1.11
2025-02-06T00:00:00,1.47
2025-02-07T00:00:00,1.41
2025-02-08T00:00:00,1.31
2025-02-09T00:00:00,1.18
2025-02-10T00:00:00,1.09
2025-02-11T00:00:00,1.33
2025-02-12T00:00:00,1.23
2025-02-13T00:00:00,1.39
2025-02-14T00:00:00,1.36
2025-02-15T00:00:00,1.3
2025-02-16T00:00:00,1.21
2025-02-17T00:00:00,1.1
2025-02-18T00:00:00,1.08
2025-02-19T00:00:00,1.35
2025-02-20T00:00:00,1.3
2025-02-21T00:00:00,1.1
2025-02-22T00:00:00,1.01
2025-02-23T00:00:00,1
2025-02-24T00:00:00,0.94
2025-02-25T00:00:00,0.97
2025-02-26T00:00:00,0.95
2025-02-27T00:00:00,1.1
2025-02-28T00:00:00,1.41
2025-03-01T00:00:00,1.18
2025-03-02T00:00:00,1.11
2025-03-03T00:00:00,1.17
2025-03-04T00:00:00,1.23
2025-03-05T00:00:00,1.18
2025-03-06T00:00:00,1.18
2025-03-07T00:00:00,1.19
2025-03-08T00:00:00,1.14
2025-03-09T00:00:00,1.15
2025-03-10T00:00:00,1.44
2025-03-11T00:00:00,1.28
2025-03-12T00:00:00,0.98
2025-03-13T00:00:00,1.32
2025-03-14T00:00:00,1.21
2025-03-15T00:00:00,1.09
2025-03-16T00:00:00,1.03
2025-03-17T00:00:00,0.89
2025-03-18T00:00:00,0.81
2025-03-19T00:00:00,0.66
2025-03-20T00:00:00,0.67
2025-03-21T00:00:00,0.49
2025-03-22T00:00:00,0.4
2025-03-23T00:00:00,0.42
2025-03-24T00:00:00,0.62
2025-03-25T00:00:00,0.65
2025-03-26T00:00:00,0.71
2025-03-27T00:00:00,0.76
2025-03-28T00:00:00,0.63
2025-03-29T00:00:00,0.64
2025-03-30T00:00:00,0.76
2025-03-31T00:00:00,0.7
2025-04-01T00:00:00,0.61
2025-04-02T00:00:00,1.01
2025-04-03T00:00:00,0.81
2025-04-04T00:00:00,0.68
2025-04-05T00:00:00,0.94
2025-04-06T00:00:00,1.08
2025-04-07T00:00:00,0.87
2025-04-08T00:00:00,0.92
2025-04-09T00:00:00,0.98
2025-04-10T00:00:00,1.06
2025-04-11T00:00:00,0.99
2025-04-12T00:00:00,0.86
2025-04-13T00:00:00,0.76
2025-04-14T00:00:00,0.75
2025-04-15T00:00:00,0.92
2025-04-16T00:00:00,0.81
2025-04-17T00:00:00,0.72
2025-04-18T00:00:00,0.66
2025-04-19T00:00:00,0.56
2025-04-20T00:00:00,0.76
2025-04-21T00:00:00,0.73
2025-04-22T00:00:00,0.55
2025-04-23T00:00:00,0.41
2025-04-24T00:00:00,0.51
2025-04-25T00:00:00,0.44
2025-04-26T00:00:00,0.54
2025-04-27T00:00:00,0.36
2025-04-28T00:00:00,0.48
2025-04-28T12:00:00,0.5
2025-04-29T00:00:00,0.53
2025-04-29T12:00:00,0.5
2025-04-30T00:00:00,0.48
2025-05-01T00:00:00,0.4
2025-05-02T00:00:00,0.42
2025-05-03T00:00:00,0.43
2025-05-04T00:00:00,0.54
2025-05-05T00:00:00,0.53
2025-05-06T00:00:00,0.7
2025-05-07T00:00:00,0.8
2025-05-08T00:00:00,0.73
2025-05-09T00:00:00,0.88
2025-05-10T00:00:00,0.85
2025-05-11T00:00:00,0.78
2025-05-12T00:00:00,0.85
2025-05-13T00:00:00,0.78
2025-05-14T00:00:00,0.65
2025-05-15T00:00:00,0.72
2025-05-16T00:00:00,0.94
2025-05-17T00:00:00,1.01
2025-05-18T00:00:00,1.25
2025-05-19T00:00:00,1.47
2025-05-20T00:00:00,1.67
2025-05-21T00:00:00,1.6
2025-05-22T00:00:00,1.66
2025-05-23T00:00:00,1.54
2025-05-24T00:00:00,1.4
2025-05-25T00:00:00,1.23
2025-05-26T00:00:00,1.15
2025-05-27T00:00:00,1.15
2025-05-28T00:00:00,1.07
2025-05-29T00:00:00,1.45
2025-05-30T00:00:00,1.68
2025-05-31T00:00:00,1.51
2025-06-01T00:00:00,1.39
2025-06-02T00:00:00,1.43
2025-06-03T00:00:00,1.37
2025-06-04T00:00:00,1.4
2025-06-05T00:00:00,1.38
2025-06-06T00:00:00,1.57
2025-06-07T00:00:00,1.59
2025-06-08T00:00:00,1.6
2025-06-09T00:00:00,1.56
2025-06-10T00:00:00,1.64
2025-06-11T00:00:00,1.6
2025-06-12T00:00:00,1.55
2025-06-13T00:00:00,1.54
2025-06-14T00:00:00,1.42
2025-06-15T00:00:00,1.49
2025-06-16T00:00:00,1.53
2025-06-17T00:00:00,1.47
2025-06-18T00:00:00,1.49
2025-06-19T00:00:00,1.58
2025-06-20T00:00:00,1.59
2025-06-21T00:00:00,1.55
2025-06-22T00:00:00,1.52
2025-06-23T00:00:00,1.51
2025-06-24T00:00:00,1.44
2025-06-25T00:00:00,1.51
2025-06-25T12:00:00,1.58
2025-06-26T00:00:00,1.54
2025-06-26T12:00:00,1.57
2025-06-27T00:00:00,1.73
2025-06-28T00:00:00,1.8
2025-06-29T00:00:00,1.88
2025-06-30T00:00:00,1.97
2025-07-01T00:00:00,1.88
2025-07-02T00:00:00,1.83
2025-07-03T00:00:00,1.84
2025-07-04T00:00:00,1.8
2025-07-05T00:00:00,1.78
2025-07-06T00:00:00,1.87
2025-07-07T00:00:00,1.97
2025-07-08T00:00:00,1.95
2025-07-09T00:00:00,1.97
2025-07-10T00:00:00,1.98
2025-07-11T00:00:00,2.02
2025-07-12T00:00:00,1.98
2025-07-13T00:00:00,1.91
2025-07-14T00:00:00,1.9
2025-07-15T00:00:00,1.89
2025-07-16T00:00:00,1.83
2025-07-17T00:00:00,1.72
2025-07-18T00:00:00,1.91
2025-07-19T00:00:00,1.8
2025-07-20T00:00:00,1.75
2025-07-21T00:00:00,1.48
2025-07-22T00:00:00,1.41
2025-07-23T00:00:00,1.41
2025-07-24T00:00:00,1.49
2025-07-25T00:00:00,1.43
2025-07-26T00:00:00,1.28
2025-07-27T00:00:00,1.3
2025-07-28T00:00:00,1.71
2025-07-29T00:00:00,1.67
2025-07-30T00:00:00,1.43
2025-07-31T00:00:00,1.2
2025-08-01T00:00:00,1.11
2025-08-02T00:00:00,1.7
2025-08-03T00:00:00,1.04
2025-08-04T00:00:00,1
2025-08-05T00:00:00,1.1
2025-08-06T00:00:00,1.14
2025-08-07T00:00:00,1.03
2025-08-08T00:00:00,0.99
2025-08-09T00:00:00,1.17
2025-08-10T00:00:00,1.1
2025-08-11T00:00:00,1.1
2025-08-12T00:00:00,1
2025-08-13T00:00:00,0.96
2025-08-14T00:00:00,1.12
2025-08-15T00:00:00,1.32
2025-08-16T00:00:00,1.28
2025-08-17T00:00:00,1.24
2025-08-18T00:00:00,1.11
2025-08-19T00:00:00,1.03
2025-08-20T00:00:00,1.17
2025-08-21T00:00:00,1.34
2025-08-22T00:00:00,1.35
2025-08-23T00:00:00,1.39
2025-08-24T00:00:00,1.32
2025-08-25T00:00:00,1.21
2025-08-26T00:00:00,1.01
2025-08-27T00:00:00,1.11
2025-08-28T00:00:00,1.07
2025-08-29T00:00:00,1.02
2025-08-30T00:00:00,1
2025-08-31T00:00:00,0.97
2025-09-01T00:00:00,1.39
2025-09-02T00:00:00,1.46
2025-09-03T00:00:00,1.38
2025-09-04T00:00:00,1.37
2025-09-05T00:00:00,1.36
2025-09-06T00:00:00,1.41
2025-09-07T00:00:00,1.28
2025-09-07T12:00:00,1.17
2025-09-08T00:00:00,1.15
2025-09-08T12:00:00,1.07
2025-09-09T00:00:00,1.03
2025-09-10T00:00:00,1
2025-09-11T00:00:00,1
2025-09-12T00:00:00,0.97
2025-09-13T00:00:00,1.06
2025-09-14T00:00:00,1.02
2025-09-15T00:00:00,0.88
2025-09-16T00:00:00,0.99
2025-09-17T00:00:00,1
2025-09-18T00:00:00,0.96
2025-09-19T00:00:00,1.07
2025-09-20T00:00:00,1.05
2025-09-21T00:00:00,1.13
2025-09-22T00:00:00,1.07
2025-09-23T00:00:00,1.09
2025-09-24T00:00:00,1.13
2025-09-25T00:00:00,1.41
2025-09-26T00:00:00,1.33
2025-09-27T00:00:00,1.17
2025-09-28T00:00:00,0.89
2025-09-29T00:00:00,0.89
2025-09-30T00:00:00,0.96
2025-10-01T00:00:00,0.93
2025-10-02T00:00:00,1
2025-10-03T00:00:00,0.96
2025-10-04T00:00:00,0.98
2025-10-05T00:00:00,0.97
2025-10-06T00:00:00,1.15
2025-10-07T00:00:00,1.4
2025-10-08T00:00:00,1.24
2025-10-09T00:00:00,1.09
2025-10-10T00:00:00,1.08
2025-10-11T00:00:00,1.12
2025-10-12T00:00:00,1.1
2025-10-13T00:00:00,1.01
2025-10-14T00:00:00,1.02
2025-10-15T00:00:00,1.15
2025-10-16T00:00:00,1.11
2025-10-17T00:00:00,0.98
2025-10-18T00:00:00,1.02
2025-10-19T00:00:00,1.12
2025-10-20T00:00:00,1.1
2025-10-21T00:00:00,0.98
2025-10-22T00:00:00,0.96
2025-10-23T00:00:00,1.12
2025-10-24T00:00:00,1.36
2025-10-25T00:00:00,1.48
2025-10-26T00:00:00,1.83
2025-10-27T00:00:00,1.83
2025-10-28T00:00:00,1.95
2025-10-29T00:00:00,2.07
2025-10-30T00:00:00,1.98
2025-10-31T00:00:00,1.9
2025-11-01T00:00:00,1.79
2025-11-02T00:00:00,1.68
2025-11-03T00:00:00,1.71
2025-11-04T00:00:00,1.71
2025-11-05T00:00:00,1.79
2025-11-06T00:00:00,1.79
2025-11-07T00:00:00,1.89
2025-11-08T00:00:00,1.79
2025-11-09T00:00:00,1.8
2025-11-10T00:00:00,1.75
2025-11-11T00:00:00,1.74
2025-11-12T00:00:00,1.78
2025-11-13T00:00:00,1.73
2025-11-14T00:00:00,1.8
2025-11-15T00:00:00,1.77
2025-11-16T00:00:00,1.79
2025-11-17T00:00:00,1.8
2025-11-18T00:00:00,1.94
2025-11-19T00:00:00,1.94
2025-11-20T00:00:00,2.07
2025-11-21T00:00:00,2.07
2025-11-22T00:00:00,2.12
2025-11-23T00:00:00,2.07
2025-11-24T00:00:00,1.96
2025-11-25T00:00:00,1.82
2025-11-26T00:00:00,1.82
2025-11-27T00:00:00,1.79
2025-11-28T00:00:00,1.73
2025-11-29T00:00:00,1.78
2025-11-30T00:00:00,2
2025-12-01T00:00:00,1.99
2025-12-02T00:00:00,1.97
2025-12-03T00:00:00,1.83
2025-12-04T00:00:00,1.76
2025-12-05T00:00:00,1.72
2025-12-06T00:00:00,1.57
2025-12-07T00:00:00,1.77
2025-12-08T00:00:00,1.94
2025-12-09T00:00:00,1.95
2025-12-10T00:00:00,1.9
2025-12-11T00:00:00,1.83
2025-12-12T00:00:00,1.74
2025-12-13T00:00:00,1.69
2025-12-14T00:00:00,1.72
2025-12-15T00:00:00,1.76
2025-12-16T00:00:00,1.96
2025-12-17T00:00:00,1.8
2025-12-18T00:00:00,1.78
2025-12-19T00:00:00,1.63
2025-12-20T00:00:00,1.83
2025-12-21T00:00:00,1.78
2025-12-22T00:00:00,1.78
2025-12-23T00:00:00,1.85
2025-12-24T00:00:00,1.85
2025-12-25T00:00:00,1.86
2025-12-26T00:00:00,1.99
2025-12-27T00:00:00,1.96
2025-12-28T00:00:00,1.95
2025-12-29T00:00:00,2.03
2025-12-30T00:00:00,2.03
2025-12-31T00:00:00,2.02
2026-01-01T00:00:00,1.97
2026-01-02T00:00:00,2.08
2026-01-03T00:00:00,2.22
2026-01-04T00:00:00,2.3
2026-01-05T00:00:00,2.37
2026-01-06T00:00:00,2.3
2026-01-07T00:00:00,2.18
2026-01-08T00:00:00,2.33
2026-01-09T00:00:00,2.38
2026-01-10T00:00:00,2.28
2026-01-11T00:00:00,2.29
2026-01-12T00:00:00,2.24
2026-01-13T00:00:00,2.17
2026-01-14T00:00:00,2.09
2026-01-15T00:00:00,2.11
2026-01-16T00:00:00,2.03
2026-01-17T00:00:00,2.16
2026-01-18T00:00:00,2.06
2026-01-19T00:00:00,2.12
2026-01-20T00:00:00,2.3
2026-01-21T00:00:00,2.17
2026-01-22T00:00:00,2.05
2026-01-23T00:00:00,1.97
2026-01-24T00:00:00,1.99
2026-01-25T00:00:00,1.96
2026-01-26T00:00:00,1.9
2026-01-27T00:00:00,1.85
2026-01-28T00:00:00,1.84
2026-01-29T00:00:00,1.93
2026-01-30T00:00:00,1.87
2026-01-31T00:00:00,1.84
2026-02-01T00:00:00,1.72
2026-02-02T00:00:00,1.66
2026-02-03T00:00:00,1.6
2026-02-04T00:00:00,1.44
2026-02-05T00:00:00,1.47
2026-02-06T00:00:00,1.48
2026-02-07T00:00:00,1.53
2026-02-08T00:00:00,1.46
2026-02-09T00:00:00,1.42
2026-02-10T00:00:00,1.35
2026-02-11T00:00:00,1.07
2026-02-12T00:00:00,1.02
2026-02-13T00:00:00,1.21
2026-02-14T00:00:00,1.46
2026-02-15T00:00:00,1.45
2026-02-16T00:00:00,1.35
2026-02-16T12:00:00,1.12
2026-02-17T00:00:00,1.48
2026-02-17T12:00:00,1.22
2026-02-18T00:00:00,1.46
2026-02-19T00:00:00,1.18
2026-02-20T00:00:00,1.36
2026-02-21T00:00:00,1.59
2026-02-22T00:00:00,1.58
2026-02-23T00:00:00,1.55
2026-02-24T00:00:00,1.39
2026-02-25T00:00:00,1.2
2026-02-26T00:00:00,1.45
2026-02-27T00:00:00,1.46
2026-02-28T00:00:00,1.28
2026-03-01T00:00:00,1.01
2026-03-02T00:00:00,0.98
2026-03-03T00:00:00,0.93
2026-03-04T00:00:00,0.83
2026-03-05T00:00:00,0.91
2026-03-06T00:00:00,1.01
2026-03-07T00:00:00,1.3
2026-03-08T00:00:00,1.37
2026-03-09T00:00:00,1.27
2026-03-10T00:00:00,1.2
2026-03-11T00:00:00,0.98
2026-03-12T00:00:00,0.88
2026-03-13T00:00:00,0.89
2026-03-14T00:00:00,0.87
2026-03-15T00:00:00,0.82
2026-03-16T00:00:00,0.77
2026-03-17T00:00:00,0.65
2026-03-18T00:00:00,0.65
2026-03-19T00:00:00,0.87
2026-03-20T00:00:00,0.89
2026-03-21T00:00:00,0.96
2026-03-22T00:00:00,0.97
2026-03-23T00:00:00,0.95
2026-03-24T00:00:00,1
2026-03-25T00:00:00,1.02
2026-03-26T00:00:00,0.95
2026-03-27T00:00:00,1.05
2026-03-28T00:00:00,1.13
2026-03-29T00:00:00,1.11
2026-03-30T00:00:00,1.1
2026-03-31T00:00:00,1.06
2026-04-01T00:00:00,1
2026-04-02T00:00:00,0.92
2026-04-03T00:00:00,1.16
2026-04-04T00:00:00,1.15
2026-04-05T00:00:00,1.8
2026-04-06T00:00:00,1.79
2026-04-07T00:00:00,1.77
2026-04-08T00:00:00,1.71
2026-04-09T00:00:00,1.91
2026-04-10T00:00:00,1.84
2026-04-11T00:00:00,1.65
2026-04-12T00:00:00,1.46
2026-04-13T00:00:00,1.38
2026-04-14T00:00:00,1.35
2026-04-15T00:00:00,1.33
2026-04-16T00:00:00,1.24
2026-04-17T00:00:00,1.59
2026-04-18T00:00:00,1.75
2026-04-19T00:00:00,1.85
2026-04-20T00:00:00,1.82
2026-04-21T00:00:00,2
2026-04-22T00:00:00,2.07
2026-04-23T00:00:00,1.94
2026-04-24T00:00:00,1.88
2026-04-25T00:00:00,1.8
2026-04-26T00:00:00,1.83
2026-04-27T00:00:00,1.73
2026-04-28T00:00:00,1.6
2026-04-29T00:00:00,1.66
2026-04-30T00:00:00,1.55
2026-05-01T00:00:00,1.6
2026-05-02T00:00:00,1.73
2026-05-03T00:00:00,1.79
2026-05-04T00:00:00,1.82
2026-05-05T00:00:00,1.64
2026-05-06T00:00:00,1.59
2026-05-07T00:00:00,1.67
2026-05-08T00:00:00,1.6
2026-05-09T00:00:00,1.46
2026-05-10T00:00:00,1.63
2026-05-11T00:00:00,1.67
2026-05-12T00:00:00,1.67
2026-05-13T00:00:00,1.6
2026-05-14T00:00:00,1.8
2026-05-15T00:00:00,1.85
2026-05-16T00:00:00,1.79
2026-05-17T00:00:00,1.71
2026-05-18T00:00:00,1.85
2026-05-19T00:00:00,1.79
2026-05-20T00:00:00,1.69
2026-05-21T00:00:00,1.73
2026-05-22T00:00:00,1.83
2026-05-23T00:00:00,1.66
2026-05-24T00:00:00,1.57
2026-05-25T00:00:00,1.55
2026-05-26T00:00:00,1.47
2026-05-27T00:00:00,1.44
2026-05-28T00:00:00,1.49
2026-05-29T00:00:00,1.47
2026-05-30T00:00:00,1.51
2026-05-31T00:00:00,1.43
2026-06-01T00:00:00,1.42
2026-06-02T00:00:00,1.49
2026-06-03T00:00:00,1.48
2026-06-04T00:00:00,1.39
2026-06-05T00:00:00,1.4
2026-06-06T00:00:00,1.41
2026-06-06T12:00:00,1.4
2026-06-07T00:00:00,1.41
2026-06-07T12:00:00,1.39
2026-06-08T00:00:00,1.4
2026-06-09T00:00:00,1.39
2026-06-10T00:00:00,1.47
2026-06-11T00:00:00,1.37
2026-06-12T00:00:00,1.34
2026-06-13T00:00:00,1.37
2026-06-14T00:00:00,1.29
2026-06-15T00:00:00,1.6
2026-06-16T00:00:00,1.45
2026-06-17T00:00:00,1.25
2026-06-18T00:00:00,1.41
2026-06-19T00:00:00,1.52
2026-06-20T00:00:00,1.4
2026-06-21T00:00:00,1.51
2026-06-22T00:00:00,1.43
2026-06-23T00:00:00,1.39
2026-06-24T00:00:00,1.44
2026-06-25T00:00:00,1.48
2026-06-26T00:00:00,1.48
2026-06-27T00:00:00,1.52
2026-06-28T00:00:00,1.4
2026-06-29T00:00:00,1.47
2026-06-30T00:00:00,1.51
2026-06-30T12:00:00,1.5
2026-07-01T00:00:00,1.6
2026-07-01T12:00:00,1.55
2026-07-02T00:00:00,1.56
2026-07-03T00:00:00,1.93
2026-07-04T00:00:00,1.87
2026-07-05T00:00:00,1.78
2026-07-06T00:00:00,1.76
2026-07-07T00:00:00,1.74
2026-07-08T00:00:00,1.77
2026-07-09T00:00:00,1.8
2026-07-10T00:00:00,1.95
2026-07-11T00:00:00,1.99
2026-07-12T00:00:00,2.08
2026-07-13T00:00:00,2.14
2026-07-14T00:00:00,2.17
2026-07-15T00:00:00,2.12
2026-07-16T00:00:00,2.15
2026-07-17T00:00:00,2.17
2026-07-18T00:00:00,2.16
2026-07-19T00:00:00,2.28
2026-07-20T00:00:00,2.39
2026-07-21T00:00:00,2.45
2026-07-22T00:00:00,2.4
2026-07-23T00:00:00,2.38
2026-07-24T00:00:00,2.35
2026-07-25T00:00:00,2.24
2026-07-26T00:00:00,2.15
2026-07-27T00:00:00,2.11
2026-07-28T00:00:00,2.18
2026-07-29T00:00:00,2.13
2026-07-30T00:00:00,2.26
2026-07-31T00:00:00,2.27
2026-08-01T00:00:00,2.3
2026-08-02T00:00:00,2.3
2026-08-03T00:00:00,2.4
2026-08-04T00:00:00,2.37
2026-08-05T00:00:00,2.38
2026-08-06T00:00:00,2.39
2026-08-07T00:00:00,2.4
2026-08-08T00:00:00,2.5
2026-08-09T00:00:00,2.38
2026-08-10T00:00:00,2.37
2026-08-11T00:00:00,2.43
2026-08-12T00:00:00,2.5
2026-08-13T00:00:00,2.47
2026-08-14T00:00:00,2.47
2026-08-15T00:00:00,2.4
2026-08-16T00:00:00,2.37
2026-08-17T00:00:00,2.3
2026-08-18T00:00:00,2.32
2026-08-19T00:00:00,2.48
2026-08-20T00:00:00,2.45
2026-08-21T00:00:00,2.39
2026-08-22T00:00:00,2.49
2026-08-23T00:00:00,2.47
2026-08-24T00:00:00,2.45
2026-08-25T00:00:00,2.43
2026-08-26T00:00:00,2.36
2026-08-27T00:00:00,2.26
2026-08-28T00:00:00,2.21
2026-08-29T00:00:00,2.23
2026-08-30T00:00:00,2.21
2026-08-31T00:00:00,2.17
2026-09-01T00:00:00,2.14
2026-09-02T00:00:00,2.11
2026-09-03T00:00:00,2.07
2026-09-04T00:00:00,1.96
2026-09-05T00:00:00,1.95
2026-09-06T00:00:00,1.93
2026-09-07T00:00:00,2.06
2026-09-08T00:00:00,1.94
2026-09-09T00:00:00,1.84
2026-09-10T00:00:00,1.76
2026-09-11T00:00:00,1.76
2026-09-12T00:00:00,1.82
2026-09-13T00:00:00,2.01
2026-09-14T00:00:00,2.11
2026-09-15T00:00:00,2.02
2026-09-16T00:00:00,1.88
2026-09-17T00:00:00,2.09
2026-09-18T00:00:00,1.96
2026-09-19T00:00:00,1.87
2026-09-20T00:00:00,1.86
2026-09-21T00:00:00,1.87
2026-09-21T00:00:00,1.87
2026-09-22T00:00:00,1.79
2026-09-23T00:00:00,1.99
2026-09-24T00:00:00,2.1
2026-09-25T00:00:00,1.99
